source,target,mor
Ahr,Cyp1a1,1.0
Ahr,Cyp1a2,1.0
Ahr,Cyp1b1,1.0
Ahr,Fos,1.0
Ahr,Myc,1.0
Ahr,Ugt1a6a,1.0
Ahr,Ugt1a6b,1.0
Ahr,Ugt1a7c,1.0
Ahr,Asap1,1.0
Ahr,Erg,1.0
Ahr,Vgll4,1.0
Ar,1700025G04Rik,1.0
Ar,Abce1,1.0
Ar,Acad10,1.0
Ar,Acad12,1.0
Ar,Acpp,1.0
Ar,Ahsg,1.0
Ar,Akr1b3,1.0
Ar,Akt1,1.0
Ar,Anapc10,1.0
Ar,Ap2m1,1.0
Ar,Appbp2,1.0
Ar,Atf6,1.0
Ar,Atm,1.0
Ar,Atp2b4,1.0
Ar,Babam2,1.0
Ar,Banf1,1.0
Ar,Btd,1.0
Ar,Ccng2,1.0
Ar,Cd4,1.0
Ar,Cdc6,1.0
Ar,Cdh2,1.0
Ar,Cdkl5,1.0
Ar,Cdkn1a,1.0
Ar,Cited2,1.0
Ar,Coasy,1.0
Ar,Cpt2,1.0
Ar,Crisp4,1.0
Ar,Dbi,1.0
Ar,Ddc,1.0
Ar,Ddt,1.0
Ar,Dhx15,1.0
Ar,Eef1akmt3,1.0
Ar,Egfr,1.0
Ar,Eif3i,1.0
Ar,Elf3,1.0
Ar,Erbb3,1.0
Ar,Esrra,1.0
Ar,Etl4,-1.0
Ar,Eya2,1.0
Ar,Fam13a,1.0
Ar,Fam174b,1.0
Ar,Fkbp5,1.0
Ar,Foxa1,1.0
Ar,Fxyd3,1.0
Ar,Glrx,1.0
Ar,Gnl1,1.0
Ar,Grb10,1.0
Ar,Gtf2f1,1.0
Ar,H2-Bl,1.0
Ar,H2-Q5,1.0
Ar,Hes1,1.0
Ar,Hk2,1.0
Ar,Hnrnpa1,1.0
Ar,Hsd17b11,1.0
Ar,Ifi35,1.0
Ar,Igf1r,1.0
Ar,Igfbp3,1.0
Ar,Il1r1,1.0
Ar,Jun,1.0
Ar,Kcnh2,1.0
Ar,Klf5,1.0
Ar,Klk4,1.0
Ar,Krt18,1.0
Ar,Krt8,1.0
Ar,Lifr,1.0
Ar,Med1,1.0
Ar,Mmp13,1.0
Ar,Mrps27,1.0
Ar,Mt2,1.0
Ar,Muc1,-1.0
Ar,Myc,1.0
Ar,Ncoa2,-1.0
Ar,Ndrg1,1.0
Ar,Nkx3-1,1.0
Ar,Nme7,1.0
Ar,Npat,1.0
Ar,Npepps,1.0
Ar,Nup214,1.0
Ar,Orm1,1.0
Ar,Orm2,1.0
Ar,Orm3,1.0
Ar,Pex6,1.0
Ar,Pgc,1.0
Ar,Pigr,1.0
Ar,Pin1,1.0
Ar,Pin1rt1,1.0
Ar,Pmaip1,1.0
Ar,Pmepa1,1.0
Ar,Pnrc1,1.0
Ar,Ppp2r5d,1.0
Ar,Prkcd,1.0
Ar,Prps1,1.0
Ar,Prps1l3,1.0
Ar,Ptgs2,-1.0
Ar,Ptpn9,1.0
Ar,Ptprm,1.0
Ar,Qsox1,1.0
Ar,Rbmx,1.0
Ar,Rbmxl1,1.0
Ar,Rbpms,1.0
Ar,Rela,-1.0
Ar,Rnase4,1.0
Ar,Scap,1.0
Ar,Scnn1a,1.0
Ar,Sdf2,1.0
Ar,Serpinb5,-1.0
Ar,Serpini1,1.0
Ar,Slc25a11,1.0
Ar,Smarca2,1.0
Ar,Sms,1.0
Ar,Snai2,1.0
Ar,Sord,1.0
Ar,Sox4,1.0
Ar,Spdef,1.0
Ar,Stk39,1.0
Ar,Stxbp2,1.0
Ar,Suox,1.0
Ar,Susd6,1.0
Ar,Tesk1,1.0
Ar,Thra,1.0
Ar,Tmprss2,1.0
Ar,Tnfrsf1a,1.0
Ar,Trps1,1.0
Ar,Ubc,1.0
Ar,Ube2d3,1.0
Ar,Vapa,1.0
Ar,Vegfa,1.0
Ar,Xpa,1.0
Ar,Zbtb16,1.0
Ar,Zcchc9,1.0
Ar,Zfhx4,1.0
Arid2,Agtpbp1,1.0
Arid2,Atxn7,1.0
Arid2,Baz2a,1.0
Arid2,Bbx,1.0
Arid2,Cacul1,1.0
Arid2,Cdk17,1.0
Arid2,Chd2,1.0
Arid2,Chd9,1.0
Arid2,Cpsf6,1.0
Arid2,Foxj3,1.0
Arid2,Hnrnph1,1.0
Arid2,Hnrnpl,1.0
Arid2,Jmjd1c,1.0
Arid2,Lrp6,1.0
Arid2,Map4k5,1.0
Arid2,Mllt10,1.0
Arid2,Msi2,1.0
Arid2,Ncoa2,1.0
Arid2,Nfat5,1.0
Arid2,Pawr,1.0
Arid2,Rbpj,1.0
Arid2,Rcor3,1.0
Arid2,Siah1a,1.0
Arid2,Siah1b,1.0
Arid2,Sos1,1.0
Arid2,Tial1,1.0
Arid2,Tnpo1,1.0
Arid2,Usp3,1.0
Arid2,Wac,1.0
Arid2,Zcchc2,1.0
Arid2,Zfp131,1.0
Arid3a,Ighv1-11,1.0
Arid3a,Ighv1-12,1.0
Arid3a,Ighv1-15,1.0
Arid3a,Ighv1-16,1.0
Arid3a,Ighv1-18,1.0
Arid3a,Ighv1-19,1.0
Arid3a,Ighv1-20,1.0
Arid3a,Ighv1-22,1.0
Arid3a,Ighv1-23,1.0
Arid3a,Ighv1-24,1.0
Arid3a,Ighv1-26,1.0
Arid3a,Ighv1-31,1.0
Arid3a,Ighv1-34,1.0
Arid3a,Ighv1-36,1.0
Arid3a,Ighv1-37,1.0
Arid3a,Ighv1-39,1.0
Arid3a,Ighv1-4,1.0
Arid3a,Ighv1-42,1.0
Arid3a,Ighv1-43,1.0
Arid3a,Ighv1-47,1.0
Arid3a,Ighv1-49,1.0
Arid3a,Ighv1-5,1.0
Arid3a,Ighv1-50,1.0
Arid3a,Ighv1-52,1.0
Arid3a,Ighv1-53,1.0
Arid3a,Ighv1-54,1.0
Arid3a,Ighv1-55,1.0
Arid3a,Ighv1-56,1.0
Arid3a,Ighv1-58,1.0
Arid3a,Ighv1-59,1.0
Arid3a,Ighv1-61,1.0
Arid3a,Ighv1-62-1,1.0
Arid3a,Ighv1-62-2,1.0
Arid3a,Ighv1-62-3,1.0
Arid3a,Ighv1-63,1.0
Arid3a,Ighv1-64,1.0
Arid3a,Ighv1-66,1.0
Arid3a,Ighv1-67,1.0
Arid3a,Ighv1-69,1.0
Arid3a,Ighv1-7,1.0
Arid3a,Ighv1-71,1.0
Arid3a,Ighv1-72,1.0
Arid3a,Ighv1-74,1.0
Arid3a,Ighv1-75,1.0
Arid3a,Ighv1-76,1.0
Arid3a,Ighv1-77,1.0
Arid3a,Ighv1-78,1.0
Arid3a,Ighv1-80,1.0
Arid3a,Ighv1-81,1.0
Arid3a,Ighv1-82,1.0
Arid3a,Ighv1-84,1.0
Arid3a,Ighv1-85,1.0
Arid3a,Ighv1-9,1.0
Arid3a,Ighv14-1,1.0
Arid3a,Ighv14-2,1.0
Arid3a,Ighv14-3,1.0
Arid3a,Ighv14-4,1.0
Arid3a,Ighv15-2,1.0
Arnt,Bhlhe40,1.0
Arnt,Cyp1b1,1.0
Arnt,Epo,1.0
Arnt,Ldha,1.0
Arnt,Ugt1a6a,1.0
Arnt,Ugt1a6b,1.0
Arnt,Ugt1a7c,1.0
Arnt,Vegfa,1.0
Arnt,Angpt1,1.0
Arnt,Esr1,1.0
Arntl,Avp,1.0
Arntl,Bhlhe40,1.0
Arntl,Cry1,1.0
Arntl,Cry2,1.0
Arntl,Dbp,1.0
Arntl,Nr1d1,1.0
Arntl,Nr1d2,1.0
Arntl,Per1,1.0
Arntl,Per2,1.0
Arntl,Per3,1.0
Ascl1,Pcsk6,-1.0
Ascl1,Adcy5,1.0
Ascl1,Adgrg1,1.0
Ascl1,Agbl4,1.0
Ascl1,Ank1,1.0
Ascl1,Arhgef10l,1.0
Ascl1,Atp11a,1.0
Ascl1,Bahcc1,1.0
Ascl1,Ccdc57,1.0
Ascl1,Ccdc88b,1.0
Ascl1,Ccdc88c,1.0
Ascl1,Ccny,1.0
Ascl1,Chrnb4,1.0
Ascl1,Cplx2,1.0
Ascl1,Dlgap4,1.0
Ascl1,Fam129b,1.0
Ascl1,Fam13a,1.0
Ascl1,Farp1,1.0
Ascl1,Fhl2,1.0
Ascl1,Golm1,1.0
Ascl1,Hpcal1,1.0
Ascl1,Iqsec1,1.0
Ascl1,Kalrn,1.0
Ascl1,Lfng,1.0
Ascl1,Lgr6,1.0
Ascl1,Mprip,1.0
Ascl1,Myo7a,1.0
Ascl1,Ncor2,1.0
Ascl1,Nol4l,1.0
Ascl1,Pgs1,1.0
Ascl1,Pkp1,1.0
Ascl1,Pla2g6,1.0
Ascl1,Plxna2,1.0
Ascl1,Ppm1h,1.0
Ascl1,Ptprd,1.0
Ascl1,Ptprt,1.0
Ascl1,Rbfox3,1.0
Ascl1,Rnf165,1.0
Ascl1,Runx1,1.0
Ascl1,Smpd3,1.0
Ascl1,Spock1,1.0
Ascl1,St18,1.0
Ascl1,Tacc2,1.0
Ascl1,Tcf20,1.0
Ascl1,Tiam1,1.0
Ascl1,Tle5,1.0
Ascl1,Tmem132d,1.0
Ascl1,Tmem163,1.0
Ascl1,Tnr,1.0
Ascl1,Trio,1.0
Ascl1,Trp73,1.0
Ascl1,Vav2,1.0
Ascl1,Wscd1,1.0
Ascl1,Zdhhc14,1.0
Ascl1,Zfp957,1.0
Atf1,Bcl2,1.0
Atf1,Ccna1,-1.0
Atf1,Cftr,1.0
Atf1,Cga,1.0
Atf1,Ciita,1.0
Atf1,Erbb2,1.0
Atf1,Flt1,1.0
Atf1,Il10,1.0
Atf1,Ldha,1.0
Atf1,Map1lc3b,1.0
Atf1,Nts,1.0
Atf1,Pcsk1,1.0
Atf1,Plaur,1.0
Atf1,Slc20a1,1.0
Atf1,Tgfb2,1.0
Atf1,Th,1.0
Atf1,Top2a,1.0
Atf1,Ugt8a,1.0
Atf2,Apoc3,1.0
Atf2,Atf3,1.0
Atf2,Ccnd1,1.0
Atf2,Cdkn1a,1.0
Atf2,Dusp1,1.0
Atf2,Fn1,1.0
Atf2,Fos,1.0
Atf2,Ifnb1,1.0
Atf2,Ifng,1.0
Atf2,Impdh2,1.0
Atf2,Ins1,1.0
Atf2,Ins2,1.0
Atf2,Jun,1.0
Atf2,Mmp2,1.0
Atf2,Nos3,-1.0
Atf2,Nr4a2,1.0
Atf2,Pck1,1.0
Atf2,Pck2,1.0
Atf2,Plat,1.0
Atf2,Ptgs2,1.0
Atf2,Rb1,1.0
Atf2,Tgfb2,-1.0
Atf2,Tnf,1.0
Atf3,Asns,1.0
Atf3,Ccl5,-1.0
Atf3,Ddit3,1.0
Atf3,Gclc,-1.0
Atf3,Gdf15,1.0
Atf3,Id1,-1.0
Atf3,Ldlr,-1.0
Atf3,Sele,-1.0
Atf3,Stat3,-1.0
Atf3,Akap13,-1.0
Atf3,Anxa1,-1.0
Atf3,Bhlhe40,-1.0
Atf3,Coa7,-1.0
Atf3,Creb5,-1.0
Atf3,Elmsan1,-1.0
Atf3,Ets2,-1.0
Atf3,Fam49b,-1.0
Atf3,Glis3,-1.0
Atf3,Gna12,-1.0
Atf3,Hspb1,-1.0
Atf3,Kdm4c,-1.0
Atf3,Kdm6b,-1.0
Atf3,Klf6,-1.0
Atf3,Mapkap1,-1.0
Atf3,Mapre2,-1.0
Atf3,Med15,-1.0
Atf3,Myo18a,-1.0
Atf3,Nfia,-1.0
Atf3,Pcbp1,-1.0
Atf3,Pde4b,-1.0
Atf3,Per1,-1.0
Atf3,Prpf31,-1.0
Atf3,Ptp4a1,-1.0
Atf3,Rad9a,-1.0
Atf3,Rcan1,-1.0
Atf3,Runx1,-1.0
Atf3,Smox,-1.0
Atf3,Snd1,-1.0
Atf3,Spag9,-1.0
Atf3,Spred2,-1.0
Atf3,Srebf1,-1.0
Atf3,Sytl2,-1.0
Atf3,Tom1l2,-1.0
Atf3,Trib1,-1.0
Atf3,Tsc22d2,-1.0
Atf3,Ubc,-1.0
Atf3,Vgll4,-1.0
Atf3,Vmp1,-1.0
Atf3,Zbtb20,-1.0
Atf3,Zfp36l1,-1.0
Atf4,Asns,1.0
Atf4,Atf3,1.0
Atf4,Cebpb,1.0
Atf4,Chac1,1.0
Atf4,Ddit3,1.0
Atf4,Ddit4,1.0
Atf4,Ddr2,1.0
Atf4,Disc1,1.0
Atf4,Fgf21,1.0
Atf4,Hrk,1.0
Atf4,Mcl1,1.0
Atf4,Nupr1,1.0
Atf4,Ptgs2,1.0
Atf4,Trib3,1.0
Atf4,Vegfa,1.0
Atf6,Atp2a2,1.0
Atf6,Calr,1.0
Atf6,Ddit3,1.0
Atf6,Dnajc3,1.0
Atf6,Hsp90b1,1.0
Atf6,Hspa5,1.0
Atf6,Rtn3,1.0
Atf6,Sel1l,1.0
Atf6,Srf,1.0
Atf6,Xbp1,1.0
Atf7,Arid1a,1.0
Atf7,Arid1b,1.0
Atf7,Cmip,1.0
Atf7,Creb3l2,1.0
Atf7,Crebbp,1.0
Atf7,Depdc5,1.0
Atf7,Dst,1.0
Atf7,Eml2,1.0
Atf7,Exoc4,1.0
Atf7,Fam122c,1.0
Atf7,Igf1,1.0
Atf7,Kansl1,1.0
Atf7,Kdm4c,1.0
Atf7,Kpna6,1.0
Atf7,Mov10l1,1.0
Atf7,Msi2,1.0
Atf7,Nfia,1.0
Atf7,Phf21a,1.0
Atf7,Ptprs,1.0
Atf7,Snd1,1.0
Atf7,Tcf12,1.0
Atf7,Tead1,1.0
Atf7,Tnrc6b,1.0
Atf7,Trp53bp1,1.0
Atf7,Ube2h,1.0
Atf7,Xpo7,1.0
Atf7,Zfp36l1,1.0
Bach1,Hmox1,-1.0
Bach1,Aldoa,1.0
Bach1,Aldoart1,1.0
Bach1,Aldoart2,1.0
Bach1,Asap1,1.0
Bach1,Bicdl1,1.0
Bach1,Cdk6,1.0
Bach1,Clip4,1.0
Bach1,Dph6,1.0
Bach1,Gclc,1.0
Bach1,Ifrd1,1.0
Bach1,Kctd20,1.0
Bach1,Lbr,1.0
Bach1,Mafg,1.0
Bach1,Mapt,1.0
Bach1,Me1,1.0
Bach1,Msantd3,1.0
Bach1,Nqo2,1.0
Bach1,Phlda2,1.0
Bach1,Pik3cd,1.0
Bach1,Psap,1.0
Bach1,Slc48a1,1.0
Bach1,Slc7a11,1.0
Bach1,Slx4ip,1.0
Bach1,Smarca4,1.0
Bach1,Sqstm1,1.0
Bach1,Ssc4d,1.0
Bach1,Synj2,1.0
Bach1,Tnfaip2,1.0
Bach1,Trim56,1.0
Bach2,Il2,1.0
Bach2,Ripor2,1.0
Bach2,Ap1b1,1.0
Bach2,Arhgef3,1.0
Bach2,Coq8b,1.0
Bach2,Daam1,1.0
Bach2,Egln3,1.0
Bach2,Eps15l1,1.0
Bach2,Ercc1,1.0
Bach2,Ets1,1.0
Bach2,Foxo3,1.0
Bach2,Gstp1,1.0
Bach2,Gstp2,1.0
Bach2,Hivep2,1.0
Bach2,Ifrd1,1.0
Bach2,Itpkb,1.0
Bach2,Jmjd1c,1.0
Bach2,Kctd20,1.0
Bach2,Klhl21,1.0
Bach2,Lbr,1.0
Bach2,Lrrk2,1.0
Bach2,Mafg,1.0
Bach2,Mgat5,1.0
Bach2,Mybpc1,1.0
Bach2,Osbpl10,1.0
Bach2,Plxnd1,1.0
Bach2,Prdm10,1.0
Bach2,Prdm2,1.0
Bach2,Psap,1.0
Bach2,Purb,1.0
Bach2,Rasal3,1.0
Bach2,Rassf2,1.0
Bach2,Rgs3,1.0
Bach2,Rp1,1.0
Bach2,Sema4d,1.0
Bach2,Siah2,1.0
Bach2,Slc16a6,1.0
Bach2,Slc6a6,1.0
Bach2,Slc7a7,1.0
Bach2,Snx25,1.0
Bach2,Sqstm1,1.0
Bach2,Swap70,1.0
Bach2,Tbk1,1.0
Bach2,Tcf4,1.0
Bach2,Tex19.1,1.0
Bach2,Tex19.2,1.0
Bach2,Tnfsf9,1.0
Bach2,Tuba4a,1.0
Bach2,Txlnb,1.0
Bach2,Zhx2,1.0
Batf,Tnfrsf8,1.0
Batf,Apbb1ip,1.0
Batf,Arhgap25,1.0
Batf,Cacnb4,1.0
Batf,Ccr7,1.0
Batf,Ctsc,1.0
Batf,Dennd1a,1.0
Batf,Dmd,1.0
Batf,Dock2,1.0
Batf,Elf1,1.0
Batf,Fam49b,1.0
Batf,Fggy,1.0
Batf,Gsap,1.0
Batf,Ier5,1.0
Batf,Ikzf1,1.0
Batf,Ikzf3,1.0
Batf,Il1r1,1.0
Batf,Il1r2,1.0
Batf,Kcnma1,1.0
Batf,Lamc1,1.0
Batf,Laptm5,1.0
Batf,Map3k5,1.0
Batf,Nabp1,1.0
Batf,Ncoa1,1.0
Batf,Nek6,1.0
Batf,Nfkb1,1.0
Batf,Nrcam,1.0
Batf,Pik3ap1,1.0
Batf,Pik3r5,1.0
Batf,Prkcb,1.0
Batf,Prkch,1.0
Batf,Ptpn2,1.0
Batf,Rabgap1l,1.0
Batf,Rapgef1,1.0
Batf,Rbm47,1.0
Batf,Rhoh,1.0
Batf,Rin3,1.0
Batf,Ripor2,1.0
Batf,Runx1,1.0
Batf,Samsn1,1.0
Batf,Slamf1,1.0
Batf,St3gal1,1.0
Batf,St6gal1,1.0
Batf,St7,1.0
Batf,Stk10,1.0
Batf,Tbxas1,1.0
Batf,Trim2,1.0
Batf,Vopp1,1.0
Bcl11a,Ampd3,1.0
Bcl11a,Cacna1e,1.0
Bcl11a,Ccdc88c,1.0
Bcl11a,Cdyl,1.0
Bcl11a,Cntnap2,1.0
Bcl11a,Elmo1,1.0
Bcl11a,Ephb1,1.0
Bcl11a,Etv6,1.0
Bcl11a,Gdi2,1.0
Bcl11a,Gpr15,1.0
Bcl11a,Igf1r,1.0
Bcl11a,Jarid2,1.0
Bcl11a,Kdm2b,1.0
Bcl11a,Klhl6,1.0
Bcl11a,Lcp1,1.0
Bcl11a,Map3k8,1.0
Bcl11a,Nfic,1.0
Bcl11a,Obscn,1.0
Bcl11a,Pax5,1.0
Bcl11a,Pde1c,1.0
Bcl11a,Pik3ap1,1.0
Bcl11a,Ppp2r5c,1.0
Bcl11a,Prkcb,1.0
Bcl11a,Runx3,1.0
Bcl11a,Slc12a8,1.0
Bcl11a,Sorl1,1.0
Bcl11a,Sp100,1.0
Bcl11a,Syne2,1.0
Bcl11a,Tbc1d4,1.0
Bcl11a,Tle4,1.0
Bcl11a,Trak1,1.0
Bcl11a,Zfp365,1.0
Bcl11a,Zmiz1,1.0
Bcl11a,Zmynd8,1.0
Bcl6,Ccnd2,-1.0
Bcl6,Hdac7,-1.0
Bcl6,Irf4,-1.0
Bcl6,Litaf,-1.0
Bcl6,Prdm1,-1.0
Bcl6,Foxo3,-1.0
Bcl6,Ank3,-1.0
Bcl6,Arhgap26,-1.0
Bcl6,Arid5b,-1.0
Bcl6,Brd4,-1.0
Bcl6,Cabin1,-1.0
Bcl6,Cbfa2t3,-1.0
Bcl6,Ccnd3,-1.0
Bcl6,Cflar,-1.0
Bcl6,Dennd3,-1.0
Bcl6,Dusp22,-1.0
Bcl6,Eipr1,-1.0
Bcl6,Gfod1,-1.0
Bcl6,Gmds,-1.0
Bcl6,Gpcpd1,-1.0
Bcl6,Hdac4,-1.0
Bcl6,Il4ra,-1.0
Bcl6,Jade1,-1.0
Bcl6,Ldlr,-1.0
Bcl6,Lpp,-1.0
Bcl6,Map3k8,-1.0
Bcl6,Mapkapk3,-1.0
Bcl6,Ncoa7,-1.0
Bcl6,Osbpl10,-1.0
Bcl6,Plcg2,-1.0
Bcl6,Rhoq,-1.0
Bcl6,Rnf213,-1.0
Bcl6,Sema4b,-1.0
Bcl6,Sla,-1.0
Bcl6,St3gal1,-1.0
Bcl6,Syne2,-1.0
Bcl6,Sypl,-1.0
Bcl6,Tcf3,-1.0
Bcl6,Tle3,-1.0
Bcl6,Tnk2,-1.0
Bcl6,Tns3,-1.0
Bcl6,Tpm4,-1.0
Bcl6,Ubald2,-1.0
Bcl6,Umodl1,-1.0
Bcl6,Zfat,-1.0
Bhlhe22,Adam33,-1.0
Bhlhe22,Adgra2,-1.0
Bhlhe22,Aebp1,-1.0
Bhlhe22,Aldh1a2,-1.0
Bhlhe22,Ap3d1,-1.0
Bhlhe22,Arsb,-1.0
Bhlhe22,Baz2a,-1.0
Bhlhe22,Cdyl,-1.0
Bhlhe22,Elf4,-1.0
Bhlhe22,Gas7,-1.0
Bhlhe22,Igf1r,-1.0
Bhlhe22,Kcnn3,-1.0
Bhlhe22,Lsp1,-1.0
Bhlhe22,Mylk,-1.0
Bhlhe22,Pacs1,-1.0
Bhlhe22,Pcdhgc3,-1.0
Bhlhe22,Plcl2,-1.0
Bhlhe22,Ptprj,-1.0
Bhlhe22,Sh3kbp1,-1.0
Bhlhe22,Spon2,-1.0
Bhlhe22,Syne2,-1.0
Bhlhe40,Nr4a1,-1.0
Bhlhe40,Abcc1,-1.0
Bhlhe40,Acap3,-1.0
Bhlhe40,Actb,-1.0
Bhlhe40,Ankrd11,-1.0
Bhlhe40,Arhgef3,-1.0
Bhlhe40,Bcl3,-1.0
Bhlhe40,Bcor,-1.0
Bhlhe40,Ccdc57,-1.0
Bhlhe40,Cd83,-1.0
Bhlhe40,Cdkn1a,-1.0
Bhlhe40,Creb5,-1.0
Bhlhe40,Csk,-1.0
Bhlhe40,Cttn,-1.0
Bhlhe40,Cux1,-1.0
Bhlhe40,Dlgap1,-1.0
Bhlhe40,Egln3,-1.0
Bhlhe40,Elmsan1,-1.0
Bhlhe40,Fkbp5,-1.0
Bhlhe40,Flnb,-1.0
Bhlhe40,Gdf15,-1.0
Bhlhe40,Gfod1,-1.0
Bhlhe40,Gna12,-1.0
Bhlhe40,Hes1,-1.0
Bhlhe40,Id2,-1.0
Bhlhe40,Irf2bp2,-1.0
Bhlhe40,Jmjd1c,-1.0
Bhlhe40,Ldlr,-1.0
Bhlhe40,Map2k3,-1.0
Bhlhe40,Mical3,-1.0
Bhlhe40,Nemp1,-1.0
Bhlhe40,Nr1d1,-1.0
Bhlhe40,Parvb,-1.0
Bhlhe40,Pfkfb3,-1.0
Bhlhe40,Pim1,-1.0
Bhlhe40,Plec,-1.0
Bhlhe40,Ralgds,-1.0
Bhlhe40,Rara,-1.0
Bhlhe40,Rassf5,-1.0
Bhlhe40,Rgs9,-1.0
Bhlhe40,Sema4b,-1.0
Bhlhe40,Sh3bp2,-1.0
Bhlhe40,Slc16a3,-1.0
Bhlhe40,Slc37a1,-1.0
Bhlhe40,Slc7a5,-1.0
Bhlhe40,Smad7,-1.0
Bhlhe40,Snap47,-1.0
Bhlhe40,Src,-1.0
Bhlhe40,Srcin1,-1.0
Bhlhe40,Sub1,-1.0
Bhlhe40,Synj2,-1.0
Bhlhe40,Tle3,-1.0
Bhlhe40,Tnfsf9,-1.0
Bhlhe40,Trappc9,-1.0
Bhlhe40,Ube2d3,-1.0
Bhlhe40,Vgll4,-1.0
Bhlhe40,Xxylt1,-1.0
Bhlhe40,Zfp36l1,-1.0
Cdx2,Abcb1a,1.0
Cdx2,Abcb1b,1.0
Cdx2,Axin2,1.0
Cdx2,Cdh17,1.0
Cdx2,Cftr,1.0
Cdx2,Dsc2,1.0
Cdx2,Gucy2c,1.0
Cdx2,Klf4,1.0
Cdx2,Lct,1.0
Cdx2,Reg4,1.0
Cdx2,Sis,1.0
Cdx2,Slc15a1,1.0
Cdx2,Slc9a2,1.0
Cdx2,Slc9a3,1.0
Cdx2,Ugt1a10,1.0
Cdx2,Ugt1a8,1.0
Cdx2,Ugt1a9,1.0
Cebpa,9130401M01Rik,1.0
Cebpa,Abcb1a,1.0
Cebpa,Abcb1b,1.0
Cebpa,Abcc1,1.0
Cebpa,Acaca,1.0
Cebpa,Acacb,1.0
Cebpa,Ace,1.0
Cebpa,Aebp1,1.0
Cebpa,Afp,1.0
Cebpa,Agt,1.0
Cebpa,Agxt,1.0
Cebpa,Alb,1.0
Cebpa,Alox5ap,1.0
Cebpa,Apbb1ip,1.0
Cebpa,Apoa1,1.0
Cebpa,Apob,1.0
Cebpa,Apoc3,1.0
Cebpa,Bcl2,1.0
Cebpa,Ccnb1,1.0
Cebpa,Ccnd1,1.0
Cebpa,Ccne1,1.0
Cebpa,Cdh13,1.0
Cebpa,Cdk2,1.0
Cebpa,Cdkn1a,1.0
Cebpa,Ces1b,1.0
Cebpa,Ces1c,1.0
Cebpa,Ces1d,1.0
Cebpa,Ces1g,1.0
Cebpa,Ces1h,1.0
Cebpa,Cftr,1.0
Cebpa,Comt,1.0
Cebpa,Cps1,1.0
Cebpa,Creb1,1.0
Cebpa,Crmp1,1.0
Cebpa,Csf1,1.0
Cebpa,Csf3r,1.0
Cebpa,Csn2,1.0
Cebpa,Csrp1,1.0
Cebpa,Cxcr2,1.0
Cebpa,E2f2,1.0
Cebpa,E2f3,1.0
Cebpa,Edn1,1.0
Cebpa,Ehhadh,1.0
Cebpa,Elane,1.0
Cebpa,Eln,1.0
Cebpa,Enpp3,1.0
Cebpa,Epo,1.0
Cebpa,Epx,1.0
Cebpa,F3,1.0
Cebpa,F9,1.0
Cebpa,Fas,1.0
Cebpa,Fasn,1.0
Cebpa,Fga,1.0
Cebpa,Fgl2,1.0
Cebpa,Fn1,1.0
Cebpa,Foxa2,1.0
Cebpa,Gadd45a,1.0
Cebpa,Gdnf,1.0
Cebpa,Gls2,1.0
Cebpa,Gpx4,1.0
Cebpa,Gsk3a,1.0
Cebpa,Gsk3b,1.0
Cebpa,Gucy2c,1.0
Cebpa,Hamp,1.0
Cebpa,Hamp2,1.0
Cebpa,Hmgb1,1.0
Cebpa,Hnf4a,1.0
Cebpa,Homer3,1.0
Cebpa,Hp,1.0
Cebpa,Hpx,1.0
Cebpa,Hsd17b11,1.0
Cebpa,Hspa4,1.0
Cebpa,Icam1,1.0
Cebpa,Id1,1.0
Cebpa,Igf1,1.0
Cebpa,Igf2,1.0
Cebpa,Igfbp1,1.0
Cebpa,Il10,1.0
Cebpa,Il12b,1.0
Cebpa,Il1a,1.0
Cebpa,Il3,1.0
Cebpa,Il4,1.0
Cebpa,Il5,1.0
Cebpa,Il6,1.0
Cebpa,Insr,1.0
Cebpa,Irs1,1.0
Cebpa,Itga2,1.0
Cebpa,Itgal,1.0
Cebpa,Itgax,1.0
Cebpa,Itgb2,1.0
Cebpa,Kat7,1.0
Cebpa,Kcnh8,1.0
Cebpa,Kcnma1,1.0
Cebpa,Lbp,1.0
Cebpa,Ldlr,1.0
Cebpa,Lep,1.0
Cebpa,Lipc,1.0
Cebpa,Ltf,1.0
Cebpa,Mad1l1,1.0
Cebpa,Mat2a,1.0
Cebpa,Mme,1.0
Cebpa,Mmp11,1.0
Cebpa,Msr1,1.0
Cebpa,Mybl1,1.0
Cebpa,Myc,-1.0
Cebpa,Nfya,1.0
Cebpa,Nfyc,1.0
Cebpa,Nr5a1,1.0
Cebpa,Pck1,1.0
Cebpa,Pck2,1.0
Cebpa,Pcna,1.0
Cebpa,Per2,1.0
Cebpa,Pparg,1.0
Cebpa,Ptgs2,1.0
Cebpa,Rb1,1.0
Cebpa,Scd2,1.0
Cebpa,Scd4,1.0
Cebpa,Serpinc1,1.0
Cebpa,Sftpd,1.0
Cebpa,Slc10a1,1.0
Cebpa,Slc9a1,1.0
Cebpa,Smyd2,1.0
Cebpa,Socs3,1.0
Cebpa,Sod1,1.0
Cebpa,Sp1,1.0
Cebpa,Spi1,1.0
Cebpa,Spidr,1.0
Cebpa,Spp1,1.0
Cebpa,Srebf1,1.0
Cebpa,Srebf2,1.0
Cebpa,Star,1.0
Cebpa,Stat3,1.0
Cebpa,Thoc1,1.0
Cebpa,Timp2,1.0
Cebpa,Tk1,1.0
Cebpa,Tnfaip3,1.0
Cebpa,Tnfrsf1a,1.0
Cebpa,Top2a,1.0
Cebpa,Trf,1.0
Cebpa,Tsc22d3,1.0
Cebpa,Uhrf1,1.0
Cebpa,Vldlr,1.0
Cebpa,Xdh,1.0
Cebpb,Abcb1a,1.0
Cebpb,Abcb1b,1.0
Cebpb,Adm,1.0
Cebpb,Alb,1.0
Cebpb,Asns,1.0
Cebpb,Bcl2l1,1.0
Cebpb,Cdkn1a,1.0
Cebpb,Crp,1.0
Cebpb,Csf3r,1.0
Cebpb,Csrp1,1.0
Cebpb,Cyp19a1,-1.0
Cebpb,F8,1.0
Cebpb,Fasl,1.0
Cebpb,Fos,1.0
Cebpb,Furin,1.0
Cebpb,Gadd45g,1.0
Cebpb,Gfer,-1.0
Cebpb,Hp,1.0
Cebpb,Igf2,1.0
Cebpb,Il10,1.0
Cebpb,Il12b,1.0
Cebpb,Il1b,1.0
Cebpb,Il24,1.0
Cebpb,Il3,1.0
Cebpb,Il4,1.0
Cebpb,Il5,1.0
Cebpb,Il6,1.0
Cebpb,Insr,1.0
Cebpb,Prl,1.0
Cebpb,Ptgs2,1.0
Cebpb,Sftpd,1.0
Cebpb,Slc10a1,1.0
Cebpb,Slc19a1,1.0
Cebpb,Star,1.0
Cebpb,Tnf,1.0
Cebpb,Tnfaip6,1.0
Cebpb,Top1,1.0
Cebpb,Xbp1,1.0
Cebpd,Alox5ap,1.0
Cebpd,C3,1.0
Cebpd,Cftr,1.0
Cebpd,Cyp19a1,-1.0
Cebpd,Gadd45g,1.0
Cebpd,Pou5f1,1.0
Cebpd,Ptgs2,1.0
Cebpd,Tnf,1.0
Cebpd,Ccnd1,1.0
Cebpd,Gramd1a,1.0
Cebpd,Il6,1.0
Cebpd,Nfil3,1.0
Cebpd,Trf,1.0
Cebpg,Sftpd,1.0
Cebpg,Aig1,1.0
Cebpg,Arhgap25,1.0
Cebpg,Atp2a2,1.0
Cebpg,Brd4,1.0
Cebpg,Cecr2,1.0
Cebpg,Chn2,1.0
Cebpg,Clip1,1.0
Cebpg,Cpq,1.0
Cebpg,Creb5,1.0
Cebpg,Cryzl1,1.0
Cebpg,Cyp19a1,1.0
Cebpg,Dpysl2,1.0
Cebpg,Dst,1.0
Cebpg,Edem1,1.0
Cebpg,Elmsan1,1.0
Cebpg,Epas1,1.0
Cebpg,Eps15,1.0
Cebpg,Fggy,1.0
Cebpg,Fryl,1.0
Cebpg,Fyn,1.0
Cebpg,Grhl2,1.0
Cebpg,Hdac9,1.0
Cebpg,Hk1,1.0
Cebpg,Lipc,1.0
Cebpg,Map4,1.0
Cebpg,Mical2,1.0
Cebpg,Mthfd1l,1.0
Cebpg,Nfib,1.0
Cebpg,Nfil3,1.0
Cebpg,Phf3,1.0
Cebpg,Pik3r1,1.0
Cebpg,Ptp4a2,1.0
Cebpg,Rock2,1.0
Cebpg,Rp1,1.0
Cebpg,Rtn4,1.0
Cebpg,Slc38a1,1.0
Cebpg,Slc9a1,1.0
Cebpg,Sox6,1.0
Cebpg,Tbc1d31,1.0
Cebpg,Tcf4,1.0
Cebpg,Trib1,1.0
Cebpg,Trib3,1.0
Cebpg,Vav3,1.0
Cebpg,Wdr64,1.0
Clock,Bhlhe40,1.0
Clock,Bhlhe41,1.0
Clock,Cry1,1.0
Clock,Cry2,1.0
Clock,Nr1d2,1.0
Clock,Per1,1.0
Clock,Per2,1.0
Clock,Per3,1.0
Clock,Acoxl,1.0
Clock,Atp9b,1.0
Clock,Cdh22,1.0
Clock,Cdh23,1.0
Clock,Celsr1,1.0
Clock,Chchd6,1.0
Clock,Cmip,1.0
Clock,Col6a1,1.0
Clock,Coro2b,1.0
Clock,Creb5,1.0
Clock,Dennd3,1.0
Clock,Dlgap1,1.0
Clock,Dnaaf5,1.0
Clock,Fam91a1,1.0
Clock,Gas7,1.0
Clock,Get4,1.0
Clock,Gli3,1.0
Clock,Inpp5a,1.0
Clock,Iqsec1,1.0
Clock,Itgb2,1.0
Clock,Jcad,1.0
Clock,Larp1,1.0
Clock,Magi1,1.0
Clock,Mical2,1.0
Clock,Pcyt1a,1.0
Clock,Pkd1l1,1.0
Clock,Ppfia1,1.0
Clock,Prex1,1.0
Clock,Prkag2,1.0
Clock,Ptk2,1.0
Clock,Rbfox1,1.0
Clock,Rgs12,1.0
Clock,Rgs6,1.0
Clock,Sec14l1,1.0
Clock,Sipa1l1,1.0
Clock,Smoc2,1.0
Clock,Sptbn4,1.0
Clock,Tiam1,1.0
Clock,Tns1,1.0
Clock,Tns3,1.0
Clock,Trappc9,1.0
Clock,Wdr66,1.0
Clock,Zdhhc14,1.0
Creb1,Adra1a,1.0
Creb1,Aqp2,1.0
Creb1,Aqp3,1.0
Creb1,Bcl2,1.0
Creb1,Bdkrb1,1.0
Creb1,Bdnf,1.0
Creb1,Ccl5,1.0
Creb1,Ccnd1,1.0
Creb1,Cd4,1.0
Creb1,Cdk11b,1.0
Creb1,Cga,1.0
Creb1,Ciita,1.0
Creb1,Cpt1a,1.0
Creb1,Cxcr4,1.0
Creb1,Cyp11a1,1.0
Creb1,Cyp17a1,1.0
Creb1,Cyp19a1,1.0
Creb1,Dbh,1.0
Creb1,Dio2,1.0
Creb1,Egr1,1.0
Creb1,Erbb2,1.0
Creb1,Etv3,1.0
Creb1,Flt1,1.0
Creb1,Fn1,1.0
Creb1,Fos,1.0
Creb1,G6pc,1.0
Creb1,H2-Ab1,1.0
Creb1,H2-Ea,1.0
Creb1,H2-Ob,1.0
Creb1,Hmox1,-1.0
Creb1,Hpgd,1.0
Creb1,Ifng,1.0
Creb1,Il10,1.0
Creb1,Il2,1.0
Creb1,Il5ra,1.0
Creb1,Il6,1.0
Creb1,Ins1,1.0
Creb1,Ins2,1.0
Creb1,Jun,-1.0
Creb1,Mitf,1.0
Creb1,Msmb,1.0
Creb1,Muc4,1.0
Creb1,Muc5ac,1.0
Creb1,Nf1,1.0
Creb1,Nolc1,1.0
Creb1,Npy,1.0
Creb1,Nr4a2,1.0
Creb1,Nr4a3,1.0
Creb1,Nts,1.0
Creb1,Odc1,1.0
Creb1,Pck1,1.0
Creb1,Pck2,1.0
Creb1,Pcsk1,1.0
Creb1,Pdyn,1.0
Creb1,Plat,-1.0
Creb1,Pold2,1.0
Creb1,Ppp2ca,1.0
Creb1,Psen1,1.0
Creb1,Ptgs2,1.0
Creb1,Rarb,1.0
Creb1,Ren1,1.0
Creb1,Rrm2b,1.0
Creb1,Slc19a1,1.0
Creb1,Slc20a1,1.0
Creb1,Spry2,1.0
Creb1,Star,1.0
Creb1,Tg,1.0
Creb1,Th,1.0
Creb1,Trh,1.0
Creb1,Ucp1,1.0
Creb1,Ugt8a,1.0
Creb1,Uxt,1.0
Creb1,Vegfa,1.0
Creb1,Vip,1.0
Creb3,H13,1.0
Creb3,Prpf31,1.0
Creb3,Ano10,1.0
Creb3,Bhlhe40,1.0
Creb3,Cap1,1.0
Creb3,Chchd6,1.0
Creb3,Dnajb12,1.0
Creb3,Dtnbp1,1.0
Creb3,Esyt2,1.0
Creb3,Galnt2,1.0
Creb3,Galnt2l,1.0
Creb3,Lamtor5,1.0
Creb3,Mad2l1bp,1.0
Creb3,Mthfr,1.0
Creb3,Pcbp1,1.0
Creb3,Pcna,1.0
Creb3,Pttg1ip,1.0
Creb3,Runx1,1.0
Creb3,Srgn,1.0
Creb3,St3gal2,1.0
Creb3,Stat3,1.0
Creb3,Ston2,1.0
Creb3,Sub1,1.0
Creb3,Utp11,1.0
Creb3l1,Slc1a4,-1.0
Creb3l1,Vegfa,1.0
Creb3l1,Arhgef1,1.0
Creb3l1,Arid1a,1.0
Creb3l1,Asph,1.0
Creb3l1,Bcar1,1.0
Creb3l1,Cercam,1.0
Creb3l1,Fndc3b,1.0
Creb3l1,Hmgb1,1.0
Creb3l1,Kcnk1,1.0
Creb3l1,Mad2l1bp,1.0
Creb3l1,Mtdh,1.0
Creb3l1,Nrsn2,1.0
Creb3l1,Parvb,1.0
Creb3l1,Plec,1.0
Creb3l1,Runx1,1.0
Creb3l1,Serpinh1,1.0
Creb3l1,Star,1.0
Creb3l1,Stard10,1.0
Creb3l1,Txndc5,1.0
Creb3l1,Ubc,1.0
Crem,Ccna2,-1.0
Crem,Cd247,-1.0
Crem,Dusp1,-1.0
Crem,Fos,-1.0
Crem,Il2,-1.0
Crem,Cd86,1.0
Crem,Gpcpd1,1.0
Crem,Pde4a,1.0
Crem,Arid1a,1.0
Crem,Arid5b,1.0
Crem,Atf3,1.0
Crem,Cmip,1.0
Crem,Creb3l2,1.0
Crem,Creb5,1.0
Crem,Ern1,1.0
Crem,Esyt2,1.0
Crem,Fscn1,1.0
Crem,Gadd45a,1.0
Crem,Gata2,1.0
Crem,Hdac4,1.0
Crem,Hivep2,1.0
Crem,Kdm4c,1.0
Crem,Lims1,1.0
Crem,Litaf,1.0
Crem,Lpcat1,1.0
Crem,Msi2,1.0
Crem,Nav2,1.0
Crem,Nfatc1,1.0
Crem,Nr4a2,1.0
Crem,Pde4b,1.0
Crem,Plcl2,1.0
Crem,Prkce,1.0
Crem,Prkcz,1.0
Crem,Ptma,1.0
Crem,Ptp4a2,1.0
Crem,Ptprs,1.0
Crem,Ptpru,1.0
Crem,Rara,1.0
Crem,Rreb1,1.0
Crem,Sh2b3,1.0
Crem,Sh3bp5,1.0
Crem,Slc25a25,1.0
Crem,Snd1,1.0
Crem,St7,1.0
Crem,Sub1,1.0
Crem,Tgif1,1.0
Crem,Thada,1.0
Crem,Trim69,1.0
Crem,Ube2h,1.0
Crem,Usp9x,1.0
Crem,Zdhhc14,1.0
Ctcf,Abca2,1.0
Ctcf,Ackr3,1.0
Ctcf,Actr3,-1.0
Ctcf,Acvr1c,1.0
Ctcf,Ahcyl1,1.0
Ctcf,Akt1,-1.0
Ctcf,Aldh1a3,-1.0
Ctcf,Ang,1.0
Ctcf,Ang2,1.0
Ctcf,Ang4,1.0
Ctcf,Ang5,1.0
Ctcf,Ang6,1.0
Ctcf,Ankrd46,1.0
Ctcf,App,1.0
Ctcf,Arl2,-1.0
Ctcf,Asap2,1.0
Ctcf,Atn1,1.0
Ctcf,Atxn7,1.0
Ctcf,B4galnt1,1.0
Ctcf,Batf2,1.0
Ctcf,Bcl2l14,-1.0
Ctcf,Bcl6,-1.0
Ctcf,Bicd2,1.0
Ctcf,C1ra,1.0
Ctcf,C1rb,1.0
Ctcf,Ccnd1,1.0
Ctcf,Cd80,1.0
Ctcf,Celsr3,1.0
Ctcf,Cep135,1.0
Ctcf,Cftr,1.0
Ctcf,Chrna6,1.0
Ctcf,Cideb,1.0
Ctcf,Cnih1,1.0
Ctcf,Col27a1,1.0
Ctcf,Commd2,-1.0
Ctcf,Csf2,1.0
Ctcf,Defb36,1.0
Ctcf,Dip2b,1.0
Ctcf,Dmkn,1.0
Ctcf,Dmpk,1.0
Ctcf,Elp5,1.0
Ctcf,Ephb1,1.0
Ctcf,Epx,1.0
Ctcf,Esrp2,-1.0
Ctcf,Etnk2,1.0
Ctcf,Fbxo7,1.0
Ctcf,Galnt6,1.0
Ctcf,Galt,1.0
Ctcf,Gas7,1.0
Ctcf,Gpr156,-1.0
Ctcf,Grin3a,1.0
Ctcf,Haus7,-1.0
Ctcf,Hebp2,1.0
Ctcf,Hmcn1,1.0
Ctcf,Hs1bp3,1.0
Ctcf,Hspa5,1.0
Ctcf,Igf2,1.0
Ctcf,Il19,1.0
Ctcf,Ipo13,1.0
Ctcf,Irak2,1.0
Ctcf,Ksr1,1.0
Ctcf,Lpin3,1.0
Ctcf,Lrrc59,1.0
Ctcf,Mb,1.0
Ctcf,Mcm10,1.0
Ctcf,Mrpl17,1.0
Ctcf,Myc,-1.0
Ctcf,Myd88,1.0
Ctcf,Nbn,1.0
Ctcf,Ncbp3,1.0
Ctcf,Nes,1.0
Ctcf,Nf1,1.0
Ctcf,Nfe2l2,1.0
Ctcf,Npc1,-1.0
Ctcf,Nt5c3,-1.0
Ctcf,Pbxip1,1.0
Ctcf,Plxnb3,1.0
Ctcf,Pmpcb,1.0
Ctcf,Pomt2,1.0
Ctcf,Pou1f1,1.0
Ctcf,Ppard,1.0
Ctcf,Pprc1,1.0
Ctcf,Prss35,1.0
Ctcf,Ptpa,1.0
Ctcf,Ptprg,1.0
Ctcf,Rad21,1.0
Ctcf,Rarres1,1.0
Ctcf,Rbl2,1.0
Ctcf,Rbm39,-1.0
Ctcf,Rbms3,-1.0
Ctcf,Rpp30,1.0
Ctcf,S100z,-1.0
Ctcf,Six5,1.0
Ctcf,Slc6a4,1.0
Ctcf,Smim7,1.0
Ctcf,Stab2,-1.0
Ctcf,Tbc1d14,1.0
Ctcf,Tert,-1.0
Ctcf,Tmbim6,1.0
Ctcf,Tnfrsf18,-1.0
Ctcf,Trappc6a,1.0
Ctcf,Tro,-1.0
Ctcf,Tsfm,1.0
Ctcf,Tysnd1,1.0
Ctcf,Wt1,1.0
Ctcf,Zfp462,-1.0
Ctcf,Zfp804b,1.0
Ctcf,Znhit2,-1.0
Ctcfl,Actb,1.0
Ctcfl,Adgrb2,1.0
Ctcfl,Adssl1,1.0
Ctcfl,Anks6,1.0
Ctcfl,Atg16l2,1.0
Ctcfl,C77080,1.0
Ctcfl,Cabin1,1.0
Ctcfl,Cacna1h,1.0
Ctcfl,Cbx4,1.0
Ctcfl,Cbx8,1.0
Ctcfl,Cdh24,1.0
Ctcfl,Chd5,1.0
Ctcfl,Col13a1,1.0
Ctcfl,Col27a1,1.0
Ctcfl,Crip2,1.0
Ctcfl,Csk,1.0
Ctcfl,Ctbp1,1.0
Ctcfl,Dgkz,1.0
Ctcfl,Diaph1,1.0
Ctcfl,Fibcd1,1.0
Ctcfl,Flt3l,1.0
Ctcfl,Gad1,1.0
Ctcfl,Gbx1,1.0
Ctcfl,Gnai2,1.0
Ctcfl,Igdcc4,1.0
Ctcfl,Inka2,1.0
Ctcfl,Jag2,1.0
Ctcfl,Kcnip3,1.0
Ctcfl,Kcnt1,1.0
Ctcfl,Lzts2,1.0
Ctcfl,Mapk8ip3,1.0
Ctcfl,Mast1,1.0
Ctcfl,Mib1,1.0
Ctcfl,Ndufa4l2,1.0
Ctcfl,Nelfa,1.0
Ctcfl,Nfe2l2,1.0
Ctcfl,Nrarp,1.0
Ctcfl,Nrxn2,1.0
Ctcfl,Piezo1,1.0
Ctcfl,Pim1,1.0
Ctcfl,Plekhg5,1.0
Ctcfl,Ppm1f,1.0
Ctcfl,Pura,1.0
Ctcfl,Pxn,1.0
Ctcfl,Radil,1.0
Ctcfl,Ror2,1.0
Ctcfl,Speg,1.0
Ctcfl,Svil,1.0
Ctcfl,Tbc1d14,1.0
Ctcfl,Zbtb7a,1.0
Ctcfl,Zfp398,1.0
Ctcfl,Zfp423,1.0
Ctcfl,Zmiz1,1.0
Cux1,Ect2,-1.0
Cux1,Racgap1,-1.0
Cux1,Eef2,1.0
Cux1,Fto,1.0
Cux1,Ahcy,1.0
Cux1,Ahi1,1.0
Cux1,Aloxe3,1.0
Cux1,Apob,1.0
Cux1,Arid5b,1.0
Cux1,Axin2,1.0
Cux1,Clec16a,1.0
Cux1,Cr2,1.0
Cux1,Daam1,1.0
Cux1,Depdc1b,1.0
Cux1,Etl4,1.0
Cux1,Etv4,1.0
Cux1,Gmds,1.0
Cux1,Hspd1,1.0
Cux1,Itgb4,1.0
Cux1,Itgb5,1.0
Cux1,Jade1,1.0
Cux1,Kifc3,1.0
Cux1,Macf1,1.0
Cux1,Med15,1.0
Cux1,Myadm,1.0
Cux1,Nfic,1.0
Cux1,Pim1,1.0
Cux1,Prex1,1.0
Cux1,Puf60,1.0
Cux1,Rbck1,1.0
Cux1,Septin9,1.0
Cux1,Slc16a3,1.0
Cux1,Slc30a10,1.0
Cux1,Sptbn1,1.0
Cux1,Sqstm1,1.0
Cux1,Srcin1,1.0
Cux1,Tbc1d1,1.0
Cux1,Tbc1d5,1.0
Cux1,Tex2,1.0
Cux1,Ubac1,1.0
Cux1,Zfand3,1.0
Duxbl1,Adamts9,1.0
Duxbl1,Ano4,1.0
Duxbl1,Atf7ip,1.0
Duxbl1,Auts2,1.0
Duxbl1,Ccdc171,1.0
Duxbl1,Cd200r1,1.0
Duxbl1,Cd200r2,1.0
Duxbl1,Cd200r3,1.0
Duxbl1,Cd200r4,1.0
Duxbl1,Cep290,1.0
Duxbl1,Cpeb3,1.0
Duxbl1,Cxcl13,1.0
Duxbl1,Dmd,1.0
Duxbl1,Eml5,1.0
Duxbl1,Esrrg,1.0
Duxbl1,Exoc4,1.0
Duxbl1,Fbxl5,1.0
Duxbl1,Filip1l,1.0
Duxbl1,Gtf2f1,1.0
Duxbl1,Ift81,1.0
Duxbl1,Nnt,1.0
Duxbl1,Nrde2,1.0
Duxbl1,Nup54,1.0
Duxbl1,Palmd,1.0
Duxbl1,Pms1,1.0
Duxbl1,Prkch,1.0
Duxbl1,Psen1,1.0
Duxbl1,Rai14,1.0
Duxbl1,Rbbp6,1.0
Duxbl1,Rhobtb3,1.0
Duxbl1,Slc14a2,1.0
Duxbl1,Slc2a2,1.0
Duxbl1,Stim2,1.0
Duxbl1,Sybu,1.0
Duxbl1,Tapt1,1.0
Duxbl1,Tmem131l,1.0
Duxbl1,Tmtc1,1.0
Duxbl1,Usp3,1.0
Duxbl1,Xirp2,1.0
Duxbl1,Zeb2,1.0
Duxbl2,Adamts9,1.0
Duxbl2,Ano4,1.0
Duxbl2,Atf7ip,1.0
Duxbl2,Auts2,1.0
Duxbl2,Ccdc171,1.0
Duxbl2,Cd200r1,1.0
Duxbl2,Cd200r2,1.0
Duxbl2,Cd200r3,1.0
Duxbl2,Cd200r4,1.0
Duxbl2,Cep290,1.0
Duxbl2,Cpeb3,1.0
Duxbl2,Cxcl13,1.0
Duxbl2,Dmd,1.0
Duxbl2,Eml5,1.0
Duxbl2,Esrrg,1.0
Duxbl2,Exoc4,1.0
Duxbl2,Fbxl5,1.0
Duxbl2,Filip1l,1.0
Duxbl2,Gtf2f1,1.0
Duxbl2,Ift81,1.0
Duxbl2,Nnt,1.0
Duxbl2,Nrde2,1.0
Duxbl2,Nup54,1.0
Duxbl2,Palmd,1.0
Duxbl2,Pms1,1.0
Duxbl2,Prkch,1.0
Duxbl2,Psen1,1.0
Duxbl2,Rai14,1.0
Duxbl2,Rbbp6,1.0
Duxbl2,Rhobtb3,1.0
Duxbl2,Slc14a2,1.0
Duxbl2,Slc2a2,1.0
Duxbl2,Stim2,1.0
Duxbl2,Sybu,1.0
Duxbl2,Tapt1,1.0
Duxbl2,Tmem131l,1.0
Duxbl2,Tmtc1,1.0
Duxbl2,Usp3,1.0
Duxbl2,Xirp2,1.0
Duxbl2,Zeb2,1.0
Duxbl3,Adamts9,1.0
Duxbl3,Ano4,1.0
Duxbl3,Atf7ip,1.0
Duxbl3,Auts2,1.0
Duxbl3,Ccdc171,1.0
Duxbl3,Cd200r1,1.0
Duxbl3,Cd200r2,1.0
Duxbl3,Cd200r3,1.0
Duxbl3,Cd200r4,1.0
Duxbl3,Cep290,1.0
Duxbl3,Cpeb3,1.0
Duxbl3,Cxcl13,1.0
Duxbl3,Dmd,1.0
Duxbl3,Eml5,1.0
Duxbl3,Esrrg,1.0
Duxbl3,Exoc4,1.0
Duxbl3,Fbxl5,1.0
Duxbl3,Filip1l,1.0
Duxbl3,Gtf2f1,1.0
Duxbl3,Ift81,1.0
Duxbl3,Nnt,1.0
Duxbl3,Nrde2,1.0
Duxbl3,Nup54,1.0
Duxbl3,Palmd,1.0
Duxbl3,Pms1,1.0
Duxbl3,Prkch,1.0
Duxbl3,Psen1,1.0
Duxbl3,Rai14,1.0
Duxbl3,Rbbp6,1.0
Duxbl3,Rhobtb3,1.0
Duxbl3,Slc14a2,1.0
Duxbl3,Slc2a2,1.0
Duxbl3,Stim2,1.0
Duxbl3,Sybu,1.0
Duxbl3,Tapt1,1.0
Duxbl3,Tmem131l,1.0
Duxbl3,Tmtc1,1.0
Duxbl3,Usp3,1.0
Duxbl3,Xirp2,1.0
Duxbl3,Zeb2,1.0
E2f1,Aars,1.0
E2f1,Abca1,1.0
E2f1,Acsl1,1.0
E2f1,Actr2,1.0
E2f1,Adh6b,1.0
E2f1,Ak3,1.0
E2f1,Alox5ap,1.0
E2f1,Ampd3,1.0
E2f1,Ankrd16,1.0
E2f1,Apaf1,1.0
E2f1,Ar,-1.0
E2f1,Arhgef17,1.0
E2f1,Arl10,1.0
E2f1,Armc8,1.0
E2f1,Ascc2,1.0
E2f1,Asf1b,1.0
E2f1,Atg10,1.0
E2f1,Atm,1.0
E2f1,Aurka,1.0
E2f1,Axin2,1.0
E2f1,B4galt1,1.0
E2f1,Bcl2,1.0
E2f1,Bdh1,1.0
E2f1,Bhlhe40,1.0
E2f1,Bin1,1.0
E2f1,Birc5,1.0
E2f1,Blvra,1.0
E2f1,Bmi1,1.0
E2f1,Bmp4,1.0
E2f1,Bnip3,1.0
E2f1,Brca1,1.0
E2f1,Brd2,1.0
E2f1,Casp7,1.0
E2f1,Casr,1.0
E2f1,Cbs,1.0
E2f1,Cbx5,1.0
E2f1,Ccna2,1.0
E2f1,Ccnd1,1.0
E2f1,Ccnd3,1.0
E2f1,Ccne1,1.0
E2f1,Ccne2,1.0
E2f1,Cd2ap,1.0
E2f1,Cd72,1.0
E2f1,Cdan1,1.0
E2f1,Cdc25a,1.0
E2f1,Cdc45,1.0
E2f1,Cdc6,1.0
E2f1,Cdca4,1.0
E2f1,Cdca7,1.0
E2f1,Cdh20,1.0
E2f1,Cdh5,1.0
E2f1,Cdk1,1.0
E2f1,Cdkn1a,1.0
E2f1,Cdkn1c,1.0
E2f1,Cdkn2c,1.0
E2f1,Cdt1,1.0
E2f1,Celf1,1.0
E2f1,Chka,1.0
E2f1,Clasp2,1.0
E2f1,Cldn23,1.0
E2f1,Cldn5,1.0
E2f1,Cnih4,1.0
E2f1,Coq2,1.0
E2f1,Csrnp3,1.0
E2f1,Ctnnbip1,1.0
E2f1,Ctnnd2,1.0
E2f1,Cul5,1.0
E2f1,Cux1,1.0
E2f1,Dapk2,1.0
E2f1,Dbf4,1.0
E2f1,Dcc,1.0
E2f1,Dclre1c,1.0
E2f1,Ddit4,1.0
E2f1,Dgki,1.0
E2f1,Dhfr,1.0
E2f1,Diras2,1.0
E2f1,Dnmt1,1.0
E2f1,Dpf2,1.0
E2f1,Dram1,1.0
E2f1,Dtl,1.0
E2f1,Dusp1,1.0
E2f1,Dusp4,1.0
E2f1,Dync1i2,1.0
E2f1,E2f3,1.0
E2f1,E2f6,1.0
E2f1,Ect2,1.0
E2f1,Egf,1.0
E2f1,Egfr,1.0
E2f1,Eif3a,1.0
E2f1,Enpep,1.0
E2f1,Ercc1,1.0
E2f1,Ercc8,1.0
E2f1,Etv4,1.0
E2f1,Eya2,1.0
E2f1,Fam184a,1.0
E2f1,Fanca,1.0
E2f1,Fancd2,1.0
E2f1,Fbxo43,1.0
E2f1,Fbxo5,1.0
E2f1,Fgfr1,1.0
E2f1,Fh1,1.0
E2f1,Fhit,-1.0
E2f1,Flt1,1.0
E2f1,Foxa2,1.0
E2f1,Foxm1,1.0
E2f1,Galc,1.0
E2f1,Gata3,1.0
E2f1,Gins3,1.0
E2f1,Gmnn,1.0
E2f1,Gnl3,1.0
E2f1,Gpr158,1.0
E2f1,Grik5,1.0
E2f1,H2bc21,1.0
E2f1,Hat1,1.0
E2f1,Hells,1.0
E2f1,Herpud1,1.0
E2f1,Hfe,1.0
E2f1,Hic1,1.0
E2f1,Hivep1,1.0
E2f1,Hmga1,1.0
E2f1,Hmga1b,1.0
E2f1,Hoxb9,1.0
E2f1,Hspa5,-1.0
E2f1,Hspd1,1.0
E2f1,Ier3,1.0
E2f1,Ift80,1.0
E2f1,Il12rb1,1.0
E2f1,Il1b,1.0
E2f1,Iqck,1.0
E2f1,Irf3,-1.0
E2f1,Irf4,1.0
E2f1,Isyna1,1.0
E2f1,Itgal,1.0
E2f1,Jph2,1.0
E2f1,Jun,1.0
E2f1,Kcng4,1.0
E2f1,Kcnj16,1.0
E2f1,Kcnj2,1.0
E2f1,Kcnk10,1.0
E2f1,Kdm4c,1.0
E2f1,Kdr,1.0
E2f1,Kif23,1.0
E2f1,Kif24,1.0
E2f1,Kif2c,1.0
E2f1,Klf10,1.0
E2f1,Krt75,1.0
E2f1,Lingo1,1.0
E2f1,Lmo1,1.0
E2f1,Lyplal1,1.0
E2f1,Map1lc3a,1.0
E2f1,Map2k6,1.0
E2f1,Map3k14,1.0
E2f1,Map3k5,1.0
E2f1,Mapk1,1.0
E2f1,Mapk8,1.0
E2f1,Mcm10,1.0
E2f1,Mcm5,1.0
E2f1,Mcm6,1.0
E2f1,Mcm7,1.0
E2f1,Mcm8,1.0
E2f1,Mcm9,1.0
E2f1,Mcmdc2,1.0
E2f1,Mcph1,1.0
E2f1,Mdm2,-1.0
E2f1,Mefv,1.0
E2f1,Meis1,1.0
E2f1,Memo1,1.0
E2f1,Mipep,1.0
E2f1,Mpped2,1.0
E2f1,Mpst,1.0
E2f1,Mras,1.0
E2f1,Mt1,1.0
E2f1,Muc4,1.0
E2f1,Mxi1,1.0
E2f1,Myb,1.0
E2f1,Mybl2,1.0
E2f1,Myc,1.0
E2f1,Mycn,1.0
E2f1,Myh10,1.0
E2f1,Ncoa3,1.0
E2f1,Ndc1,1.0
E2f1,Ndufab1,1.0
E2f1,Ndufaf6,1.0
E2f1,Nek4,1.0
E2f1,Nell2,1.0
E2f1,Nlrp5,1.0
E2f1,Nol9,1.0
E2f1,Npat,1.0
E2f1,Ntng2,1.0
E2f1,Oca2,1.0
E2f1,Osr1,1.0
E2f1,Pald1,1.0
E2f1,Pax2,1.0
E2f1,Pcbd2,1.0
E2f1,Pcna,1.0
E2f1,Pcsk6,1.0
E2f1,Pdk4,1.0
E2f1,Pdpn,1.0
E2f1,Pdxk,1.0
E2f1,Peg3,1.0
E2f1,Phldb1,1.0
E2f1,Pigu,1.0
E2f1,Pik3r5,1.0
E2f1,Plaur,1.0
E2f1,Plekhb1,1.0
E2f1,Plekhf2,1.0
E2f1,Plk1,1.0
E2f1,Plk4,1.0
E2f1,Pnrc2,-1.0
E2f1,Pola1,1.0
E2f1,Pola2,1.0
E2f1,Pold1,1.0
E2f1,Pole2,1.0
E2f1,Polr3a,1.0
E2f1,Pou2af1,1.0
E2f1,Pparg,1.0
E2f1,Ppp1r13b,1.0
E2f1,Ppp2r2d,1.0
E2f1,Prdm1,1.0
E2f1,Prim2,1.0
E2f1,Prkdc,1.0
E2f1,Ptpro,1.0
E2f1,Rab40c,1.0
E2f1,Racgap1,1.0
E2f1,Rad18,1.0
E2f1,Rad51,1.0
E2f1,Ralgds,1.0
E2f1,Rasgef1b,1.0
E2f1,Rasgrp1,1.0
E2f1,Rassf8,1.0
E2f1,Rb1,1.0
E2f1,Rbm38,1.0
E2f1,Rela,1.0
E2f1,Rfc2,1.0
E2f1,Rnf128,1.0
E2f1,Rrm1,1.0
E2f1,Rrm2,1.0
E2f1,Rrp1b,1.0
E2f1,Rtn4,1.0
E2f1,Rxrg,1.0
E2f1,Safb,1.0
E2f1,Scarf1,1.0
E2f1,Scn8a,1.0
E2f1,Sephs1,1.0
E2f1,Serpine1,-1.0
E2f1,Sez6l2,1.0
E2f1,Siah1a,1.0
E2f1,Siah1b,1.0
E2f1,Skp2,1.0
E2f1,Slc14a2,1.0
E2f1,Slc35f3,1.0
E2f1,Slc35g1,1.0
E2f1,Slc6a19,1.0
E2f1,Slx4,1.0
E2f1,Smarca5,1.0
E2f1,Sntb2,1.0
E2f1,Socs2,1.0
E2f1,Sp110,1.0
E2f1,Sp3,-1.0
E2f1,Spock1,1.0
E2f1,Sstr1,1.0
E2f1,St13,1.0
E2f1,Stam,1.0
E2f1,Stx11,1.0
E2f1,Suclg1,1.0
E2f1,Syne2,1.0
E2f1,Taf5l,1.0
E2f1,Tbc1d16,1.0
E2f1,Tert,-1.0
E2f1,Tgfb2,1.0
E2f1,Thbs1,1.0
E2f1,Thoc5,1.0
E2f1,Tk1,1.0
E2f1,Tmbim1,1.0
E2f1,Tmco5,1.0
E2f1,Tmem132a,1.0
E2f1,Tmem47,1.0
E2f1,Tnfsf11,1.0
E2f1,Top1,1.0
E2f1,Top2a,1.0
E2f1,Tor1b,1.0
E2f1,Trit1,1.0
E2f1,Trp53,1.0
E2f1,Trp53bp2,1.0
E2f1,Trp73,1.0
E2f1,Trpm2,1.0
E2f1,Txndc15,1.0
E2f1,Tyms,1.0
E2f1,Ubn1,1.0
E2f1,Ubp1,1.0
E2f1,Uhrf1,1.0
E2f1,Ulk1,1.0
E2f1,Utrn,1.0
E2f1,Vcp,1.0
E2f1,Vegfa,-1.0
E2f1,Vmp1,1.0
E2f1,Vps35l,1.0
E2f1,Wdr25,1.0
E2f1,Wrap73,1.0
E2f1,Wwox,-1.0
E2f1,Xrcc1,1.0
E2f1,Ybx3,1.0
E2f1,Yme1l1,1.0
E2f1,Zeb1,1.0
E2f1,Zfp292,1.0
E2f1,Zfp654,1.0
E2f1,Zmym2,1.0
E2f2,Asf1b,1.0
E2f2,Cdc6,1.0
E2f2,Cdca4,1.0
E2f2,Cdca7,1.0
E2f2,Cdt1,1.0
E2f2,E2f1,1.0
E2f2,Map3k5,1.0
E2f2,Mcm10,1.0
E2f2,Mcm5,1.0
E2f2,Mcm6,1.0
E2f2,Mcm7,1.0
E2f2,Mycn,1.0
E2f2,Plk1,1.0
E2f2,Plk4,1.0
E2f3,Aurka,1.0
E2f3,Cdc6,1.0
E2f3,Cdkn1a,1.0
E2f3,E2f1,1.0
E2f3,Map3k5,1.0
E2f3,Mcm5,1.0
E2f3,Mcm6,1.0
E2f3,Mcm7,1.0
E2f3,Mycn,1.0
E2f3,Plk1,1.0
E2f3,Trp53bp2,1.0
E2f3,Trp73,1.0
E2f4,1700057G04Rik,1.0
E2f4,Actg1,1.0
E2f4,Actr5,1.0
E2f4,Adarb1,1.0
E2f4,Aldh5a1,1.0
E2f4,Anapc15,1.0
E2f4,Anapc15-ps,1.0
E2f4,Anln,1.0
E2f4,Aprt,1.0
E2f4,Asf1b,1.0
E2f4,Aurkb,1.0
E2f4,Bach1,1.0
E2f4,Bard1,1.0
E2f4,Bcl11a,1.0
E2f4,Birc5,1.0
E2f4,Bora,1.0
E2f4,Brca1,-1.0
E2f4,Bub3,1.0
E2f4,Calm1,1.0
E2f4,Calr,1.0
E2f4,Cav1,1.0
E2f4,Cbx5,1.0
E2f4,Ccna2,1.0
E2f4,Ccnb1,1.0
E2f4,Ccnd1,1.0
E2f4,Cdc25a,1.0
E2f4,Cdc25c,1.0
E2f4,Cdc37l1,1.0
E2f4,Cdc45,1.0
E2f4,Cdc6,1.0
E2f4,Cdca4,1.0
E2f4,Cdca7,1.0
E2f4,Cdk1,1.0
E2f4,Cdk2,1.0
E2f4,Cdkn2c,1.0
E2f4,Cdt1,1.0
E2f4,Cenpe,1.0
E2f4,Cenpo,1.0
E2f4,Cfap20,1.0
E2f4,Chek1,1.0
E2f4,Cib2,1.0
E2f4,Cks2,1.0
E2f4,Creg1,1.0
E2f4,Cse1l,1.0
E2f4,Cth,1.0
E2f4,Cutc,1.0
E2f4,Cux1,1.0
E2f4,Cyp27b1,1.0
E2f4,Dbf4,1.0
E2f4,Ddx11,1.0
E2f4,Derl2,1.0
E2f4,Dhfr,1.0
E2f4,Dhps,1.0
E2f4,Drosha,1.0
E2f4,Dut,1.0
E2f4,E2f1,-1.0
E2f4,E2f2,1.0
E2f4,E2f3,1.0
E2f4,E2f8,1.0
E2f4,Eif2b2,1.0
E2f4,Eif4h,1.0
E2f4,Epas1,1.0
E2f4,Exosc9,1.0
E2f4,Fam173a,1.0
E2f4,Fam210b,1.0
E2f4,Fancc,1.0
E2f4,Fbxo5,1.0
E2f4,Fdft1,1.0
E2f4,Fen1,1.0
E2f4,Foxm1,1.0
E2f4,Fst,1.0
E2f4,Gabpa,1.0
E2f4,Gadd45a,1.0
E2f4,Gins1,1.0
E2f4,Gmnn,1.0
E2f4,Gnas,1.0
E2f4,Gnptg,1.0
E2f4,Gpank1,1.0
E2f4,H2az1,1.0
E2f4,H2bc21,1.0
E2f4,Haghl,1.0
E2f4,Hcfc1,1.0
E2f4,Hltf,1.0
E2f4,Hmgb1,1.0
E2f4,Hmgb3,1.0
E2f4,Hmmr,1.0
E2f4,Hnrnpd,1.0
E2f4,Id3,1.0
E2f4,Ifnar2,1.0
E2f4,Ikbkg,-1.0
E2f4,Insig1,1.0
E2f4,Itgb3bp,1.0
E2f4,Jun,1.0
E2f4,Katnal1,-1.0
E2f4,Kdm6a,1.0
E2f4,Khdrbs1,1.0
E2f4,Klf10,1.0
E2f4,Klhl21,1.0
E2f4,Lgals1,1.0
E2f4,Lin54,1.0
E2f4,Luc7l,-1.0
E2f4,Mad2l1,1.0
E2f4,Map3k5,1.0
E2f4,Map3k7,1.0
E2f4,Mapre1,1.0
E2f4,Mbp,1.0
E2f4,Mcm10,-1.0
E2f4,Mcm3,1.0
E2f4,Mcm5,1.0
E2f4,Mcm6,1.0
E2f4,Mcm7,1.0
E2f4,Mcm8,1.0
E2f4,Mettl3,1.0
E2f4,Mfap1a,1.0
E2f4,Mfap1b,1.0
E2f4,Mki67,1.0
E2f4,Mlh1,1.0
E2f4,Msh2,1.0
E2f4,Mthfd1,1.0
E2f4,Mybl2,1.0
E2f4,Myc,1.0
E2f4,Mycl,1.0
E2f4,Nap1l4,1.0
E2f4,Nasp,1.0
E2f4,Ncl,1.0
E2f4,Ndc80,1.0
E2f4,Nek2,1.0
E2f4,Nfe2l1,1.0
E2f4,Nfkb2,1.0
E2f4,Npat,1.0
E2f4,Nusap1,1.0
E2f4,Nxt1,1.0
E2f4,Ogfr,1.0
E2f4,Orc1,1.0
E2f4,P4ha2,-1.0
E2f4,Park7,1.0
E2f4,Pclaf,-1.0
E2f4,Pcna,1.0
E2f4,Pcnt,1.0
E2f4,Pdxk,1.0
E2f4,Pdxp,1.0
E2f4,Pgrmc1,1.0
E2f4,Pigq,1.0
E2f4,Pim2,1.0
E2f4,Pkn2,1.0
E2f4,Plcg1,1.0
E2f4,Plk1,-1.0
E2f4,Plk4,1.0
E2f4,Plscr1,1.0
E2f4,Plscr2,1.0
E2f4,Pola2,1.0
E2f4,Pold1,1.0
E2f4,Pold2,1.0
E2f4,Pole2,1.0
E2f4,Polr2d,1.0
E2f4,Pparg,-1.0
E2f4,Ppia,1.0
E2f4,Prc1,1.0
E2f4,Prim2,1.0
E2f4,Prkcsh,1.0
E2f4,Prpsap1,1.0
E2f4,Prr11,1.0
E2f4,Ptgs2,1.0
E2f4,Rabif,1.0
E2f4,Rad51,-1.0
E2f4,Rad54l,1.0
E2f4,Rb1,1.0
E2f4,Rbbp5,1.0
E2f4,Rbl1,1.0
E2f4,Recql,1.0
E2f4,Rel,1.0
E2f4,Rfc2,1.0
E2f4,Rfc3,1.0
E2f4,Rfc4,1.0
E2f4,Ripk2,1.0
E2f4,Rpa3,1.0
E2f4,Rps15,1.0
E2f4,Rps4x,1.0
E2f4,Rps6,1.0
E2f4,Rps8,1.0
E2f4,Rrm1,1.0
E2f4,Saysd1,1.0
E2f4,Sfpq,1.0
E2f4,Sh3bgr,1.0
E2f4,Sirpa,1.0
E2f4,Sirpb1a,1.0
E2f4,Sirpb1b,1.0
E2f4,Sirpb1c,1.0
E2f4,Skp1a,1.0
E2f4,Slc25a14,1.0
E2f4,Slc25a4,1.0
E2f4,Slc2a13,1.0
E2f4,Slc35f6,1.0
E2f4,Slc44a4,1.0
E2f4,Slco4a1,1.0
E2f4,Smarca4,1.0
E2f4,Smarca5,1.0
E2f4,Smc2,1.0
E2f4,Smc4,1.0
E2f4,Sp1,1.0
E2f4,Srpr,1.0
E2f4,Srrm2,1.0
E2f4,Ss18l1,1.0
E2f4,Stam,1.0
E2f4,Stmn1,1.0
E2f4,Suv39h1,1.0
E2f4,Suz12,1.0
E2f4,Tert,1.0
E2f4,Tfam,1.0
E2f4,Tfrc,1.0
E2f4,Thop1,1.0
E2f4,Tk1,1.0
E2f4,Tmpo,1.0
E2f4,Top1,1.0
E2f4,Top2a,1.0
E2f4,Topbp1,-1.0
E2f4,Traf2,1.0
E2f4,Tsnax,1.0
E2f4,Ttk,-1.0
E2f4,Tyms,1.0
E2f4,Ube2c,1.0
E2f4,Umps,1.0
E2f4,Ung,1.0
E2f4,Usp25,1.0
E2f4,Uxt,1.0
E2f4,Vars2,1.0
E2f4,Vcp,1.0
E2f4,Vps4a,1.0
E2f4,Wdr76,1.0
E2f4,Wee1,1.0
E2f4,Xrcc2,1.0
E2f4,Ybx3,1.0
E2f4,Ywhah,1.0
E2f4,Zfp36l1,1.0
E2f5,Myc,1.0
E2f5,Cbx3,1.0
E2f5,Chek2,1.0
E2f5,Dpysl2,1.0
E2f5,Fancc,1.0
E2f5,Jade1,1.0
E2f5,Jsrp1,1.0
E2f5,Map3k7,1.0
E2f5,Mcm3,1.0
E2f5,Pim1,1.0
E2f5,Ptma,1.0
E2f5,Slc22a23,1.0
E2f5,Slc25a37,1.0
E2f6,Apaf1,-1.0
E2f6,Brca1,-1.0
E2f6,Depdc5,-1.0
E2f6,E2f1,-1.0
E2f6,Rbbp4,-1.0
E2f6,Rbbp8,-1.0
E2f6,Zfp131,-1.0
E2f6,Abr,-1.0
E2f6,Agrn,-1.0
E2f6,Arhgap21,-1.0
E2f6,Bahcc1,-1.0
E2f6,Bahd1,-1.0
E2f6,Ccdc57,-1.0
E2f6,Ctdsp1,-1.0
E2f6,Efna3,-1.0
E2f6,Fam178b,-1.0
E2f6,Fancc,-1.0
E2f6,Fzd5,-1.0
E2f6,Gnas,-1.0
E2f6,Hira,-1.0
E2f6,Icam5,-1.0
E2f6,Kazald1,-1.0
E2f6,Kctd15,-1.0
E2f6,Ltbp3,-1.0
E2f6,Macf1,-1.0
E2f6,Meis2,-1.0
E2f6,Mex3b,-1.0
E2f6,Mroh1,-1.0
E2f6,Mxi1,-1.0
E2f6,Myh9,-1.0
E2f6,Nacc2,-1.0
E2f6,Nfatc1,-1.0
E2f6,Nfatc2,-1.0
E2f6,Nfe2l2,-1.0
E2f6,Nfib,-1.0
E2f6,Nol4l,-1.0
E2f6,Osbpl3,-1.0
E2f6,Pcbp1,-1.0
E2f6,Pde4a,-1.0
E2f6,Pfkfb3,-1.0
E2f6,Piezo1,-1.0
E2f6,Pip4k2a,-1.0
E2f6,Ptma,-1.0
E2f6,Ptp4a2,-1.0
E2f6,Ptprf,-1.0
E2f6,Ptpru,-1.0
E2f6,Rap1gap,-1.0
E2f6,Rnh1,-1.0
E2f6,Rslcan18,-1.0
E2f6,Rxra,-1.0
E2f6,Ryr1,-1.0
E2f6,Slc16a3,-1.0
E2f6,Slc9a3,-1.0
E2f6,Smad3,-1.0
E2f6,Srcin1,-1.0
E2f6,Srxn1,-1.0
E2f6,St3gal1,-1.0
E2f6,St6gal1,-1.0
E2f6,Tacc3,-1.0
E2f6,Tango2,-1.0
E2f6,Tcf3,-1.0
E2f6,Tfap4,-1.0
E2f6,Tgif1,-1.0
E2f6,Tnk2,-1.0
E2f6,Trib3,-1.0
E2f6,Txnrd1,-1.0
E2f6,Zcchc2,-1.0
E2f6,Zfp395,-1.0
E2f6,Zfp451,-1.0
E2f6,Zfp941,-1.0
E2f7,E2f1,-1.0
E2f7,Sp1,-1.0
E2f7,E2f8,1.0
E2f7,Uhrf1,1.0
E2f7,Agrn,1.0
E2f7,Aldoa,1.0
E2f7,Aldoart1,1.0
E2f7,Aldoart2,1.0
E2f7,Arid1a,1.0
E2f7,Cd44,1.0
E2f7,Dnmt1,1.0
E2f7,Dst,1.0
E2f7,Ets1,1.0
E2f7,Fos,1.0
E2f7,Hnrnpd,1.0
E2f7,Hnrnpk,1.0
E2f7,Lgals1,1.0
E2f7,Pdgfra,1.0
E2f7,Pfkm,1.0
E2f7,Plk2,1.0
E2f7,Rcc1,1.0
E2f7,Rfc4,1.0
E2f7,Rmi1,1.0
E2f7,Slc1a5,1.0
E2f7,Smg6,1.0
E2f7,Stag2,1.0
E2f7,Vgll4,1.0
E2f7,Wee1,1.0
E2f7,Zfp367,1.0
E2f7,Zfp36l1,1.0
Ebf1,Dennd3,1.0
Ebf1,Fli1,1.0
Ebf1,Lpp,1.0
Ebf1,Ackr3,1.0
Ebf1,Adap1,1.0
Ebf1,Ank1,1.0
Ebf1,Ankrd44,1.0
Ebf1,Arhgef17,1.0
Ebf1,Arhgef2,1.0
Ebf1,Arid5b,1.0
Ebf1,Bcl2,1.0
Ebf1,Brf1,1.0
Ebf1,Ccdc33,1.0
Ebf1,Cdh23,1.0
Ebf1,Clmn,1.0
Ebf1,Cmip,1.0
Ebf1,Coro2b,1.0
Ebf1,Cux1,1.0
Ebf1,Denn2b,1.0
Ebf1,Dpysl2,1.0
Ebf1,Eepd1,1.0
Ebf1,Ehd1,1.0
Ebf1,Elmo1,1.0
Ebf1,Fam102a,1.0
Ebf1,Fchsd2,1.0
Ebf1,Flnb,1.0
Ebf1,Fyn,1.0
Ebf1,Grk5,1.0
Ebf1,Il16,1.0
Ebf1,Inpp4a,1.0
Ebf1,Insr,1.0
Ebf1,Iqsec1,1.0
Ebf1,Itpr1,1.0
Ebf1,Ksr1,1.0
Ebf1,Lamc1,1.0
Ebf1,Lrch1,1.0
Ebf1,Nav2,1.0
Ebf1,Ncald,1.0
Ebf1,Nol4l,1.0
Ebf1,Pacsin2,1.0
Ebf1,Pag1,1.0
Ebf1,Pakap,1.0
Ebf1,Pip4k2a,1.0
Ebf1,Pkig,1.0
Ebf1,Plcl2,1.0
Ebf1,Pld1,1.0
Ebf1,Pmepa1,1.0
Ebf1,Ppfibp2,1.0
Ebf1,Prex1,1.0
Ebf1,Prkag2,1.0
Ebf1,Prkcd,1.0
Ebf1,Ptprs,1.0
Ebf1,Ralgds,1.0
Ebf1,Rasa3,1.0
Ebf1,Rbm20,1.0
Ebf1,Rbm47,1.0
Ebf1,Rftn1,1.0
Ebf1,Rgs6,1.0
Ebf1,Rin3,1.0
Ebf1,Sema4b,1.0
Ebf1,Slc8a1,1.0
Ebf1,Smad7,1.0
Ebf1,Spock1,1.0
Ebf1,Sptbn1,1.0
Ebf1,St3gal5,1.0
Ebf1,Stard13,1.0
Ebf1,Tacc1,1.0
Ebf1,Tbc1d2b,1.0
Ebf1,Tcf3,1.0
Ebf1,Tcf4,1.0
Ebf1,Themis2,1.0
Ebf1,Tnfrsf8,1.0
Ebf1,Ust,1.0
Ebf1,Utrn,1.0
Ebf1,Wnt5b,1.0
Egr1,Abca2,1.0
Egr1,Abcb1a,1.0
Egr1,Abcb1b,1.0
Egr1,Ace,1.0
Egr1,Ache,1.0
Egr1,Akr1b3,1.0
Egr1,Alox5,1.0
Egr1,Angptl4,1.0
Egr1,Apex1,1.0
Egr1,Apoa1,1.0
Egr1,Ar,-1.0
Egr1,Areg,1.0
Egr1,Atf3,1.0
Egr1,Atp2a2,1.0
Egr1,Bax,1.0
Egr1,Bcar1,1.0
Egr1,Bcl2,1.0
Egr1,Cacna1h,1.0
Egr1,Cat,1.0
Egr1,Ccnd1,1.0
Egr1,Cd19,1.0
Egr1,Cd28,1.0
Egr1,Cd44,1.0
Egr1,Cd9,1.0
Egr1,Cdh13,1.0
Egr1,Cdk5,1.0
Egr1,Cdk5r1,1.0
Egr1,Cdkn1a,1.0
Egr1,Cebpb,1.0
Egr1,Chga,1.0
Egr1,Chrna7,1.0
Egr1,Col2a1,-1.0
Egr1,Crabp2,1.0
Egr1,Ctnnb1,1.0
Egr1,Dmrt1,1.0
Egr1,Eapp,1.0
Egr1,Egfr,1.0
Egr1,Elk1,1.0
Egr1,Ep300,1.0
Egr1,Epx,1.0
Egr1,F3,1.0
Egr1,Fas,-1.0
Egr1,Fasl,1.0
Egr1,Fasn,1.0
Egr1,Fcer2a,-1.0
Egr1,Fgf2,1.0
Egr1,Fgfr3,1.0
Egr1,Flt1,1.0
Egr1,Fn1,1.0
Egr1,Fosl1,1.0
Egr1,Gdf15,1.0
Egr1,Gdnf,1.0
Egr1,Ggps1,1.0
Egr1,Hif1a,1.0
Egr1,Hsd11b2,-1.0
Egr1,Hyal1,1.0
Egr1,Ifng,1.0
Egr1,Igf2,1.0
Egr1,Il2,1.0
Egr1,Il2rb,1.0
Egr1,Il3,1.0
Egr1,Il6,-1.0
Egr1,Impdh2,1.0
Egr1,Jun,1.0
Egr1,Kcnh8,1.0
Egr1,Ldlr,1.0
Egr1,Lmtk2,1.0
Egr1,Ltb,1.0
Egr1,Mmp14,1.0
Egr1,Myb,-1.0
Egr1,Myc,1.0
Egr1,Nab2,1.0
Egr1,Nfkb1,1.0
Egr1,Pcsk2,1.0
Egr1,Pdgfa,1.0
Egr1,Pdgfb,1.0
Egr1,Pdgfc,1.0
Egr1,Plau,1.0
Egr1,Plaur,1.0
Egr1,Por,1.0
Egr1,Pparg,1.0
Egr1,Psen2,1.0
Egr1,Pten,1.0
Egr1,Ptges,1.0
Egr1,Ptgs2,-1.0
Egr1,Ptp4a1,1.0
Egr1,Rbl2,1.0
Egr1,Rela,-1.0
Egr1,Ret,1.0
Egr1,Serpine1,1.0
Egr1,Slc1a4,1.0
Egr1,Slc4a2,1.0
Egr1,Slc5a5,1.0
Egr1,Slc9a3,1.0
Egr1,Sod1,1.0
Egr1,Sos1,1.0
Egr1,Spp1,1.0
Egr1,Spry1,1.0
Egr1,Stim1,1.0
Egr1,Stmn1,1.0
Egr1,Syn1,1.0
Egr1,Syn2,1.0
Egr1,Tbxa2r,1.0
Egr1,Tcf4,1.0
Egr1,Tfpi2,1.0
Egr1,Tgfb1,1.0
Egr1,Tgfbr2,1.0
Egr1,Th,1.0
Egr1,Thbs1,1.0
Egr1,Timp2,1.0
Egr1,Timp3,1.0
Egr1,Tmpo,1.0
Egr1,Tnf,1.0
Egr1,Toe1,1.0
Egr1,Tpo,1.0
Egr1,Trp53,1.0
Egr1,Trp73,1.0
Egr1,Ube2s,1.0
Egr1,Vamp2,1.0
Egr1,Vegfa,1.0
Egr1,Wnt4,-1.0
Egr1,Wt1,1.0
Ehf,Krt15,1.0
Ehf,Fbxo32,1.0
Ehf,Grb7,1.0
Ehf,Limd1,1.0
Ehf,Liph,1.0
Ehf,Map3k13,1.0
Ehf,Myh14,1.0
Ehf,Myo5b,1.0
Ehf,Oit1,1.0
Ehf,Pmm2,1.0
Ehf,Sptbn2,1.0
Ehf,Tmc5,1.0
Ehf,Ttc14,1.0
Ehf,Usp8,1.0
Ehf,Wdr55,1.0
Ehf,Wipf2,1.0
Ehf,Wwc1,1.0
Ehf,Zfp62,1.0
Elf1,Brca2,1.0
Elf1,Meis1,1.0
Elf1,Adcy7,1.0
Elf1,Aff1,1.0
Elf1,Ankmy1,1.0
Elf1,Arhgap12,1.0
Elf1,Arhgdia,1.0
Elf1,Asap1,1.0
Elf1,Aspscr1,1.0
Elf1,Cast,1.0
Elf1,Cdc42se2,1.0
Elf1,Chd9,1.0
Elf1,D1Pas1,1.0
Elf1,Ddx3x,1.0
Elf1,Dpp9,1.0
Elf1,Dyrk1a,1.0
Elf1,Fam49b,1.0
Elf1,Fndc3b,1.0
Elf1,Foxn3,1.0
Elf1,Foxo3,1.0
Elf1,Gatad2a,1.0
Elf1,Igf2r,1.0
Elf1,Klf9,1.0
Elf1,Larp4b,1.0
Elf1,Lsm4,1.0
Elf1,Mafk,1.0
Elf1,Map1lc3b,1.0
Elf1,Mbnl1,1.0
Elf1,Med15,1.0
Elf1,Myo9b,1.0
Elf1,Nedd4l,1.0
Elf1,Nfe2l2,1.0
Elf1,Pcbp1,1.0
Elf1,Prkch,1.0
Elf1,Ptpa,1.0
Elf1,Pttg1ip,1.0
Elf1,Rnf213,1.0
Elf1,Rnf38,1.0
Elf1,Sbno2,1.0
Elf1,Sec14l1,1.0
Elf1,Sgms1,1.0
Elf1,Sin3a,1.0
Elf1,Srebf1,1.0
Elf1,Stk24,1.0
Elf1,Tacc1,1.0
Elf1,Trib1,1.0
Elf1,Tspan14,1.0
Elf1,Ube2h,1.0
Elf1,Zfp217,1.0
Elf1,Zfyve28,1.0
Elf3,Itgb6,1.0
Elf3,Adgrf1,1.0
Elf3,Adgrv1,1.0
Elf3,Alcam,1.0
Elf3,Arhgap12,1.0
Elf3,Arhgap32,1.0
Elf3,Arhgap42,1.0
Elf3,Arsg,1.0
Elf3,Atp2a2,1.0
Elf3,Barx2,1.0
Elf3,Cdcp1,1.0
Elf3,Cftr,1.0
Elf3,Ctnnbip1,1.0
Elf3,Cyp24a1,1.0
Elf3,Dock4,1.0
Elf3,F2rl1,1.0
Elf3,Fat1,1.0
Elf3,Gmds,1.0
Elf3,Grhl2,1.0
Elf3,Habp2,1.0
Elf3,Hk2,1.0
Elf3,Krt8,1.0
Elf3,Lpp,1.0
Elf3,Mal2,1.0
Elf3,Mcc,1.0
Elf3,Meis1,1.0
Elf3,Nedd4l,1.0
Elf3,Nfia,1.0
Elf3,Pla2g4a,1.0
Elf3,Pla2g6,1.0
Elf3,Pld1,1.0
Elf3,Plekhg3,1.0
Elf3,Ptk2b,1.0
Elf3,Ptpre,1.0
Elf3,Rabgap1l,1.0
Elf3,Rbm47,1.0
Elf3,Rnf43,1.0
Elf3,Runx1,1.0
Elf3,Sema4b,1.0
Elf3,Septin9,1.0
Elf3,Sh3tc2,1.0
Elf3,Slc37a1,1.0
Elf3,Slc39a11,1.0
Elf3,Slc44a3,1.0
Elf3,Slx4ip,1.0
Elf3,Spred2,1.0
Elf3,St14,1.0
Elf3,Tacc2,1.0
Elf3,Tnip1,1.0
Elf3,Tspan15,1.0
Elf3,Wwc1,1.0
Elf5,Ccdc77,1.0
Elf5,Chchd2,1.0
Elf5,Elovl6,1.0
Elf5,Ffar4,1.0
Elf5,Kdm5a,1.0
Elf5,Krt8,1.0
Elf5,Limd1,1.0
Elf5,Mrpl52,1.0
Elf5,Ncbp2,1.0
Elf5,Ptk2b,1.0
Elf5,Ptpn6,1.0
Elf5,Pyroxd2,1.0
Elf5,Rad50,1.0
Elf5,Rbm34,1.0
Elf5,Slx4ip,1.0
Elf5,Smg7,1.0
Elf5,Snrpb2,1.0
Elf5,Suds3,1.0
Elf5,Ttc14,1.0
Elf5,Vtcn1,1.0
Elk1,Acta2,1.0
Elk1,Cdkn1b,1.0
Elk1,Cited2,1.0
Elk1,Ddit4,1.0
Elk1,Egr1,1.0
Elk1,Erbb2,1.0
Elk1,F2,1.0
Elk1,Fos,1.0
Elk1,Fosl1,1.0
Elk1,Fut4,1.0
Elk1,Ier2,1.0
Elk1,Junb,1.0
Elk1,Ly96,1.0
Elk1,Mcl1,1.0
Elk1,Mdm4,1.0
Elk1,Mmp13,1.0
Elk1,Mylk,1.0
Elk1,Nr1h2,1.0
Elk1,Nr4a1,1.0
Elk1,Pdgfb,1.0
Elk1,Prkca,1.0
Elk1,Psen1,1.0
Elk1,Ptprz1,1.0
Elk1,Slu7,1.0
Elk1,Sod1,1.0
Elk1,Srf,1.0
Elk1,Tagln,1.0
Elk1,Tbp,1.0
Elk1,Tlr9,1.0
Elk1,Tnf,1.0
Elk1,Vil1,1.0
Elk4,Fos,1.0
Elk4,Actb,1.0
Elk4,Arpc5l,1.0
Elk4,Asb1,1.0
Elk4,Egr1,1.0
Elk4,Ercc1,1.0
Elk4,Kdm5a,1.0
Elk4,Krt8,1.0
Elk4,Ncoa7,1.0
Elk4,Scaf11,1.0
Elk4,Sec14l1,1.0
Elk4,Septin10,1.0
Elk4,Slc4a7,1.0
Elk4,Zfand6,1.0
Eomes,Aff1,1.0
Eomes,Ank3,1.0
Eomes,Arhgap15,1.0
Eomes,Astn2,1.0
Eomes,Csmd3,1.0
Eomes,Denn2b,1.0
Eomes,Dock10,1.0
Eomes,Dock2,1.0
Eomes,Exoc4,1.0
Eomes,Fyn,1.0
Eomes,Galnt10,1.0
Eomes,Gria1,1.0
Eomes,Ksr1,1.0
Eomes,Lingo2,1.0
Eomes,Lrig1,1.0
Eomes,Nlgn1,1.0
Eomes,Nrxn3,1.0
Eomes,Ppp2r2b,1.0
Eomes,Sorbs2,1.0
Eomes,Thsd7a,1.0
Eomes,Tiam1,1.0
Epas1,Adora2a,1.0
Epas1,Bhlhe40,1.0
Epas1,Car9,1.0
Epas1,Egln3,1.0
Epas1,Epo,1.0
Epas1,Flt1,1.0
Epas1,Pdgfb,1.0
Epas1,Pou5f1,1.0
Epas1,Serpine1,1.0
Epas1,Slc11a2,1.0
Epas1,Sphk1,1.0
Epas1,Tert,1.0
Epas1,Vegfa,1.0
Erg,Cdh5,1.0
Erg,Eng,1.0
Erg,Fgf2,-1.0
Erg,Hmox1,1.0
Erg,Icam1,-1.0
Erg,Icam2,1.0
Erg,Mmp10,1.0
Erg,Mmp3,1.0
Erg,Mmp9,1.0
Erg,Nos3,1.0
Erg,Tmprss2,1.0
Erg,Vim,1.0
Erg,Vwf,1.0
Esr1,Abcg3,1.0
Esr1,Adora1,1.0
Esr1,Akt1,1.0
Esr1,Akt2,1.0
Esr1,Angptl4,1.0
Esr1,Apoa1,1.0
Esr1,Ar,1.0
Esr1,Arid5b,1.0
Esr1,Atp2b1,1.0
Esr1,Atp2b2,1.0
Esr1,Atp2b4,1.0
Esr1,Avp,1.0
Esr1,Axin2,1.0
Esr1,B4galnt2,1.0
Esr1,Bcl2,1.0
Esr1,Bcl9,1.0
Esr1,Blm,1.0
Esr1,Bmp6,1.0
Esr1,Btg2,-1.0
Esr1,C3,1.0
Esr1,Cad,1.0
Esr1,Capn2,1.0
Esr1,Cav1,1.0
Esr1,Cav2,1.0
Esr1,Ccn5,1.0
Esr1,Ccnd1,1.0
Esr1,Cct6b,1.0
Esr1,Cd86,1.0
Esr1,Cdh1,1.0
Esr1,Cdkn1a,1.0
Esr1,Cdkn1b,-1.0
Esr1,Cebpb,1.0
Esr1,Chat,1.0
Esr1,Cldn4,1.0
Esr1,Crh,-1.0
Esr1,Crhbp,1.0
Esr1,Cryz,1.0
Esr1,Ctnnb1,-1.0
Esr1,Ctsd,1.0
Esr1,Cxcl12,1.0
Esr1,Cyp19a1,1.0
Esr1,Cyp1a1,-1.0
Esr1,Cyp1b1,1.0
Esr1,E2f1,1.0
Esr1,Ebag9,1.0
Esr1,Edn3,1.0
Esr1,Egf,1.0
Esr1,Egfr,1.0
Esr1,Erg,1.0
Esr1,Esrra,1.0
Esr1,F12,1.0
Esr1,Fbln1,1.0
Esr1,Fbln2,1.0
Esr1,Fos,1.0
Esr1,Fosl1,1.0
Esr1,Foxc1,1.0
Esr1,Foxo1,1.0
Esr1,Gadd45g,1.0
Esr1,Greb1,1.0
Esr1,Grin2d,1.0
Esr1,Gsn,1.0
Esr1,Hoxa10,1.0
Esr1,Hspb1,1.0
Esr1,Igf1,1.0
Esr1,Igfbp4,1.0
Esr1,Itga2,1.0
Esr1,Itgb1,1.0
Esr1,Jun,1.0
Esr1,Junb,1.0
Esr1,Kat2b,1.0
Esr1,Kdr,1.0
Esr1,Krt15,1.0
Esr1,Krt18,1.0
Esr1,Krt19,1.0
Esr1,Lgals8,1.0
Esr1,Ltf,1.0
Esr1,Macrod1,1.0
Esr1,Mb,1.0
Esr1,Mdm2,1.0
Esr1,Mmp13,1.0
Esr1,Mta3,1.0
Esr1,Myb,1.0
Esr1,Myc,1.0
Esr1,Ncoa1,1.0
Esr1,Ncoa3,1.0
Esr1,Nek6,1.0
Esr1,Nfib,1.0
Esr1,Nid2,1.0
Esr1,Nol3,1.0
Esr1,Nos3,1.0
Esr1,Notch2,1.0
Esr1,Nqo1,-1.0
Esr1,Nr5a2,1.0
Esr1,Nrf1,1.0
Esr1,Oxt,-1.0
Esr1,Pbx1,1.0
Esr1,Pelp1,1.0
Esr1,Pgr,1.0
Esr1,Plac1,1.0
Esr1,Pmaip1,1.0
Esr1,Pofut1,1.0
Esr1,Por,1.0
Esr1,Ppard,1.0
Esr1,Pparg,1.0
Esr1,Prl,1.0
Esr1,Ptma,-1.0
Esr1,Ptprg,1.0
Esr1,Rara,1.0
Esr1,Ren1,1.0
Esr1,Ret,1.0
Esr1,Runx2,1.0
Esr1,Sec61b,1.0
Esr1,Serpinb9,1.0
Esr1,Serpinb9b,1.0
Esr1,Serpinb9c,1.0
Esr1,Serpinb9d,1.0
Esr1,Serpinb9e,1.0
Esr1,Serpinb9f,1.0
Esr1,Serpinb9g,1.0
Esr1,Serpinb9h,1.0
Esr1,Serpine1,1.0
Esr1,Slc8a1,1.0
Esr1,Slc8a2,1.0
Esr1,Slc8a3,1.0
Esr1,Smarca2,1.0
Esr1,Socs3,1.0
Esr1,Sp1,1.0
Esr1,Sp3,1.0
Esr1,Sparc,1.0
Esr1,Spata2,1.0
Esr1,Src,1.0
Esr1,Stat5a,1.0
Esr1,Tac2,1.0
Esr1,Tert,1.0
Esr1,Tfap2c,1.0
Esr1,Tff1,1.0
Esr1,Tgfa,1.0
Esr1,Tnfrsf11b,1.0
Esr1,Tnip1,1.0
Esr1,Trh,1.0
Esr1,Trim16,1.0
Esr1,Trp53,-1.0
Esr1,Tsc22d3,1.0
Esr1,Tyms,1.0
Esr1,Vegfa,1.0
Esr1,Wnt7a,1.0
Esr1,Ywhaq,1.0
Esr1,Zfhx3,1.0
Esr1,Zmynd8,1.0
Esr2,Colec12,1.0
Esr2,Ctsd,1.0
Esr2,Ebag9,1.0
Esr2,Fos,1.0
Esr2,Il1rap,1.0
Esr2,Jun,1.0
Esr2,Mknk2,1.0
Esr2,Oxt,1.0
Esr2,Pgr,1.0
Esr2,Ptprc,1.0
Esr2,Rara,1.0
Esr2,Serpine1,-1.0
Esr2,Tert,1.0
Esr2,Tff1,1.0
Esr2,Tgfa,1.0
Esrra,Cyp19a1,1.0
Esrra,Nr2f6,-1.0
Esrra,Acss2,1.0
Esrra,Rap1gap,1.0
Esrra,Rbm47,1.0
Esrra,Slc22a23,1.0
Esrra,Slc9a1,1.0
Esrra,Acss1,1.0
Esrra,Adgrg1,1.0
Esrra,Ascc2,1.0
Esrra,Atp1b1,1.0
Esrra,Baiap2l1,1.0
Esrra,Bcl3,1.0
Esrra,Bhlhe40,1.0
Esrra,C77080,1.0
Esrra,Capn2,1.0
Esrra,Capn8,1.0
Esrra,Cuedc1,1.0
Esrra,Dennd1a,1.0
Esrra,Dlg2,1.0
Esrra,Dmd,1.0
Esrra,Dnajb12,1.0
Esrra,Dnajc5b,1.0
Esrra,Ephb4,1.0
Esrra,Erbb2,1.0
Esrra,Fam129b,1.0
Esrra,Greb1,1.0
Esrra,Gsn,1.0
Esrra,Gtf2ird1,1.0
Esrra,Hdac11,1.0
Esrra,Hk1,1.0
Esrra,Llgl2,1.0
Esrra,Mapkap1,1.0
Esrra,Mark2,1.0
Esrra,Mgll,1.0
Esrra,Msi2,1.0
Esrra,Myo18a,1.0
Esrra,Naaladl2,1.0
Esrra,Ndufaf6,1.0
Esrra,Nfatc2,1.0
Esrra,Nfia,1.0
Esrra,Nrxn1,1.0
Esrra,Ogdh,1.0
Esrra,P3h2,1.0
Esrra,Pak4,1.0
Esrra,Pik3c2b,1.0
Esrra,Pnkd,1.0
Esrra,Por,1.0
Esrra,Ppfibp2,1.0
Esrra,Ppp5c,1.0
Esrra,Rara,1.0
Esrra,Rgs6,1.0
Esrra,Slc35f6,1.0
Esrra,Sox6,1.0
Esrra,Stard10,1.0
Esrra,Stn1,1.0
Esrra,Strbp,1.0
Esrra,Synpo,1.0
Esrra,Syt12,1.0
Esrra,Tenm4,1.0
Esrra,Tgm2,1.0
Esrra,Tmco4,1.0
Esrra,Tmem164,1.0
Esrra,Trib3,1.0
Esrra,Txnrd1,1.0
Esrra,Vdr,1.0
Esrra,Wnk2,1.0
Esrra,Xylt1,1.0
Ets1,Abcb1a,1.0
Ets1,Abcb1b,1.0
Ets1,Abcc1,1.0
Ets1,Angpt2,1.0
Ets1,Anpep,1.0
Ets1,Asap1,1.0
Ets1,Atp2a3,1.0
Ets1,Atp5b,1.0
Ets1,Atxn2,1.0
Ets1,B3gat3,1.0
Ets1,Bax,-1.0
Ets1,Bcl2,1.0
Ets1,Bid,1.0
Ets1,Birc2,1.0
Ets1,Bmp4,1.0
Ets1,Casp8,1.0
Ets1,Ccnd1,1.0
Ets1,Cd3d,1.0
Ets1,Cd4,1.0
Ets1,Cd5,1.0
Ets1,Cd53,1.0
Ets1,Cd6,1.0
Ets1,Cd8a,1.0
Ets1,Cdc37,1.0
Ets1,Cdh13,1.0
Ets1,Cdk4,1.0
Ets1,Cdkn1a,1.0
Ets1,Cdkn1b,1.0
Ets1,Chuk,1.0
Ets1,Cip2a,1.0
Ets1,Col1a1,1.0
Ets1,Cops2,1.0
Ets1,Cox4i1,1.0
Ets1,Csf2,1.0
Ets1,Csf3r,1.0
Ets1,Csnk2a1,1.0
Ets1,Csnk2a2,1.0
Ets1,Csnk2b,1.0
Ets1,Ctsb,1.0
Ets1,Cxcr4,1.0
Ets1,Dad1,1.0
Ets1,Dntt,1.0
Ets1,Dusp6,1.0
Ets1,Ece1,1.0
Ets1,Egr1,1.0
Ets1,Egr2,1.0
Ets1,Emsy,1.0
Ets1,Erg,1.0
Ets1,Ets2,1.0
Ets1,Etv4,1.0
Ets1,F13a1,1.0
Ets1,Fas,1.0
Ets1,Fasl,1.0
Ets1,Fgfbp1,1.0
Ets1,Fli1,1.0
Ets1,Flt1,1.0
Ets1,Fos,1.0
Ets1,Fosl1,1.0
Ets1,Foxd1,1.0
Ets1,Gabpa,1.0
Ets1,Gp5,1.0
Ets1,Gp6,1.0
Ets1,Gp9,1.0
Ets1,Grpr,1.0
Ets1,Gzmb,1.0
Ets1,Gzmc,1.0
Ets1,Hmox1,1.0
Ets1,Hpgd,1.0
Ets1,Ier5,1.0
Ets1,Il10,1.0
Ets1,Il12b,1.0
Ets1,Il2,-1.0
Ets1,Il2rb,1.0
Ets1,Il3,1.0
Ets1,Il5,1.0
Ets1,Itga4,1.0
Ets1,Itga5,1.0
Ets1,Itgb3,1.0
Ets1,Jak3,1.0
Ets1,Lck,1.0
Ets1,Lcp1,1.0
Ets1,Ltb,1.0
Ets1,Ltf,1.0
Ets1,Mcl1,1.0
Ets1,Mdm2,-1.0
Ets1,Met,1.0
Ets1,Mgat5,1.0
Ets1,Mgat5b,1.0
Ets1,Mmp10,1.0
Ets1,Mmp13,1.0
Ets1,Mmp1a,1.0
Ets1,Mmp1b,1.0
Ets1,Mmp2,1.0
Ets1,Mmp3,1.0
Ets1,Mmp9,1.0
Ets1,Mpl,1.0
Ets1,Myb,1.0
Ets1,Ndrg1,-1.0
Ets1,Nfkb1,1.0
Ets1,Nos3,1.0
Ets1,Nrp1,1.0
Ets1,Oas2,1.0
Ets1,Parp1,1.0
Ets1,Pcsk6,1.0
Ets1,Plau,1.0
Ets1,Pold1,1.0
Ets1,Por,1.0
Ets1,Prl,1.0
Ets1,Psen1,1.0
Ets1,Ptgs2,1.0
Ets1,Pthlh,1.0
Ets1,Ptpa,1.0
Ets1,Rad51,1.0
Ets1,Runx1,1.0
Ets1,Slc19a1,1.0
Ets1,Slc26a3,1.0
Ets1,Smad4,1.0
Ets1,Socs1,1.0
Ets1,Spry2,1.0
Ets1,Surf1,1.0
Ets1,Taf12,1.0
Ets1,Tbxa2r,1.0
Ets1,Tbxas1,-1.0
Ets1,Tceal1,1.0
Ets1,Tert,-1.0
Ets1,Tfap2a,1.0
Ets1,Tfrc,1.0
Ets1,Tgfbr2,1.0
Ets1,Thbs1,1.0
Ets1,Timp1,-1.0
Ets1,Tnc,1.0
Ets1,Tnf,1.0
Ets1,Tnfrsf8,1.0
Ets1,Tnfsf14,1.0
Ets1,Tom1,1.0
Ets1,Trp53,1.0
Ets1,Ttyh3,1.0
Ets1,Vegfa,1.0
Ets1,Vwf,1.0
Ets1,Was,1.0
Ets1,Wt1,1.0
Ets2,Angpt2,1.0
Ets2,Anpep,1.0
Ets2,Brca1,1.0
Ets2,Cd163,1.0
Ets2,Cdk1,1.0
Ets2,Cga,1.0
Ets2,Chrne,1.0
Ets2,Csf2,1.0
Ets2,Csf3r,1.0
Ets2,Egr1,1.0
Ets2,Erg,1.0
Ets2,Fli1,1.0
Ets2,Fos,1.0
Ets2,Fosl1,1.0
Ets2,Icam1,1.0
Ets2,Il12b,1.0
Ets2,Il5,1.0
Ets2,Jak3,1.0
Ets2,Mdm2,1.0
Ets2,Mmp10,1.0
Ets2,Mmp3,1.0
Ets2,Mmp9,1.0
Ets2,Msr1,1.0
Ets2,Myc,1.0
Ets2,Pde7a,1.0
Ets2,Psen1,1.0
Ets2,Pthlh,1.0
Ets2,Tert,1.0
Ets2,Trp53,1.0
Ets2,Vwf,1.0
Etv1,Adamtsl3,1.0
Etv1,Ankrd44,1.0
Etv1,Birc6,1.0
Etv1,Cdk18,1.0
Etv1,Cggbp1,1.0
Etv1,Coq8a,1.0
Etv1,Cttn,1.0
Etv1,Dusp6,1.0
Etv1,Ercc1,1.0
Etv1,Fmr1,1.0
Etv1,Iqgap2,1.0
Etv1,Isg20l2,1.0
Etv1,Jmjd6,1.0
Etv1,Kcnn3,1.0
Etv1,Kdm5a,1.0
Etv1,Limch1,1.0
Etv1,Matn2,1.0
Etv1,Mzf1,1.0
Etv1,Nav1,1.0
Etv1,Nfia,1.0
Etv1,Nsmce1,1.0
Etv1,Pde9a,1.0
Etv1,Rap1gap,1.0
Etv1,Sec14l1,1.0
Etv1,Tank,1.0
Etv1,Tcf4,1.0
Etv1,Tnik,1.0
Etv1,Utrn,1.0
Etv1,Wdr37,1.0
Etv4,Agtr1a,1.0
Etv4,Agtr1b,1.0
Etv4,Bdkrb1,1.0
Etv4,Erbb2,-1.0
Etv4,Ets1,1.0
Etv4,Mmp2,1.0
Etv4,Mmp7,1.0
Etv4,Muc4,1.0
Etv4,Plaur,1.0
Etv4,Ptgs2,1.0
Etv4,Syn2,1.0
Etv4,Tgfbr2,1.0
Etv4,Timp2,1.0
Etv4,Tnf,1.0
Etv4,Vim,1.0
Etv4,Wt1,1.0
Fli1,Erg,1.0
Fli1,Eya3,1.0
Fli1,Fos,1.0
Fli1,Gata1,1.0
Fli1,Gp6,1.0
Fli1,Gp9,1.0
Fli1,Hmox1,1.0
Fli1,Id2,1.0
Fli1,Igfbp3,-1.0
Fli1,Itga2b,1.0
Fli1,Mpl,1.0
Fli1,Tert,1.0
Fli1,Tgfbr2,1.0
Fos,Acp5,1.0
Fos,Acta1,1.0
Fos,Arnt,1.0
Fos,Batf3,1.0
Fos,Bcl2l1,1.0
Fos,Bcl2l11,1.0
Fos,Ccl2,1.0
Fos,Ccl5,1.0
Fos,Ccnd1,-1.0
Fos,Cd40lg,1.0
Fos,Cd69,1.0
Fos,Cdh1,1.0
Fos,Cdk4,1.0
Fos,Cdkn1a,1.0
Fos,Clu,-1.0
Fos,Crem,1.0
Fos,Csf2,1.0
Fos,Csta1,1.0
Fos,Csta2,1.0
Fos,Csta3,1.0
Fos,Cstdc4,1.0
Fos,Cstdc5,1.0
Fos,Cstdc6,1.0
Fos,Ddit3,1.0
Fos,Ercc1,1.0
Fos,Ercc4,1.0
Fos,Ezr,1.0
Fos,Fas,1.0
Fos,Fasl,1.0
Fos,Fasn,1.0
Fos,Fgf2,1.0
Fos,Fosl1,1.0
Fos,Foxa1,1.0
Fos,Gata3,1.0
Fos,Greb1,1.0
Fos,Gstp1,1.0
Fos,Gstp2,1.0
Fos,H2-Ea,1.0
Fos,Hsph1,1.0
Fos,Il12a,1.0
Fos,Il12b,1.0
Fos,Il1a,1.0
Fos,Il1b,1.0
Fos,Il2,1.0
Fos,Il2ra,1.0
Fos,Il4ra,1.0
Fos,Il6,1.0
Fos,Itga5,1.0
Fos,Loxl4,1.0
Fos,Lrig2,1.0
Fos,Maf,1.0
Fos,Meltf,1.0
Fos,Mmp10,1.0
Fos,Mmp1a,1.0
Fos,Mmp1b,1.0
Fos,Mmp2,1.0
Fos,Mmp3,1.0
Fos,Mmp7,1.0
Fos,Mmp9,1.0
Fos,Myc,-1.0
Fos,Nat1,1.0
Fos,Nat2,1.0
Fos,Nat3,1.0
Fos,Nefl,1.0
Fos,Nfatc1,1.0
Fos,Nfkb1,-1.0
Fos,Ngf,1.0
Fos,Nos1,1.0
Fos,Nos2,1.0
Fos,Nppa,1.0
Fos,Nqo1,1.0
Fos,Nr3c1,1.0
Fos,Ntf3,1.0
Fos,Nts,1.0
Fos,Pdgfb,1.0
Fos,Pdha1,1.0
Fos,Penk,1.0
Fos,Pgr,1.0
Fos,Pla2g4a,1.0
Fos,Plau,1.0
Fos,Plaur,1.0
Fos,Ppard,1.0
Fos,Ptgs2,1.0
Fos,Runx2,1.0
Fos,Smad4,1.0
Fos,Smad7,1.0
Fos,Sp3,1.0
Fos,Sprr3,1.0
Fos,Srr,1.0
Fos,Star,1.0
Fos,Stfa1,1.0
Fos,Stfa2,1.0
Fos,Stfa2l1,1.0
Fos,Stfa3,1.0
Fos,Stim1,1.0
Fos,Tnfaip6,1.0
Fos,Trp53,1.0
Fos,Ubp1,1.0
Fos,Vdr,1.0
Fos,Vegfa,1.0
Fos,Vegfd,1.0
Fosl1,Clu,1.0
Fosl1,Eln,1.0
Fosl1,Gclc,1.0
Fosl1,Il6,1.0
Fosl1,Itgb3,-1.0
Fosl1,Mmp1a,1.0
Fosl1,Mmp1b,1.0
Fosl1,Mmp9,1.0
Fosl1,Nqo1,1.0
Fosl1,Plaur,1.0
Fosl2,Bcl6,1.0
Fosl2,Brca1,1.0
Fosl2,Ccr4,1.0
Fosl2,Clu,1.0
Fosl2,Fosl1,1.0
Fosl2,Mmp13,1.0
Fosl2,Nos2,1.0
Fosl2,Plaur,1.0
Fosl2,Mafk,1.0
Fosl2,Ndrg1,1.0
Fosl2,Tgif1,1.0
Foxa1,Abca1,-1.0
Foxa1,Agr2,1.0
Foxa1,Apoa1,1.0
Foxa1,Apob,1.0
Foxa1,Bcl2,-1.0
Foxa1,Brca1,1.0
Foxa1,Ccng2,1.0
Foxa1,Cebpa,1.0
Foxa1,Cftr,-1.0
Foxa1,Cyp7a1,1.0
Foxa1,Erbb3,1.0
Foxa1,Esr1,1.0
Foxa1,Foxc1,1.0
Foxa1,G6pc,1.0
Foxa1,Greb1,1.0
Foxa1,Klk1,1.0
Foxa1,Klk1b1,1.0
Foxa1,Klk1b11,1.0
Foxa1,Klk1b16,1.0
Foxa1,Klk1b21,1.0
Foxa1,Klk1b22,1.0
Foxa1,Klk1b24,1.0
Foxa1,Klk1b26,1.0
Foxa1,Klk1b27,1.0
Foxa1,Klk1b3,1.0
Foxa1,Klk1b4,1.0
Foxa1,Klk1b5,1.0
Foxa1,Klk1b8,1.0
Foxa1,Klk1b9,1.0
Foxa1,Krt7,1.0
Foxa1,Muc4,1.0
Foxa1,Myc,1.0
Foxa1,Nf1,1.0
Foxa1,Pdx1,1.0
Foxa1,Ret,1.0
Foxa1,Rprm,-1.0
Foxa1,Scgb1a1,1.0
Foxa1,Sftpb,1.0
Foxa1,Tff1,1.0
Foxa1,Ttr,1.0
Foxa2,Apoa1,1.0
Foxa2,Cdh1,1.0
Foxa2,Cftr,-1.0
Foxa2,Cyp7a1,1.0
Foxa2,G6pc,1.0
Foxa2,Muc4,1.0
Foxa2,Pdx1,1.0
Foxa2,Ttr,1.0
Foxa2,Tcf7l2,1.0
Foxa2,Wwc1,1.0
Foxj2,Sun1,1.0
Foxj2,Antxr2,1.0
Foxj2,Arid4a,1.0
Foxj2,Azi2,1.0
Foxj2,Bfsp1,1.0
Foxj2,Cc2d2a,1.0
Foxj2,Cfap69,1.0
Foxj2,Crb1,1.0
Foxj2,Cwc27,1.0
Foxj2,Dnajc16,1.0
Foxj2,Ermn,1.0
Foxj2,Fam13a,1.0
Foxj2,Fam81b,1.0
Foxj2,Fhl1,1.0
Foxj2,Hbp1,1.0
Foxj2,Hibadh,1.0
Foxj2,Jak1,1.0
Foxj2,Lrba,1.0
Foxj2,Mak,1.0
Foxj2,Osr2,1.0
Foxj2,Otud5,1.0
Foxj2,Pcgf5,1.0
Foxj2,Per1,1.0
Foxj2,Pik3ca,1.0
Foxj2,Prpf8,1.0
Foxj2,Qtrt2,1.0
Foxj2,Rhobtb1,1.0
Foxj2,Samsn1,1.0
Foxj2,Selenop,1.0
Foxj2,Stag2,1.0
Foxj2,Tnrc18,1.0
Foxj2,Tnxb,1.0
Foxj2,Tra2a,1.0
Foxj2,Wee1,1.0
Foxj2,Zbtb20,1.0
Foxk2,Akt2,1.0
Foxk2,Ankrd11,1.0
Foxk2,Arid5b,1.0
Foxk2,Atf7ip2,1.0
Foxk2,Clec16a,1.0
Foxk2,Cmbl,1.0
Foxk2,Cttn,1.0
Foxk2,Dixdc1,1.0
Foxk2,Dnajb6,1.0
Foxk2,Dpp9,1.0
Foxk2,Fdft1,1.0
Foxk2,Foxk1,1.0
Foxk2,Gatad2a,1.0
Foxk2,Hnrnpf,1.0
Foxk2,Itpr1,1.0
Foxk2,Kdm6b,1.0
Foxk2,Ldlr,1.0
Foxk2,Marchf3,1.0
Foxk2,Mark2,1.0
Foxk2,Med15,1.0
Foxk2,Mgrn1,1.0
Foxk2,Mnt,1.0
Foxk2,Mthfr,1.0
Foxk2,Nedd4l,1.0
Foxk2,Nsun4,1.0
Foxk2,Osbpl9,1.0
Foxk2,Pcbp1,1.0
Foxk2,Phf12,1.0
Foxk2,Pi4ka,1.0
Foxk2,Picalm,1.0
Foxk2,Por,1.0
Foxk2,Ptp4a2,1.0
Foxk2,Sema4b,1.0
Foxk2,Smurf1,1.0
Foxk2,Snap23,1.0
Foxk2,St7,1.0
Foxk2,Stat3,1.0
Foxk2,Tle3,1.0
Foxk2,Tlk1,1.0
Foxk2,Trappc10,1.0
Foxk2,Tsc22d2,1.0
Foxk2,Txnip,1.0
Foxk2,Ube2d3,1.0
Foxk2,Usp42,1.0
Foxk2,Vps13d,1.0
Foxk2,Wee1,1.0
Foxk2,Xpo7,1.0
Foxk2,Xxylt1,1.0
Foxk2,Zfp131,1.0
Foxl2,Amh,1.0
Foxl2,Atf3,1.0
Foxl2,Bcl2a1a,1.0
Foxl2,Bcl2a1b,1.0
Foxl2,Bcl2a1c,1.0
Foxl2,Bcl2a1d,1.0
Foxl2,Ccl20,1.0
Foxl2,Ccl3,1.0
Foxl2,Ch25h,1.0
Foxl2,Cyp17a1,1.0
Foxl2,Cyp19a1,-1.0
Foxl2,Fos,1.0
Foxl2,Fshb,1.0
Foxl2,Ier3,1.0
Foxl2,Il11,1.0
Foxl2,Nr5a2,1.0
Foxl2,Ppargc1a,1.0
Foxl2,Ptgs2,1.0
Foxl2,Sirt1,1.0
Foxl2,Sod2,1.0
Foxl2,Tnfaip3,1.0
Foxm1,Aurkb,1.0
Foxm1,Birc5,1.0
Foxm1,Bmi1,1.0
Foxm1,Brca2,1.0
Foxm1,Ccnb1,1.0
Foxm1,Ccnd1,1.0
Foxm1,Ccnd2,1.0
Foxm1,Cdc25a,1.0
Foxm1,Cdc25b,1.0
Foxm1,Cdc25c,1.0
Foxm1,Cdc6,1.0
Foxm1,Cdk1,1.0
Foxm1,Cdkn1a,1.0
Foxm1,Cdkn1b,1.0
Foxm1,Cdx2,1.0
Foxm1,Cenpa,1.0
Foxm1,Cenpb,1.0
Foxm1,Cenpf,1.0
Foxm1,Cks1b,1.0
Foxm1,Cyp7a1,1.0
Foxm1,Esr1,1.0
Foxm1,Fos,1.0
Foxm1,Foxf1,1.0
Foxm1,Itgb1,1.0
Foxm1,Lama2,1.0
Foxm1,Lama4,1.0
Foxm1,Mmp2,1.0
Foxm1,Myc,1.0
Foxm1,Onecut1,1.0
Foxm1,Pecam1,1.0
Foxm1,Plk1,1.0
Foxm1,Skp2,1.0
Foxm1,Vegfa,1.0
Foxm1,Xrcc1,1.0
Foxo1,Abcb1a,1.0
Foxo1,Abcb1b,1.0
Foxo1,Agrp,1.0
Foxo1,Angpt2,1.0
Foxo1,Bcl2l11,1.0
Foxo1,Cav1,1.0
Foxo1,Ccnb1,-1.0
Foxo1,Ccnb2,-1.0
Foxo1,Ccnd1,-1.0
Foxo1,Ccnd2,-1.0
Foxo1,Ccng2,1.0
Foxo1,Cdkn1a,1.0
Foxo1,Cdkn1b,1.0
Foxo1,Cdkn1c,1.0
Foxo1,Cdkn2b,1.0
Foxo1,Cdkn2d,1.0
Foxo1,Cnot8,1.0
Foxo1,Cnr1,-1.0
Foxo1,Daam1,1.0
Foxo1,Dapk1,1.0
Foxo1,Dusp4,-1.0
Foxo1,Eif4ebp1,1.0
Foxo1,G6pc,1.0
Foxo1,Igfbp1,1.0
Foxo1,Il1b,1.0
Foxo1,Klf2,1.0
Foxo1,Mcm5,-1.0
Foxo1,Nos3,1.0
Foxo1,Pck1,1.0
Foxo1,Pck2,1.0
Foxo1,Pdk4,1.0
Foxo1,Pparg,1.0
Foxo1,Prl,1.0
Foxo1,Rag1,1.0
Foxo1,Rps6ka3,1.0
Foxo1,Scp2,1.0
Foxo1,Selenop,1.0
Foxo1,Sell,1.0
Foxo1,Timp3,-1.0
Foxo1,Tmem47,1.0
Foxo1,Tnfsf10,1.0
Foxo1,Trim63,1.0
Foxo1,Txnip,-1.0
Foxo3,Abcb1a,1.0
Foxo3,Abcb1b,1.0
Foxo3,Ar,1.0
Foxo3,Bcl2l11,1.0
Foxo3,Bcl6,1.0
Foxo3,Bnip3l,1.0
Foxo3,Cat,1.0
Foxo3,Cblb,1.0
Foxo3,Ccnd1,-1.0
Foxo3,Ccnd2,-1.0
Foxo3,Ccng2,1.0
Foxo3,Cdkn1a,1.0
Foxo3,Cdkn2b,1.0
Foxo3,Cdkn2d,1.0
Foxo3,Cited2,1.0
Foxo3,Dusp5,1.0
Foxo3,Dusp6,1.0
Foxo3,Esr1,1.0
Foxo3,Fasl,1.0
Foxo3,Fbxo32,1.0
Foxo3,Foxo1,1.0
Foxo3,G6pc,1.0
Foxo3,Gadd45a,1.0
Foxo3,Galt,1.0
Foxo3,Hbp1,1.0
Foxo3,Id1,1.0
Foxo3,Jak1,1.0
Foxo3,Klf4,1.0
Foxo3,Nos3,1.0
Foxo3,Pik3ca,1.0
Foxo3,Pink1,1.0
Foxo3,Plau,-1.0
Foxo3,Prdx3,1.0
Foxo3,Rbl2,1.0
Foxo3,Sirt1,1.0
Foxo3,Sod2,1.0
Foxo3,Stk11,1.0
Foxo3,Tnfsf10,1.0
Foxo3,Txnip,1.0
Foxo4,Bcl2l11,1.0
Foxo4,Bcl6,1.0
Foxo4,Cdkn1a,1.0
Foxo4,Cdkn1b,1.0
Foxo4,G6pc,1.0
Foxo4,Gadd45a,1.0
Foxo4,Igfbp1,1.0
Foxo4,Pck2,1.0
Foxo4,Ppargc1a,1.0
Foxo4,Rbl2,1.0
Foxo4,Scp2,1.0
Foxo4,Sod2,1.0
Foxo4,Spry2,1.0
Foxo4,Tnfsf10,1.0
Foxp2,Cntnap2,-1.0
Foxp2,Met,-1.0
Foxp2,Plaur,1.0
Foxp2,Acot7,-1.0
Foxp2,Arhgef4,-1.0
Foxp2,Cdkn1a,-1.0
Foxp2,Dip2c,-1.0
Foxp2,Foxo3,-1.0
Foxp2,Fyn,-1.0
Foxp2,Gnas,-1.0
Foxp2,Hivep3,-1.0
Foxp2,Igf1r,-1.0
Foxp2,Klhl23,-1.0
Foxp2,Meis2,-1.0
Foxp2,Mgat1,-1.0
Foxp2,Mxi1,-1.0
Foxp2,Nectin2,-1.0
Foxp2,Neto1,-1.0
Foxp2,Nr3c1,-1.0
Foxp2,Pbx1,-1.0
Foxp2,Plekha5,-1.0
Foxp2,Ptch1,-1.0
Foxp2,Rbfox2,-1.0
Foxp2,Ripor1,-1.0
Foxp2,Rora,-1.0
Foxp2,Runx1,-1.0
Foxp2,Slc1a5,-1.0
Foxp2,Slc8a2,-1.0
Foxp2,Stat1,-1.0
Foxp2,Tcf4,-1.0
Foxp2,Tfap4,-1.0
Foxp2,Tgif1,-1.0
Foxp2,Trio,-1.0
Foxp2,Zbtb4,-1.0
Foxp2,Zfp395,-1.0
Gabpa,Brca1,1.0
Gabpa,Tomm70a,1.0
Gabpa,Cdk13,1.0
Gabpa,Aak1,1.0
Gabpa,Actb,1.0
Gabpa,Arhgef4,1.0
Gabpa,Arhgef7,1.0
Gabpa,Arpc5l,1.0
Gabpa,Aspscr1,1.0
Gabpa,Bicral,1.0
Gabpa,Cap1,1.0
Gabpa,Cbx8,1.0
Gabpa,Ccdc171,1.0
Gabpa,Dlg1,1.0
Gabpa,Dock4,1.0
Gabpa,Efr3a,1.0
Gabpa,Elovl6,1.0
Gabpa,Erbb2,1.0
Gabpa,Ercc1,1.0
Gabpa,Exoc6,1.0
Gabpa,Fryl,1.0
Gabpa,Ipo11,1.0
Gabpa,Larp4b,1.0
Gabpa,Lig4,1.0
Gabpa,Lsm4,1.0
Gabpa,Mad2l1bp,1.0
Gabpa,Mark2,1.0
Gabpa,Mbnl1,1.0
Gabpa,Med15,1.0
Gabpa,Ncoa2,1.0
Gabpa,Nek7,1.0
Gabpa,Nfib,1.0
Gabpa,Nipbl,1.0
Gabpa,Nsd3,1.0
Gabpa,Oxr1,1.0
Gabpa,Pnkp,1.0
Gabpa,Ptk2b,1.0
Gabpa,Ptpn12,1.0
Gabpa,Pttg1ip,1.0
Gabpa,Rabgef1,1.0
Gabpa,Rnf38,1.0
Gabpa,Sec31a,1.0
Gabpa,Stim2,1.0
Gabpa,Tbc1d5,1.0
Gabpa,Tcf12,1.0
Gabpa,Tm9sf3,1.0
Gabpa,Trappc10,1.0
Gabpa,Ubr4,1.0
Gabpa,Utrn,1.0
Gabpa,Vps13b,1.0
Gabpa,Vps53,1.0
Gabpa,Wdr37,1.0
Gabpa,Zfp280d,1.0
Gata1,Aggf1,1.0
Gata1,Alas2,1.0
Gata1,Ccr3,1.0
Gata1,Cops5,1.0
Gata1,Cybb,1.0
Gata1,Epo,1.0
Gata1,Gfi1b,1.0
Gata1,Gp6,1.0
Gata1,Hemgn,-1.0
Gata1,Nfe2,1.0
Gata1,Tbxa2r,1.0
Gata1,Wt1,1.0
Gata2,Ackr1,1.0
Gata2,Amotl1,1.0
Gata2,Angpt2,1.0
Gata2,Apex1,-1.0
Gata2,Ar,1.0
Gata2,Arrdc4,1.0
Gata2,AW551984,1.0
Gata2,Ccm2,-1.0
Gata2,Ccrl2,1.0
Gata2,Ctsh,1.0
Gata2,Cybb,-1.0
Gata2,Dpysl2,1.0
Gata2,Efcab2,-1.0
Gata2,Elmo1,1.0
Gata2,Epo,-1.0
Gata2,Fcer1a,1.0
Gata2,Fdps,1.0
Gata2,Foxo3,1.0
Gata2,Gata1,1.0
Gata2,Gpr146,1.0
Gata2,Gulp1,-1.0
Gata2,Hmgb1,1.0
Gata2,Htr5a,1.0
Gata2,Icam4,1.0
Gata2,Il1rl1,1.0
Gata2,Lyl1,1.0
Gata2,Ms4a2,1.0
Gata2,Myc,1.0
Gata2,Nos3,1.0
Gata2,Pecam1,1.0
Gata2,Pnpla8,-1.0
Gata2,Pparg,-1.0
Gata2,Ppp1r15a,1.0
Gata2,Psd4,1.0
Gata2,Sgk1,-1.0
Gata2,Tgfb2,-1.0
Gata2,Tnfaip8l1,1.0
Gata2,Vwa5a,1.0
Gata2,Wt1,1.0
Gata3,Abcc2,1.0
Gata3,Apba1,1.0
Gata3,Arnt2,1.0
Gata3,Atp2b1,1.0
Gata3,Atxn10,1.0
Gata3,Bcas3,1.0
Gata3,Blcap,1.0
Gata3,Bpifb1,1.0
Gata3,Cd40lg,1.0
Gata3,Cd8a,1.0
Gata3,Cd8b1,1.0
Gata3,Cdh1,1.0
Gata3,Cdx2,1.0
Gata3,Edn1,1.0
Gata3,Egfr,1.0
Gata3,Epha7,1.0
Gata3,Epo,-1.0
Gata3,Epor,1.0
Gata3,Erg,1.0
Gata3,Esr1,1.0
Gata3,Fbxo11,1.0
Gata3,Fn1,1.0
Gata3,Fndc3b,1.0
Gata3,Foxc1,-1.0
Gata3,Galnt10,1.0
Gata3,Gcnt4,1.0
Gata3,Greb1,1.0
Gata3,Grm7,1.0
Gata3,Ifng,1.0
Gata3,Il12rb2,-1.0
Gata3,Il13,1.0
Gata3,Il2ra,1.0
Gata3,Il4,1.0
Gata3,Il4ra,1.0
Gata3,Il5,1.0
Gata3,Itpk1,1.0
Gata3,Kmt2e,1.0
Gata3,Maf,1.0
Gata3,Mdm2,1.0
Gata3,Myc,1.0
Gata3,Myrip,1.0
Gata3,Ncoa3,1.0
Gata3,Neto1,1.0
Gata3,Nfkb1,1.0
Gata3,Nrcam,1.0
Gata3,Pde3a,1.0
Gata3,Pde7b,1.0
Gata3,Pparg,1.0
Gata3,Rbms1,1.0
Gata3,Rhoh,1.0
Gata3,Septin7,1.0
Gata3,Sh3kbp1,1.0
Gata3,Slc24a3,1.0
Gata3,Slco4c1,1.0
Gata3,Slit2,1.0
Gata3,Spef2,1.0
Gata3,Sst,1.0
Gata3,St8sia6,1.0
Gata3,Svil,1.0
Gata3,Tcf7l2,1.0
Gata3,Tek,1.0
Gata3,Tet2,1.0
Gata3,Tff1,1.0
Gata3,Tgfbr3,1.0
Gata3,Tlr5,1.0
Gata3,Ust,1.0
Gata3,Vapb,1.0
Gata3,Zeb1,1.0
Gata3,Zfp217,1.0
Gata3,Zfp507,1.0
Gata3,Zxdc,1.0
Gata4,Ada,1.0
Gata4,Cyp17a1,1.0
Gata4,Erbb2,-1.0
Gata4,Il5,1.0
Gata4,Nos3,1.0
Gata4,Nppa,1.0
Gata4,Cldn14,1.0
Gata4,Cldn6,1.0
Gata4,Etl4,1.0
Gata4,Flnb,1.0
Gata6,Apoa1,1.0
Gata6,Cyp17a1,1.0
Gata6,Sema6a,1.0
Gata6,Svil,1.0
Gata6,Abcc5,1.0
Gata6,Arhgap42,1.0
Gata6,Ate1,1.0
Gata6,Atp2b1,1.0
Gata6,Barx2,1.0
Gata6,Bcar3,1.0
Gata6,Bcas3,1.0
Gata6,Bhlhe40,1.0
Gata6,Bmpr1b,1.0
Gata6,Cep128,1.0
Gata6,Clic5,1.0
Gata6,Cux1,1.0
Gata6,Dlc1,1.0
Gata6,Dpysl2,1.0
Gata6,Filip1l,1.0
Gata6,Flnb,1.0
Gata6,Galnt2,1.0
Gata6,Galnt2l,1.0
Gata6,Krt18,1.0
Gata6,Krt8,1.0
Gata6,Lmcd1,1.0
Gata6,Mef2c,1.0
Gata6,Mical2,1.0
Gata6,Mid1,1.0
Gata6,Mylk,1.0
Gata6,Nr5a2,1.0
Gata6,Pcsk5,1.0
Gata6,Pde4d,1.0
Gata6,Phldb2,1.0
Gata6,Pkdcc,1.0
Gata6,Pkib,1.0
Gata6,Plcb4,1.0
Gata6,Plekha7,1.0
Gata6,Prdm16,1.0
Gata6,Ptk2b,1.0
Gata6,Rbm47,1.0
Gata6,Rgs3,1.0
Gata6,Septin9,1.0
Gata6,Sh3kbp1,1.0
Gata6,Sh3rf2,1.0
Gata6,Sipa1l2,1.0
Gata6,Slc15a2,1.0
Gata6,Sox6,1.0
Gata6,Sptb,1.0
Gata6,Stard13,1.0
Gata6,Syne1,1.0
Gata6,Syne2,1.0
Gata6,Tbc1d1,1.0
Gata6,Zfp36l1,1.0
Gfi1b,Mef2c,-1.0
Gfi1b,Ahcyl2,1.0
Gfi1b,Ambra1,1.0
Gfi1b,Aplp2,1.0
Gfi1b,Brd2,1.0
Gfi1b,Cpne5,1.0
Gfi1b,Fryl,1.0
Gfi1b,Hk1,1.0
Gfi1b,Hnrnpf,1.0
Gfi1b,Kcnn3,1.0
Gfi1b,Ksr1,1.0
Gfi1b,Ltbp4,1.0
Gfi1b,Macf1,1.0
Gfi1b,Mgat1,1.0
Gfi1b,Myh9,1.0
Gfi1b,Nav2,1.0
Gfi1b,Nedd4l,1.0
Gfi1b,Plb1,1.0
Gfi1b,Rere,1.0
Gfi1b,Sgms1,1.0
Gfi1b,Smyd3,1.0
Gfi1b,Snd1,1.0
Gfi1b,Ssh1,1.0
Gfi1b,Stat6,1.0
Gfi1b,Tmcc2,1.0
Gfi1b,Trim2,1.0
Gfi1b,Usp10,1.0
Gfi1b,Vps13d,1.0
Gli2,Bcl2,1.0
Gli2,Ccnd1,1.0
Gli2,Col5a2,1.0
Gli2,Efemp1,-1.0
Gli2,Fas,-1.0
Gli2,Foxa2,1.0
Gli2,Foxe1,1.0
Gli2,Fst,1.0
Gli2,Gli1,1.0
Gli2,Ifngr1,-1.0
Gli2,Lum,-1.0
Gli2,Pcna,1.0
Gli2,Ptch1,1.0
Gli2,Ugcg,-1.0
Gli2,Wnt2b,1.0
Grhl2,C77080,1.0
Grhl2,Lad1,1.0
Grhl2,Liph,1.0
Grhl2,Abca4,1.0
Grhl2,Ablim1,1.0
Grhl2,Adgrf1,1.0
Grhl2,Afap1,1.0
Grhl2,Alcam,1.0
Grhl2,Alk,1.0
Grhl2,Arhgap32,1.0
Grhl2,Arhgef4,1.0
Grhl2,Atp8b1,1.0
Grhl2,Calml3,1.0
Grhl2,Cast,1.0
Grhl2,Ccdc12,1.0
Grhl2,Cdcp1,1.0
Grhl2,Cdh1,1.0
Grhl2,Cldn4,1.0
Grhl2,Ctnnbip1,1.0
Grhl2,Cuedc1,1.0
Grhl2,Denn2b,1.0
Grhl2,Ehf,1.0
Grhl2,Elmsan1,1.0
Grhl2,Epb41l1,1.0
Grhl2,Esyt2,1.0
Grhl2,Etl4,1.0
Grhl2,Etv6,1.0
Grhl2,Evl,1.0
Grhl2,Exph5,1.0
Grhl2,Fat2,1.0
Grhl2,Fbln2,1.0
Grhl2,Gdpd5,1.0
Grhl2,Gramd3,1.0
Grhl2,Gsn,1.0
Grhl2,Hspb1,1.0
Grhl2,Iqsec1,1.0
Grhl2,Itgb6,1.0
Grhl2,Limch1,1.0
Grhl2,Limk2,1.0
Grhl2,Lpp,1.0
Grhl2,Macf1,1.0
Grhl2,Mal2,1.0
Grhl2,Map4k4,1.0
Grhl2,Mark2,1.0
Grhl2,Mecom,1.0
Grhl2,Mid1,1.0
Grhl2,Myo5b,1.0
Grhl2,Nceh1,1.0
Grhl2,Osbpl3,1.0
Grhl2,Pacsin2,1.0
Grhl2,Pcnx2,1.0
Grhl2,Pkp1,1.0
Grhl2,Plb1,1.0
Grhl2,Plekha7,1.0
Grhl2,Rbm47,1.0
Grhl2,Rp1,1.0
Grhl2,Scel,1.0
Grhl2,Scnn1a,1.0
Grhl2,Sgms1,1.0
Grhl2,Shank2,1.0
Grhl2,Sipa1l3,1.0
Grhl2,Slc12a8,1.0
Grhl2,Slc22a23,1.0
Grhl2,Slc35f2,1.0
Grhl2,Slc3a2,1.0
Grhl2,Slc44a3,1.0
Grhl2,Slco3a1,1.0
Grhl2,Spidr,1.0
Grhl2,Spint2,1.0
Grhl2,St14,1.0
Grhl2,Sult2b1,1.0
Grhl2,Taf1b,1.0
Grhl2,Tgfa,1.0
Grhl2,Tiam2,1.0
Grhl2,Tmc1,1.0
Grhl2,Tns3,1.0
Grhl2,Umodl1,1.0
Grhl2,Wwc1,1.0
Grhl2,Zfp608,1.0
Hbp1,Mif,-1.0
Hbp1,Ncf1,-1.0
Hbp1,Runx1,1.0
Hbp1,Aff1,-1.0
Hbp1,Arid1b,-1.0
Hbp1,Arid5b,-1.0
Hbp1,Cdk19,-1.0
Hbp1,Cited2,-1.0
Hbp1,Cln6,-1.0
Hbp1,Ehd1,-1.0
Hbp1,Elf2,-1.0
Hbp1,Ercc1,-1.0
Hbp1,Foxo3,-1.0
Hbp1,Gabarapl2,-1.0
Hbp1,Gna13,-1.0
Hbp1,Gtf2i,-1.0
Hbp1,Hectd1,-1.0
Hbp1,Herc3,-1.0
Hbp1,Jmjd1c,-1.0
Hbp1,Kank1,-1.0
Hbp1,Klhdc2,-1.0
Hbp1,Lrch1,-1.0
Hbp1,Map1lc3b,-1.0
Hbp1,Mxi1,-1.0
Hbp1,Nipbl,-1.0
Hbp1,P3h4,-1.0
Hbp1,Phpt1,-1.0
Hbp1,Pja2,-1.0
Hbp1,Ppm1a,-1.0
Hbp1,Ppm1d,-1.0
Hbp1,Rnf13,-1.0
Hbp1,Rnf38,-1.0
Hbp1,Sin3a,-1.0
Hbp1,Smarca2,-1.0
Hbp1,Sqstm1,-1.0
Hbp1,Tlk1,-1.0
Hbp1,Topors,-1.0
Hbp1,Vps26a,-1.0
Hif1a,Abca1,1.0
Hif1a,Abcb1a,1.0
Hif1a,Abcb1b,1.0
Hif1a,Abcg3,1.0
Hif1a,Adam17,1.0
Hif1a,Adipoq,1.0
Hif1a,Adm,1.0
Hif1a,Adora2b,1.0
Hif1a,Agt,1.0
Hif1a,Alas2,1.0
Hif1a,Aldoa,1.0
Hif1a,Aldoart1,1.0
Hif1a,Aldoart2,1.0
Hif1a,Angpt2,1.0
Hif1a,Ankrd37,1.0
Hif1a,Aph1a,1.0
Hif1a,Apln,1.0
Hif1a,Aqp1,1.0
Hif1a,Aurka,1.0
Hif1a,Bax,1.0
Hif1a,Bcl2l1,1.0
Hif1a,Bhlhe40,1.0
Hif1a,Bhlhe41,1.0
Hif1a,Birc5,1.0
Hif1a,Bnip3,1.0
Hif1a,Bnip3l,1.0
Hif1a,Car9,1.0
Hif1a,Ccl2,1.0
Hif1a,Ccn2,1.0
Hif1a,Ccnd1,-1.0
Hif1a,Cd36,1.0
Hif1a,Cdh13,1.0
Hif1a,Cdkn1a,1.0
Hif1a,Cdkn1b,1.0
Hif1a,Ceacam1,1.0
Hif1a,Ceacam10,1.0
Hif1a,Ceacam2,1.0
Hif1a,Cited2,1.0
Hif1a,Cox4i1,1.0
Hif1a,Cox4i2,1.0
Hif1a,Cp,1.0
Hif1a,Cxcl12,1.0
Hif1a,Cxcr4,1.0
Hif1a,Cygb,1.0
Hif1a,Ddit4,1.0
Hif1a,E2f3,1.0
Hif1a,Edn1,1.0
Hif1a,Ednrb,1.0
Hif1a,Egln1,1.0
Hif1a,Egln3,1.0
Hif1a,Eng,1.0
Hif1a,Eno1,1.0
Hif1a,Eno1b,1.0
Hif1a,Eno2,1.0
Hif1a,Epo,1.0
Hif1a,Ercc6,1.0
Hif1a,Errfi1,1.0
Hif1a,Ets1,1.0
Hif1a,Fam162a,1.0
Hif1a,Fech,1.0
Hif1a,Fgf2,1.0
Hif1a,Fhl1,1.0
Hif1a,Flt1,1.0
Hif1a,Foxm1,1.0
Hif1a,Furin,1.0
Hif1a,Gbe1,1.0
Hif1a,Gck,1.0
Hif1a,Gfpt1,1.0
Hif1a,Gpx3,1.0
Hif1a,Grin1,1.0
Hif1a,Gys1,1.0
Hif1a,Hey1,1.0
Hif1a,Hk1,1.0
Hif1a,Hk2,1.0
Hif1a,Hmgcr,1.0
Hif1a,Hmox1,1.0
Hif1a,Hsp90b1,1.0
Hif1a,Hspa1a,1.0
Hif1a,Hspa1b,1.0
Hif1a,Id2,1.0
Hif1a,Igfbp1,1.0
Hif1a,Il1b,1.0
Hif1a,Il20,1.0
Hif1a,Ilk,1.0
Hif1a,Itgb1,1.0
Hif1a,Itgb2,1.0
Hif1a,Kdm3a,1.0
Hif1a,Kdm4b,1.0
Hif1a,Kitl,1.0
Hif1a,Klk1,1.0
Hif1a,Klk1b1,1.0
Hif1a,Klk1b11,1.0
Hif1a,Klk1b16,1.0
Hif1a,Klk1b21,1.0
Hif1a,Klk1b22,1.0
Hif1a,Klk1b24,1.0
Hif1a,Klk1b26,1.0
Hif1a,Klk1b27,1.0
Hif1a,Klk1b3,1.0
Hif1a,Klk1b4,1.0
Hif1a,Klk1b5,1.0
Hif1a,Klk1b8,1.0
Hif1a,Klk1b9,1.0
Hif1a,Ldha,1.0
Hif1a,Lep,1.0
Hif1a,Lgals1,1.0
Hif1a,Lox,1.0
Hif1a,Mcl1,1.0
Hif1a,Met,1.0
Hif1a,Mif,1.0
Hif1a,Mmp14,1.0
Hif1a,Muc1,1.0
Hif1a,Muc5ac,1.0
Hif1a,Nampt,1.0
Hif1a,Nos2,1.0
Hif1a,Nos3,1.0
Hif1a,Nppb,1.0
Hif1a,Nr3c1,1.0
Hif1a,Nr4a1,1.0
Hif1a,Nr4a3,1.0
Hif1a,Nt5e,1.0
Hif1a,Ntn1,1.0
Hif1a,Ntrk1,1.0
Hif1a,Pdk3,1.0
Hif1a,Pfkfb3,1.0
Hif1a,Pfkfb4,1.0
Hif1a,Pfkl,1.0
Hif1a,Pfkp,1.0
Hif1a,Pgam1,1.0
Hif1a,Pgk1,1.0
Hif1a,Pkm,1.0
Hif1a,Pla2g4a,1.0
Hif1a,Plaur,1.0
Hif1a,Pmaip1,1.0
Hif1a,Poli,1.0
Hif1a,Ppia,1.0
Hif1a,Ppp1r10,1.0
Hif1a,Ppp1r3c,1.0
Hif1a,Ppp5c,1.0
Hif1a,Ptgs2,1.0
Hif1a,Rnf7,1.0
Hif1a,Rora,1.0
Hif1a,Serpine1,1.0
Hif1a,Slc11a1,1.0
Hif1a,Slc16a4,1.0
Hif1a,Slc2a1,1.0
Hif1a,Socs1,1.0
Hif1a,Sphk1,1.0
Hif1a,Stc2,1.0
Hif1a,Tert,1.0
Hif1a,Tff3,1.0
Hif1a,Tfrc,1.0
Hif1a,Tgfb3,1.0
Hif1a,Timp1,1.0
Hif1a,Tlr2,1.0
Hif1a,Tlr4,1.0
Hif1a,Tlr6,1.0
Hif1a,Trf,1.0
Hif1a,Trp53,1.0
Hif1a,Tubb3,1.0
Hif1a,Twist1,1.0
Hif1a,Vegfa,1.0
Hif1a,Vegfb,1.0
Hif1a,Vegfd,1.0
Hif1a,Zfp217,1.0
Hinfp,Abt1,1.0
Hinfp,Acbd5,1.0
Hinfp,Atf7ip2,1.0
Hinfp,C2cd2l,1.0
Hinfp,Ccdc9,1.0
Hinfp,Cyb5r4,1.0
Hinfp,Gpn1,1.0
Hinfp,Mpzl1,1.0
Hinfp,Mrvi1,1.0
Hinfp,Ppp1r9b,1.0
Hinfp,Reep5,1.0
Hinfp,Runx1,1.0
Hinfp,Septin9,1.0
Hinfp,Sun2,1.0
Hinfp,Tbxas1,1.0
Hinfp,Usp48,1.0
Hmbox1,Ncoa4,-1.0
Hmbox1,Pde8a,-1.0
Hmbox1,Adcy10,-1.0
Hmbox1,Ambra1,-1.0
Hmbox1,Asph,-1.0
Hmbox1,Cdkal1,-1.0
Hmbox1,Chd2,-1.0
Hmbox1,Ctbs,-1.0
Hmbox1,Cyth1,-1.0
Hmbox1,Ints6l,-1.0
Hmbox1,Kdm4c,-1.0
Hmbox1,Ksr1,-1.0
Hmbox1,Pde7a,-1.0
Hmbox1,Peak1,-1.0
Hmbox1,Phf21a,-1.0
Hmbox1,Rbm39,-1.0
Hmbox1,Rbpj,-1.0
Hmbox1,Rev3l,-1.0
Hmbox1,Rictor,-1.0
Hmbox1,Smad3,-1.0
Hmbox1,Spidr,-1.0
Hmbox1,Stk17b,-1.0
Hmbox1,Tnrc6b,-1.0
Hmbox1,Txnrd1,-1.0
Hmbox1,Vps13d,-1.0
Hmbox1,Znrf1,-1.0
Hnf1a,Alb,1.0
Hnf1a,Apoh,1.0
Hnf1a,Cdh17,1.0
Hnf1a,Crp,1.0
Hnf1a,Cyp3a11,1.0
Hnf1a,Cyp3a13,1.0
Hnf1a,Cyp3a16,1.0
Hnf1a,Cyp3a25,1.0
Hnf1a,Cyp3a41a,1.0
Hnf1a,Cyp3a41b,1.0
Hnf1a,Cyp3a44,1.0
Hnf1a,Cyp3a57,1.0
Hnf1a,Cyp3a59,1.0
Hnf1a,Cyp7a1,1.0
Hnf1a,Fgl1,1.0
Hnf1a,G6pc,1.0
Hnf1a,Hnf4a,1.0
Hnf1a,Igf1,1.0
Hnf1a,Igfbp1,1.0
Hnf1a,Ins1,1.0
Hnf1a,Ins2,1.0
Hnf1a,Mia2,1.0
Hnf1a,Mttp,1.0
Hnf1a,Pdx1,1.0
Hnf1a,Slc22a19,1.0
Hnf1a,Slc22a26,1.0
Hnf1a,Slc22a27,1.0
Hnf1a,Slc22a28,1.0
Hnf1a,Slc22a29,1.0
Hnf1a,Slc22a30,1.0
Hnf1a,Slc2a2,1.0
Hnf1a,Ugt1a1,1.0
Hnf1a,Ugt1a6a,1.0
Hnf1a,Ugt1a6b,1.0
Hnf1a,Ugt1a7c,1.0
Hnf1b,Wdr72,1.0
Hnf1b,Acsl5,1.0
Hnf1b,Adgrl2,1.0
Hnf1b,Adgrv1,1.0
Hnf1b,Afdn,1.0
Hnf1b,Anxa10,1.0
Hnf1b,Arhgap24,1.0
Hnf1b,Arhgef28,1.0
Hnf1b,Atp6ap1l,1.0
Hnf1b,B3galt5,1.0
Hnf1b,BC053393,1.0
Hnf1b,Bmpr1b,1.0
Hnf1b,Cemip2,1.0
Hnf1b,Cnksr3,1.0
Hnf1b,Ehf,1.0
Hnf1b,Eps8,1.0
Hnf1b,Fxyd2,1.0
Hnf1b,Glis3,1.0
Hnf1b,Gpr160,1.0
Hnf1b,Gpr39,1.0
Hnf1b,Gramd3,1.0
Hnf1b,Havcr1,1.0
Hnf1b,Hdac4,1.0
Hnf1b,Kcnip4,1.0
Hnf1b,Lpp,1.0
Hnf1b,Lyrm1,1.0
Hnf1b,Mal2,1.0
Hnf1b,Myo16,1.0
Hnf1b,Nrxn1,1.0
Hnf1b,Pard3,1.0
Hnf1b,Phex,1.0
Hnf1b,Plekhg3,1.0
Hnf1b,Ptp4a1,1.0
Hnf1b,Sh3kbp1,1.0
Hnf1b,Spink1,1.0
Hnf1b,Timd2,1.0
Hnf1b,Tinag,1.0
Hnf1b,Tm4sf4,1.0
Hnf1b,Tmco5,1.0
Hnf1b,Veph1,1.0
Hnf1b,Zfp438,1.0
Hnf4a,Abcc2,1.0
Hnf4a,Abcc6,1.0
Hnf4a,Abcg5,-1.0
Hnf4a,Abcg8,-1.0
Hnf4a,Acat2,1.0
Hnf4a,Acat3,1.0
Hnf4a,Acot13,1.0
Hnf4a,Adamts1,1.0
Hnf4a,Afp,1.0
Hnf4a,Aldh6a1,1.0
Hnf4a,Aldob,1.0
Hnf4a,Ank3,1.0
Hnf4a,Apoa1,1.0
Hnf4a,Apoa2,1.0
Hnf4a,Apoa4,1.0
Hnf4a,Apob,1.0
Hnf4a,Apoc3,1.0
Hnf4a,Bphl,1.0
Hnf4a,C1qtnf5,1.0
Hnf4a,C3,1.0
Hnf4a,Cdkn1a,1.0
Hnf4a,Cebpa,1.0
Hnf4a,Cldn4,1.0
Hnf4a,Cyp26a1,1.0
Hnf4a,Cyp27a1,1.0
Hnf4a,Cyp7a1,-1.0
Hnf4a,Cyp8b1,1.0
Hnf4a,Dsc2,1.0
Hnf4a,Ear1,1.0
Hnf4a,Ear10,1.0
Hnf4a,Ear14,1.0
Hnf4a,Ear2,1.0
Hnf4a,Ear6,1.0
Hnf4a,Efhd1,1.0
Hnf4a,Ephx1,1.0
Hnf4a,Ephx2,1.0
Hnf4a,Epo,1.0
Hnf4a,Eps15l1,1.0
Hnf4a,F10,1.0
Hnf4a,F2,1.0
Hnf4a,Fabp2,1.0
Hnf4a,G6pc,1.0
Hnf4a,G6pc3,1.0
Hnf4a,Gfer,-1.0
Hnf4a,Ghr,1.0
Hnf4a,Gpr39,1.0
Hnf4a,Gucy2c,1.0
Hnf4a,Hnf1a,1.0
Hnf4a,Ldlr,1.0
Hnf4a,Lipc,1.0
Hnf4a,Mme,1.0
Hnf4a,Myc,1.0
Hnf4a,Nell2,1.0
Hnf4a,Npc1l1,1.0
Hnf4a,Nr1i2,1.0
Hnf4a,Pck1,1.0
Hnf4a,Pck2,1.0
Hnf4a,Pcsk9,1.0
Hnf4a,Pklr,1.0
Hnf4a,Ppara,1.0
Hnf4a,Pros1,1.0
Hnf4a,Proz,1.0
Hnf4a,Prpf3,1.0
Hnf4a,Rnase2a,1.0
Hnf4a,Rnase2b,1.0
Hnf4a,Selenop,1.0
Hnf4a,Serpina1a,1.0
Hnf4a,Serpina1b,1.0
Hnf4a,Serpina1c,1.0
Hnf4a,Serpina1d,1.0
Hnf4a,Serpina1e,1.0
Hnf4a,Serpinc1,1.0
Hnf4a,Shbg,1.0
Hnf4a,Slc22a6,1.0
Hnf4a,Slc26a3,1.0
Hnf4a,Slc2a2,1.0
Hnf4a,Soat2,1.0
Hnf4a,Sult2a1,1.0
Hnf4a,Sult2a2,1.0
Hnf4a,Sult2a3,1.0
Hnf4a,Sult2a4,1.0
Hnf4a,Sult2a5,1.0
Hnf4a,Sult2a6,1.0
Hnf4a,Sult2a7,1.0
Hnf4a,Sult2a8,1.0
Hnf4a,Tasp1,1.0
Hnf4a,Tbp,1.0
Hnf4a,Tcf7l2,1.0
Hnf4a,Tgfa,1.0
Hnf4a,Ugt1a6a,1.0
Hnf4a,Ugt1a6b,1.0
Hnf4a,Ugt1a7c,1.0
Hnf4a,Vegfd,1.0
Hnf4g,Apoa4,1.0
Hnf4g,Cyp2d10,1.0
Hnf4g,Cyp2d11,1.0
Hnf4g,Cyp2d12,1.0
Hnf4g,Cyp2d22,1.0
Hnf4g,Cyp2d26,1.0
Hnf4g,Cyp2d34,1.0
Hnf4g,Cyp2d40,1.0
Hnf4g,Cyp2d9,1.0
Hnf4g,Serpina1a,1.0
Hnf4g,Serpina1b,1.0
Hnf4g,Serpina1c,1.0
Hnf4g,Serpina1d,1.0
Hnf4g,Serpina1e,1.0
Hnf4g,Shbg,1.0
Hoxa9,Agtpbp1,1.0
Hoxa9,Arhgap15,1.0
Hoxa9,Cryzl1,1.0
Hoxa9,Dyrk1a,1.0
Hoxa9,Ghr,1.0
Hoxa9,Gsap,1.0
Hoxa9,Hecw2,1.0
Hoxa9,Ipcef1,1.0
Hoxa9,Mast2,1.0
Hoxa9,Nav2,1.0
Hoxa9,Nemp1,1.0
Hoxa9,Nf1,1.0
Hoxa9,Pparg,1.0
Hoxa9,Ralgapa2,1.0
Hoxa9,Rere,1.0
Hoxa9,Rgs13,1.0
Hoxa9,Rnf111,1.0
Hoxa9,Spag17,1.0
Hoxa9,Spock1,1.0
Hoxa9,Tle4,1.0
Hoxa9,Vim,1.0
Hoxa9,Zfp503,1.0
Hoxb13,Tcf4,-1.0
Hoxb13,Adam7,1.0
Hoxb13,Akap13,1.0
Hoxb13,Ank3,1.0
Hoxb13,Arhgap32,1.0
Hoxb13,Bnc2,1.0
Hoxb13,Cntn4,1.0
Hoxb13,Col14a1,1.0
Hoxb13,Cop1,1.0
Hoxb13,Ctnnal1,1.0
Hoxb13,Dlg2,1.0
Hoxb13,Dnah11,1.0
Hoxb13,Dock4,1.0
Hoxb13,Dock9,1.0
Hoxb13,Epb41l2,1.0
Hoxb13,Erg,1.0
Hoxb13,Esr1,1.0
Hoxb13,Esrrg,1.0
Hoxb13,Exoc4,1.0
Hoxb13,Fryl,1.0
Hoxb13,Ghr,1.0
Hoxb13,Lnx1,1.0
Hoxb13,Map1b,1.0
Hoxb13,Mid1,1.0
Hoxb13,Mrtfb,1.0
Hoxb13,Nfia,1.0
Hoxb13,Nrxn1,1.0
Hoxb13,Numb,1.0
Hoxb13,Pcnx,1.0
Hoxb13,Pde4d,1.0
Hoxb13,Psd3,1.0
Hoxb13,Ralgapa1,1.0
Hoxb13,Rfx3,1.0
Hoxb13,Rit2,1.0
Hoxb13,Ryr2,1.0
Hoxb13,Sema3c,1.0
Hoxb13,Sgip1,1.0
Hoxb13,Snd1,1.0
Hoxb13,Stard13,1.0
Hoxb13,Svil,1.0
Hoxb13,Tafa1,1.0
Hoxb13,Tdrd3,1.0
Hoxb13,Thrb,1.0
Hoxb13,Thsd7a,1.0
Hoxb13,Trio,1.0
Hsf1,Bag3,-1.0
Hsf1,Hspa1a,1.0
Hsf1,Hspa1b,1.0
Hsf1,Hspa4,1.0
Hsf1,Nat1,1.0
Hsf1,Nat2,1.0
Hsf1,Nat3,1.0
Hsf1,Dnah17,1.0
Hsf1,Hpcal1,1.0
Hsf1,Mknk2,1.0
Hsf1,Nadk,1.0
Hsf1,Stip1,1.0
Hsf1,Ubb,1.0
Ikzf1,Arhgap18,1.0
Ikzf1,Arid1a,1.0
Ikzf1,Atp8b4,1.0
Ikzf1,Cdyl,1.0
Ikzf1,Chst11,1.0
Ikzf1,Dock11,1.0
Ikzf1,Elf4,1.0
Ikzf1,Erc1,1.0
Ikzf1,Fam49b,1.0
Ikzf1,Fyb,1.0
Ikzf1,Grap2,1.0
Ikzf1,Il10ra,1.0
Ikzf1,Iqgap2,1.0
Ikzf1,Itpr1,1.0
Ikzf1,Kcnab2,1.0
Ikzf1,Kdm2b,1.0
Ikzf1,Lyn,1.0
Ikzf1,Mad1l1,1.0
Ikzf1,Nabp1,1.0
Ikzf1,Nek6,1.0
Ikzf1,Osbpl3,1.0
Ikzf1,Pik3ap1,1.0
Ikzf1,Pip4k2a,1.0
Ikzf1,Plb1,1.0
Ikzf1,Prex1,1.0
Ikzf1,Prkcb,1.0
Ikzf1,Ptk2b,1.0
Ikzf1,Ptprj,1.0
Ikzf1,Samsn1,1.0
Ikzf1,Smap2,1.0
Ikzf1,Smox,1.0
Ikzf1,St6gal1,1.0
Ikzf1,Stk10,1.0
Ikzf1,Susd1,1.0
Ikzf1,Tet3,1.0
Ikzf1,Tnfaip8,1.0
Ikzf1,Trib3,1.0
Ikzf1,Wnt5b,1.0
Ikzf1,Zeb2,1.0
Ikzf1,Zfyve28,1.0
Irf1,Casp7,1.0
Irf1,Ccl5,1.0
Irf1,Cd40,1.0
Irf1,Cdk2,-1.0
Irf1,Ciita,1.0
Irf1,Cxcl10,1.0
Irf1,Cybb,1.0
Irf1,Ddx58,1.0
Irf1,Dst,-1.0
Irf1,Eif2ak2,1.0
Irf1,Foxp3,-1.0
Irf1,Ifit3,1.0
Irf1,Ifit3b,1.0
Irf1,Ifnb1,1.0
Irf1,Il10,1.0
Irf1,Il12a,1.0
Irf1,Il12b,1.0
Irf1,Il15,1.0
Irf1,Il27,1.0
Irf1,Il4,1.0
Irf1,Il5,1.0
Irf1,Irf2,1.0
Irf1,Ogn,1.0
Irf1,Psmb9,1.0
Irf1,Socs1,1.0
Irf1,Tap1,1.0
Irf1,Tap2,1.0
Irf1,Tnfsf10,1.0
Irf1,Trp53,1.0
Irf2,Ciita,1.0
Irf2,Tap1,1.0
Irf2,Adar,1.0
Irf2,Casp7,1.0
Irf2,Casp8,1.0
Irf2,Nmi,1.0
Irf2,Nr3c1,1.0
Irf2,Aff1,1.0
Irf2,Arid1b,1.0
Irf2,Atf1,1.0
Irf2,Ceacam1,1.0
Irf2,Ceacam10,1.0
Irf2,Ceacam2,1.0
Irf2,Cep128,1.0
Irf2,D1Pas1,1.0
Irf2,Ddx3x,1.0
Irf2,Dpysl2,1.0
Irf2,Fam111a,1.0
Irf2,Fam13a,1.0
Irf2,Fanca,1.0
Irf2,Flt3l,1.0
Irf2,Fmr1,1.0
Irf2,Gab1,1.0
Irf2,Galk2,1.0
Irf2,Gpbp1l1,1.0
Irf2,Hnrnpf,1.0
Irf2,Hoxb3,1.0
Irf2,Ifit3,1.0
Irf2,Ifit3b,1.0
Irf2,Ikzf4,1.0
Irf2,Il15ra,1.0
Irf2,Il1r1,1.0
Irf2,Il4,1.0
Irf2,Ing1,1.0
Irf2,Isg15,1.0
Irf2,Klhl8,1.0
Irf2,Max,1.0
Irf2,Mdk,1.0
Irf2,Mill1,1.0
Irf2,Mill2,1.0
Irf2,Nfe2l2,1.0
Irf2,Nfic,1.0
Irf2,Nfix,1.0
Irf2,Nod1,1.0
Irf2,Nub1,1.0
Irf2,Parp14,1.0
Irf2,Patl1,1.0
Irf2,Per1,1.0
Irf2,Pnrc2,1.0
Irf2,Prkd2,1.0
Irf2,Prpsap1,1.0
Irf2,Ptma,1.0
Irf2,Ptpn12,1.0
Irf2,Rnf111,1.0
Irf2,Sema4b,1.0
Irf2,Sema4c,1.0
Irf2,Slc25a22,1.0
Irf2,Socs1,1.0
Irf2,Srbd1,1.0
Irf2,St6gal1,1.0
Irf2,Tal1,1.0
Irf2,Tasor2,1.0
Irf2,Tgif1,1.0
Irf2,Ube2d3,1.0
Irf2,Ube2l6,1.0
Irf2,Ubr2,1.0
Irf2,Wdr74,1.0
Irf2,Zc3hav1,1.0
Irf2,Zeb2,1.0
Irf2,Zfp36,1.0
Irf2,Zfp566,1.0
Irf2,Zfp647,1.0
Irf3,Cxcl10,1.0
Irf3,Ifna1,1.0
Irf3,Ifna11,1.0
Irf3,Ifna12,1.0
Irf3,Ifna13,1.0
Irf3,Ifna14,1.0
Irf3,Ifna15,1.0
Irf3,Ifna16,1.0
Irf3,Ifna2,1.0
Irf3,Ifna4,1.0
Irf3,Ifna5,1.0
Irf3,Ifna6,1.0
Irf3,Ifna7,1.0
Irf3,Ifna9,1.0
Irf3,Ifnab,1.0
Irf3,Ifnb1,1.0
Irf3,Irf7,1.0
Irf3,Pura,-1.0
Irf4,Fcer2a,1.0
Irf4,Blk,1.0
Irf4,Cflar,1.0
Irf4,Ciita,1.0
Irf4,Elf4,1.0
Irf4,Fcrl5,1.0
Irf4,Itgb7,1.0
Irf4,Aff1,1.0
Irf4,Ahcyl2,1.0
Irf4,Arhgap24,1.0
Irf4,Cast,1.0
Irf4,Ccdc88c,1.0
Irf4,Cdyl,1.0
Irf4,Ctnnd2,1.0
Irf4,Ctsc,1.0
Irf4,Cyth1,1.0
Irf4,Cytip,1.0
Irf4,Dgkg,1.0
Irf4,Dis3l2,1.0
Irf4,Dock10,1.0
Irf4,Elmo1,1.0
Irf4,Ern1,1.0
Irf4,Fam129a,1.0
Irf4,Gdi2,1.0
Irf4,Gramd3,1.0
Irf4,Igf1r,1.0
Irf4,Ikzf1,1.0
Irf4,Ikzf3,1.0
Irf4,Il16,1.0
Irf4,Jak1,1.0
Irf4,Jarid2,1.0
Irf4,Kalrn,1.0
Irf4,Kbtbd8,1.0
Irf4,Klhl6,1.0
Irf4,Ksr1,1.0
Irf4,Lpp,1.0
Irf4,Mgll,1.0
Irf4,Nfkbiz,1.0
Irf4,Nlrc5,1.0
Irf4,Osbpl3,1.0
Irf4,Pbx1,1.0
Irf4,Peak1,1.0
Irf4,Piezo2,1.0
Irf4,Pik3ap1,1.0
Irf4,Plxnc1,1.0
Irf4,Pou2af1,1.0
Irf4,Ppp2r5c,1.0
Irf4,Ptk2b,1.0
Irf4,Rabgap1l,1.0
Irf4,Rapgef6,1.0
Irf4,Rhoh,1.0
Irf4,Rtn4,1.0
Irf4,Samd4,1.0
Irf4,Slamf7,1.0
Irf4,Smarca2,1.0
Irf4,Smg6,1.0
Irf4,Sorbs1,1.0
Irf4,Sorl1,1.0
Irf4,Sp100,1.0
Irf4,Tcf4,1.0
Irf4,Tenm2,1.0
Irf4,Tenm4,1.0
Irf4,Txndc11,1.0
Irf4,Zeb1,1.0
Irf4,Zfp365,1.0
Irf7,Cxcl10,1.0
Irf7,Ifna1,1.0
Irf7,Ifna11,1.0
Irf7,Ifna12,1.0
Irf7,Ifna13,1.0
Irf7,Ifna14,1.0
Irf7,Ifna15,1.0
Irf7,Ifna16,1.0
Irf7,Ifna2,1.0
Irf7,Ifna4,1.0
Irf7,Ifna5,1.0
Irf7,Ifna6,1.0
Irf7,Ifna7,1.0
Irf7,Ifna9,1.0
Irf7,Ifnab,1.0
Irf7,Ifnb1,1.0
Irf9,Ifit3,1.0
Irf9,Ifit3b,1.0
Irf9,Il27,-1.0
Irf9,Irf7,1.0
Irf9,Pml,1.0
Irf9,Adar,1.0
Irf9,Isg15,1.0
Irf9,Ksr1,1.0
Irf9,Mx1,1.0
Irf9,Mx2,1.0
Irf9,Oas2,1.0
Irf9,Oas3,1.0
Irf9,Rsad2,1.0
Irf9,Samd9l,1.0
Jun,Abcb1a,1.0
Jun,Abcb1b,1.0
Jun,Acta1,1.0
Jun,App,1.0
Jun,Atf3,1.0
Jun,Batf3,1.0
Jun,Bdkrb1,1.0
Jun,Brca1,1.0
Jun,Ccl2,1.0
Jun,Ccl5,1.0
Jun,Ccnd1,1.0
Jun,Ccnd2,1.0
Jun,Cd44,1.0
Jun,Cd82,1.0
Jun,Cdkn1a,-1.0
Jun,Chga,1.0
Jun,Crem,1.0
Jun,Csf2,1.0
Jun,Csta1,1.0
Jun,Csta2,1.0
Jun,Csta3,1.0
Jun,Cstdc4,1.0
Jun,Cstdc5,1.0
Jun,Cstdc6,1.0
Jun,Cyp11a1,1.0
Jun,Cyp19a1,-1.0
Jun,Cyp2j13,1.0
Jun,Cyp2j9,1.0
Jun,Ddit3,1.0
Jun,Edn1,1.0
Jun,Egfr,1.0
Jun,Eln,1.0
Jun,Ets1,1.0
Jun,Ets2,1.0
Jun,Ezr,1.0
Jun,F3,1.0
Jun,Fas,1.0
Jun,Fasl,1.0
Jun,Fos,1.0
Jun,Fosl1,1.0
Jun,Gclc,1.0
Jun,Gja6,1.0
Jun,Gnrhr,1.0
Jun,Hey1,1.0
Jun,Icam1,1.0
Jun,Ier5,1.0
Jun,Ifnb1,1.0
Jun,Ifng,1.0
Jun,Igf1,1.0
Jun,Il12a,1.0
Jun,Il12b,1.0
Jun,Il1a,1.0
Jun,Il1b,1.0
Jun,Il2,-1.0
Jun,Il24,1.0
Jun,Il5,1.0
Jun,Il5ra,1.0
Jun,Il6,1.0
Jun,Itgax,1.0
Jun,Krt16,1.0
Jun,Lbp,-1.0
Jun,Mat2a,1.0
Jun,Mgp,1.0
Jun,Mmp10,1.0
Jun,Mmp12,1.0
Jun,Mmp13,1.0
Jun,Mmp1a,1.0
Jun,Mmp1b,1.0
Jun,Mmp2,1.0
Jun,Mmp3,1.0
Jun,Mmp7,1.0
Jun,Mmp9,1.0
Jun,Myb,1.0
Jun,Myc,-1.0
Jun,Nat1,1.0
Jun,Nat2,1.0
Jun,Nat3,1.0
Jun,Nfkb2,1.0
Jun,Ngf,1.0
Jun,Nos2,1.0
Jun,Npy,1.0
Jun,Nqo1,-1.0
Jun,Nr3c1,1.0
Jun,Ntrk1,1.0
Jun,Nts,1.0
Jun,Oxtr,1.0
Jun,Pdha1,1.0
Jun,Penk,1.0
Jun,Pgr,-1.0
Jun,Pla2g4a,1.0
Jun,Plat,1.0
Jun,Plaur,1.0
Jun,Pold2,1.0
Jun,Ppara,1.0
Jun,Ppard,1.0
Jun,Ptgs2,1.0
Jun,Ptn,1.0
Jun,Ptx3,1.0
Jun,Rarb,1.0
Jun,Relb,1.0
Jun,Ren1,1.0
Jun,Rhob,1.0
Jun,Runx2,1.0
Jun,Sele,1.0
Jun,Serpine1,1.0
Jun,Smad7,1.0
Jun,Spi1,1.0
Jun,Spp1,1.0
Jun,Sprr3,1.0
Jun,Stfa1,1.0
Jun,Stfa2,1.0
Jun,Stfa2l1,1.0
Jun,Stfa3,1.0
Jun,Stmn1,1.0
Jun,Tff1,1.0
Jun,Tfpi2,1.0
Jun,Tgfb1,1.0
Jun,Timp2,1.0
Jun,Tnc,1.0
Jun,Tnf,1.0
Jun,Trp53,-1.0
Jun,Txn1,1.0
Jun,Vcam1,1.0
Jun,Vdr,1.0
Jun,Vegfa,-1.0
Jun,Vegfd,1.0
Jun,Vim,1.0
Junb,Clu,1.0
Junb,Egfr,1.0
Junb,Ptgs2,1.0
Junb,Pim1,1.0
Junb,Abcc1,1.0
Junb,Akap13,1.0
Junb,Ampd3,1.0
Junb,Auts2,1.0
Junb,Bach1,1.0
Junb,Bhlhe40,1.0
Junb,Ccdc12,1.0
Junb,Cmip,1.0
Junb,Cuedc1,1.0
Junb,Dmd,1.0
Junb,Egr2,1.0
Junb,Ehd1,1.0
Junb,Ehf,1.0
Junb,Fhad1,1.0
Junb,Fosl1,1.0
Junb,Foxk1,1.0
Junb,Gmds,1.0
Junb,Gna12,1.0
Junb,Ier5,1.0
Junb,Kalrn,1.0
Junb,Kazn,1.0
Junb,Kcnma1,1.0
Junb,Klf6,1.0
Junb,Lims1,1.0
Junb,Lmna,1.0
Junb,Mical2,1.0
Junb,Rock2,1.0
Junb,Rtn4,1.0
Junb,Sec14l1,1.0
Junb,Sh3bp5,1.0
Junb,Slc12a8,1.0
Junb,Smarca2,1.0
Junb,Spred2,1.0
Junb,Tbc1d14,1.0
Junb,Tgif1,1.0
Junb,Tiam2,1.0
Junb,Tnrc6b,1.0
Junb,Ubc,1.0
Junb,Vopp1,1.0
Junb,Wwtr1,1.0
Junb,Zbtb20,1.0
Junb,Zfp217,1.0
Junb,Zfp36l1,1.0
Junb,Zfp36l2,1.0
Jund,Ccl5,1.0
Jund,Ccr4,1.0
Jund,Cd40lg,1.0
Jund,Clu,1.0
Jund,Csta1,1.0
Jund,Csta2,1.0
Jund,Csta3,1.0
Jund,Cstdc4,1.0
Jund,Cstdc5,1.0
Jund,Cstdc6,1.0
Jund,Fosl1,1.0
Jund,Gadd45a,1.0
Jund,Il3,1.0
Jund,Il6,1.0
Jund,Itgav,-1.0
Jund,Itgb3,-1.0
Jund,Mmp13,1.0
Jund,Myb,1.0
Jund,Nos2,1.0
Jund,Nqo2,1.0
Jund,Plaur,1.0
Jund,Sox4,1.0
Jund,Stfa1,1.0
Jund,Stfa2,1.0
Jund,Stfa2l1,1.0
Jund,Stfa3,1.0
Jund,Tgfb1,1.0
Kdm5b,Dnajb12,1.0
Kdm5b,Cmip,1.0
Kdm5b,Ctnna1,1.0
Kdm5b,Daam1,1.0
Kdm5b,Elmsan1,1.0
Kdm5b,Jarid2,1.0
Kdm5b,Jup,1.0
Kdm5b,Lhfpl2,1.0
Kdm5b,Myh9,1.0
Kdm5b,Ppfibp2,1.0
Kdm5b,Prrc2b,1.0
Kdm5b,Rab11fip4,1.0
Kdm5b,Rreb1,1.0
Kdm5b,Smad3,1.0
Kdm5b,Synj2,1.0
Kdm5b,Tgif1,1.0
Kdm5b,Vgll4,1.0
Klf1,Osbp2,1.0
Klf1,Actb,1.0
Klf1,Adap1,1.0
Klf1,Agrn,1.0
Klf1,Ahnak,1.0
Klf1,Ank1,1.0
Klf1,Arhgap45,1.0
Klf1,Chid1,1.0
Klf1,Cnppd1,1.0
Klf1,Ctsb,1.0
Klf1,Egfl7,1.0
Klf1,Evl,1.0
Klf1,Fbrsl1,1.0
Klf1,Gpr137,1.0
Klf1,Jade2,1.0
Klf1,Kcnn4,1.0
Klf1,Kctd2,1.0
Klf1,Klhl21,1.0
Klf1,Ltbp4,1.0
Klf1,Lyl1,1.0
Klf1,Mast1,1.0
Klf1,Micall2,1.0
Klf1,Nadk,1.0
Klf1,Nol4l,1.0
Klf1,Nqo2,1.0
Klf1,Pim1,1.0
Klf1,Pkm,1.0
Klf1,Plec,1.0
Klf1,Ptpa,1.0
Klf1,Rab3il1,1.0
Klf1,Ralgds,1.0
Klf1,Rere,1.0
Klf1,Rnf38,1.0
Klf1,Septin9,1.0
Klf1,Sgms1,1.0
Klf1,Sh3bp2,1.0
Klf1,Slc4a1,1.0
Klf1,Slc6a6,1.0
Klf1,Snap47,1.0
Klf1,Sorbs1,1.0
Klf1,Sptb,1.0
Klf1,Ston2,1.0
Klf1,Tbc1d14,1.0
Klf1,Tcea2,1.0
Klf1,Uxs1,1.0
Klf1,Xxylt1,1.0
Klf1,Ywhaz,1.0
Klf1,Zfp276,1.0
Klf1,Zfp36,1.0
Klf13,Ap3d1,-1.0
Klf13,Arid1a,-1.0
Klf13,Arrdc2,-1.0
Klf13,Atp6v0d1,-1.0
Klf13,Bcl9l,-1.0
Klf13,Dnajb1,-1.0
Klf13,Eml2,-1.0
Klf13,Ercc1,-1.0
Klf13,Fasn,-1.0
Klf13,Fcho1,-1.0
Klf13,Fkbp5,-1.0
Klf13,Fscn1,-1.0
Klf13,Jade1,-1.0
Klf13,Klhl21,-1.0
Klf13,Ltbp4,-1.0
Klf13,Ndst1,-1.0
Klf13,Nfic,-1.0
Klf13,Oaz1,-1.0
Klf13,Pisd,-1.0
Klf13,Pknox1,-1.0
Klf13,Plec,-1.0
Klf13,Ptov1,-1.0
Klf13,Rapgef3,-1.0
Klf13,Rcsd1,-1.0
Klf13,Rest,-1.0
Klf13,Samd11,-1.0
Klf13,Septin9,-1.0
Klf13,Slc1a5,-1.0
Klf13,Snx8,-1.0
Klf13,Tbc1d14,-1.0
Klf13,Tyro3,-1.0
Klf3,Add3,1.0
Klf3,Arhgap5,1.0
Klf3,Btbd3,1.0
Klf3,Cachd1,1.0
Klf3,Cast,1.0
Klf3,Gng12,1.0
Klf3,Kcnk1,1.0
Klf3,Mecom,1.0
Klf3,Myo5a,1.0
Klf3,Strbp,1.0
Klf3,Stxbp6,1.0
Klf3,Trio,1.0
Klf3,Tspan12,1.0
Klf4,Atf3,1.0
Klf4,Birc5,-1.0
Klf4,Ccnd1,1.0
Klf4,Cdh1,1.0
Klf4,Cdkn1a,1.0
Klf4,Gpa33,1.0
Klf4,Lama3,1.0
Klf4,Nanog,1.0
Klf4,Pfkp,1.0
Klf4,Rara,-1.0
Klf4,Thbd,1.0
Klf4,Vdr,-1.0
Klf5,Birc5,1.0
Klf5,Fasn,1.0
Klf5,Fgfbp1,1.0
Klf5,Notch1,1.0
Klf5,Foxq1,1.0
Klf5,Jup,1.0
Klf5,Lamb3,1.0
Klf5,Ptk6,1.0
Klf5,Actn1,1.0
Klf5,Adap1,1.0
Klf5,Agrn,1.0
Klf5,Ahnak2,1.0
Klf5,Aldh3a2,1.0
Klf5,Amn,1.0
Klf5,Anxa2,1.0
Klf5,B3gnt3,1.0
Klf5,Baiap2l1,1.0
Klf5,C77080,1.0
Klf5,Cant1,1.0
Klf5,Cd9,1.0
Klf5,Cirbp,1.0
Klf5,Cldn4,1.0
Klf5,Col4a2,1.0
Klf5,Coq8b,1.0
Klf5,Crybg2,1.0
Klf5,Dgkq,1.0
Klf5,Diaph1,1.0
Klf5,Dvl1,1.0
Klf5,Ece1,1.0
Klf5,Elf3,1.0
Klf5,Epha2,1.0
Klf5,Erbb2,1.0
Klf5,Esrp2,1.0
Klf5,Fa2h,1.0
Klf5,Gpr137,1.0
Klf5,Gprc5a,1.0
Klf5,Gpx4,1.0
Klf5,Kcnn4,1.0
Klf5,Krt8,1.0
Klf5,Lgals3,1.0
Klf5,Llgl2,1.0
Klf5,Lnx2,1.0
Klf5,Lsr,1.0
Klf5,Ltbp3,1.0
Klf5,Ltbp4,1.0
Klf5,Mcrip2,1.0
Klf5,Mib2,1.0
Klf5,Midn,1.0
Klf5,Misp,1.0
Klf5,Mknk2,1.0
Klf5,Myh14,1.0
Klf5,Myo1c,1.0
Klf5,Myo5b,1.0
Klf5,Nfe2l2,1.0
Klf5,Nol4l,1.0
Klf5,Plec,1.0
Klf5,Ppl,1.0
Klf5,Ppp1r13l,1.0
Klf5,Prkcz,1.0
Klf5,Ptch1,1.0
Klf5,Rab11a,1.0
Klf5,Rab11fip1,1.0
Klf5,Ralgds,1.0
Klf5,Rbm47,1.0
Klf5,Rxra,1.0
Klf5,S100a16,1.0
Klf5,Scnn1a,1.0
Klf5,Sdc1,1.0
Klf5,Slc2a1,1.0
Klf5,Slc48a1,1.0
Klf5,Spire2,1.0
Klf5,Srebf1,1.0
Klf5,Stx1a,1.0
Klf5,Tcf3,1.0
Klf5,Tecr,1.0
Klf5,Tjp3,1.0
Klf5,Trim29,1.0
Klf5,Wwc1,1.0
Klf5,Ywhaz,1.0
Klf5,Zbtb7c,1.0
Klf5,Zfp217,1.0
Klf6,Atf3,1.0
Klf6,Dapk2,1.0
Klf6,Ltc4s,1.0
Klf6,Mmp9,-1.0
Klf6,Nos2,1.0
Klf6,Cdh1,1.0
Klf6,Igf1r,1.0
Klf6,Actn1,1.0
Klf6,Anxa2,1.0
Klf6,Areg,1.0
Klf6,Arid5b,1.0
Klf6,Asap1,1.0
Klf6,Clip2,1.0
Klf6,Ctnnbip1,1.0
Klf6,Dusp10,1.0
Klf6,Ehd1,1.0
Klf6,Eps8,1.0
Klf6,Errfi1,1.0
Klf6,Ets1,1.0
Klf6,Ets2,1.0
Klf6,Ier5,1.0
Klf6,Irf1,1.0
Klf6,Itgb1,1.0
Klf6,Ldlr,1.0
Klf6,Lhfpl2,1.0
Klf6,Lmna,1.0
Klf6,Lrrfip1,1.0
Klf6,Ltbp4,1.0
Klf6,Macf1,1.0
Klf6,Msi2,1.0
Klf6,Myh9,1.0
Klf6,Nedd9,1.0
Klf6,Plec,1.0
Klf6,Ptp4a1,1.0
Klf6,Rbck1,1.0
Klf6,Rnd3,1.0
Klf6,Septin9,1.0
Klf6,Sh3bp2,1.0
Klf6,Sh3bp4,1.0
Klf6,Sh3rf1,1.0
Klf6,Srebf1,1.0
Klf6,Tacc1,1.0
Klf6,Tecr,1.0
Klf6,Tspan14,1.0
Klf6,Vmp1,1.0
Klf6,Wfs1,1.0
Klf6,Wwtr1,1.0
Klf6,Xxylt1,1.0
Klf6,Zfp36l1,1.0
Klf6,Zfp36l2,1.0
Klf9,Actn1,1.0
Klf9,Afap1,1.0
Klf9,Agrn,1.0
Klf9,Ampd2,1.0
Klf9,Apbb2,1.0
Klf9,Arhgef2,1.0
Klf9,Arid5b,1.0
Klf9,Aspscr1,1.0
Klf9,Bcar1,1.0
Klf9,C77080,1.0
Klf9,Cachd1,1.0
Klf9,Ccdc33,1.0
Klf9,Cmip,1.0
Klf9,Dgkz,1.0
Klf9,Ece1,1.0
Klf9,Egfr,1.0
Klf9,Ephb3,1.0
Klf9,Ephb4,1.0
Klf9,Fcho1,1.0
Klf9,Fgfr3,1.0
Klf9,Foxo3,1.0
Klf9,Fyn,1.0
Klf9,Gprc5b,1.0
Klf9,Gsn,1.0
Klf9,Hivep3,1.0
Klf9,Hpcal1,1.0
Klf9,Iffo2,1.0
Klf9,Iqsec1,1.0
Klf9,Jade2,1.0
Klf9,Lfng,1.0
Klf9,Macf1,1.0
Klf9,Mafk,1.0
Klf9,Med15,1.0
Klf9,Mef2d,1.0
Klf9,Nadk,1.0
Klf9,Ncor2,1.0
Klf9,Ncs1,1.0
Klf9,Nfatc2,1.0
Klf9,Nfic,1.0
Klf9,Pcbp3,1.0
Klf9,Per1,1.0
Klf9,Phc2,1.0
Klf9,Phldb1,1.0
Klf9,Pkm,1.0
Klf9,Plec,1.0
Klf9,Por,1.0
Klf9,Pou3f2,1.0
Klf9,Rab11fip4,1.0
Klf9,Rap1gap,1.0
Klf9,Rgs12,1.0
Klf9,Rxra,1.0
Klf9,Samd11,1.0
Klf9,Sash1,1.0
Klf9,Sec14l1,1.0
Klf9,Sh3bp2,1.0
Klf9,Sh3kbp1,1.0
Klf9,Sh3tc1,1.0
Klf9,Shroom2,1.0
Klf9,Slc4a2,1.0
Klf9,Synj2,1.0
Klf9,Tacc1,1.0
Klf9,Tbc1d24,1.0
Klf9,Tnk2,1.0
Klf9,Tns1,1.0
Klf9,Tns2,1.0
Klf9,Triobp,1.0
Klf9,Tsc22d3,1.0
Klf9,Vav2,1.0
Kmt2a,Cdkn1b,1.0
Kmt2a,Foxc1,1.0
Kmt2a,Foxc2,1.0
Kmt2a,Hoxa1,1.0
Kmt2a,Hoxa10,1.0
Kmt2a,Hoxa11,1.0
Kmt2a,Hoxa13,1.0
Kmt2a,Hoxa7,1.0
Kmt2a,Hoxa9,1.0
Kmt2a,Hoxc8,1.0
Kmt2a,Meis1,1.0
Lef1,Ar,1.0
Lef1,Birc5,1.0
Lef1,Ccl7,1.0
Lef1,Ccnd1,1.0
Lef1,Cd1d1,-1.0
Lef1,Cd1d2,-1.0
Lef1,Cdx1,1.0
Lef1,Cldn2,1.0
Lef1,Ctnnb1,1.0
Lef1,Dct,1.0
Lef1,Dsp,-1.0
Lef1,Eda,1.0
Lef1,Elane,1.0
Lef1,Mitf,1.0
Lef1,Mmp7,1.0
Lef1,Myc,1.0
Lef1,Mycbp,1.0
Lef1,Nrcam,1.0
Lef1,Nt5e,1.0
Lef1,Rag2,1.0
Lef1,Snai2,1.0
Lef1,T,1.0
Lef1,Tcf3,1.0
Lhx2,Adgrl3,1.0
Lhx2,Ccnd1,1.0
Lhx2,Cdk14,1.0
Lhx2,Fmn2,1.0
Lhx2,Glis3,1.0
Lhx2,Mid1,1.0
Lhx2,Mitf,1.0
Lhx2,Sox6,1.0
Lhx2,Zbtb20,1.0
Lhx2,Zfp608,1.0
Lyl1,Erg,1.0
Lyl1,Cbfa2t3,1.0
Lyl1,Egfl7,1.0
Lyl1,Ptk2b,1.0
Lyl1,Arhgap22,1.0
Lyl1,Arhgap25,1.0
Lyl1,Arhgef2,1.0
Lyl1,Arl5c,1.0
Lyl1,Bin1,1.0
Lyl1,Cacna1c,1.0
Lyl1,Cacna2d4,1.0
Lyl1,Ccdc88c,1.0
Lyl1,Ccm2,1.0
Lyl1,Ccnd3,1.0
Lyl1,Cd34,1.0
Lyl1,Cd53,1.0
Lyl1,Chst12,1.0
Lyl1,Clip2,1.0
Lyl1,Cmklr1,1.0
Lyl1,Cmtm7,1.0
Lyl1,Csf1r,1.0
Lyl1,Csk,1.0
Lyl1,Cuedc1,1.0
Lyl1,Cybb,1.0
Lyl1,Cyth4,1.0
Lyl1,Dgkz,1.0
Lyl1,Dus2,1.0
Lyl1,Dysf,1.0
Lyl1,Elmo1,1.0
Lyl1,Fam78a,1.0
Lyl1,Far2,1.0
Lyl1,Fmnl3,1.0
Lyl1,Gng2,1.0
Lyl1,Grk2,1.0
Lyl1,Gypc,1.0
Lyl1,Hdac4,1.0
Lyl1,Hivep3,1.0
Lyl1,Hlx,1.0
Lyl1,Hpcal1,1.0
Lyl1,Ikzf1,1.0
Lyl1,Inpp5d,1.0
Lyl1,Iqgap2,1.0
Lyl1,Itgb2,1.0
Lyl1,Kcnab2,1.0
Lyl1,Kcnn4,1.0
Lyl1,Kctd12,1.0
Lyl1,Laptm5,1.0
Lyl1,Lmo2,1.0
Lyl1,Mad1l1,1.0
Lyl1,Nsmce1,1.0
Lyl1,Pced1b,1.0
Lyl1,Pik3cg,1.0
Lyl1,Plcg2,1.0
Lyl1,Pld3,1.0
Lyl1,Plec,1.0
Lyl1,Plekho1,1.0
Lyl1,Plxna2,1.0
Lyl1,Ppp1r9b,1.0
Lyl1,Pram1,1.0
Lyl1,Prex1,1.0
Lyl1,Prr5,1.0
Lyl1,Prr5l,1.0
Lyl1,Rab37,1.0
Lyl1,Rac2,1.0
Lyl1,Rin3,1.0
Lyl1,Sash3,1.0
Lyl1,Sh2b3,1.0
Lyl1,Sh3bgrl3,1.0
Lyl1,Sh3kbp1,1.0
Lyl1,Sipa1,1.0
Lyl1,St3gal2,1.0
Lyl1,St6gal1,1.0
Lyl1,Stab1,1.0
Lyl1,Stk10,1.0
Lyl1,Stxbp5,1.0
Lyl1,Tal1,1.0
Lyl1,Tmc6,1.0
Lyl1,Tnfaip8,1.0
Lyl1,Trpm2,1.0
Lyl1,Unc13d,1.0
Lyl1,Vav1,1.0
Lyl1,Vps13d,1.0
Lyl1,Vsir,1.0
Maf,Il4,1.0
Maf,Itgb7,1.0
Maf,Lalba,1.0
Maf,Mmp13,1.0
Maf,Frmd4b,1.0
Maf,Il2ra,1.0
Maf,Il4ra,1.0
Maf,Arhgap25,1.0
Maf,Arhgef3,1.0
Maf,Arl4c,1.0
Maf,Brd4,1.0
Maf,Cyth1,1.0
Maf,Cyth4,1.0
Maf,Dock10,1.0
Maf,Fam78a,1.0
Maf,Fgd3,1.0
Maf,Foxk1,1.0
Maf,Galm,1.0
Maf,Gramd4,1.0
Maf,Lef1,1.0
Maf,Ltbp3,1.0
Maf,Map3k12,1.0
Maf,Map3k14,1.0
Maf,Nol4l,1.0
Maf,Osbpl3,1.0
Maf,Pde4d,1.0
Maf,Pstpip1,1.0
Maf,Rgs10,1.0
Maf,Ripor1,1.0
Maf,Sfxn1,1.0
Maf,Sh3bp5,1.0
Maf,Sh3kbp1,1.0
Maf,Sh3tc1,1.0
Maf,Smad3,1.0
Maf,Spon2,1.0
Maf,Stab1,1.0
Maf,Tbc1d14,1.0
Maf,Tecr,1.0
Mafb,Dse,1.0
Mafb,Tbc1d14,1.0
Mafb,Adamts2,1.0
Mafb,Akap13,1.0
Mafb,Ankrd17,1.0
Mafb,Apbb2,1.0
Mafb,Appl2,1.0
Mafb,Arhgap24,1.0
Mafb,Cacna1d,1.0
Mafb,Cacna2d3,1.0
Mafb,Clip4,1.0
Mafb,Cpeb4,1.0
Mafb,Daam1,1.0
Mafb,Dip2c,1.0
Mafb,Dock4,1.0
Mafb,Dst,1.0
Mafb,Dtna,1.0
Mafb,Elmo1,1.0
Mafb,Flnb,1.0
Mafb,Fmn1,1.0
Mafb,Hdac4,1.0
Mafb,Jmjd1c,1.0
Mafb,Kcnmb2,1.0
Mafb,Klf9,1.0
Mafb,Mmp9,1.0
Mafb,Mtss1,1.0
Mafb,Nav2,1.0
Mafb,Nbas,1.0
Mafb,Pcsk2,1.0
Mafb,Phldb2,1.0
Mafb,Prdm1,1.0
Mafb,Prex1,1.0
Mafb,Rtn1,1.0
Mafb,Sec14l1,1.0
Mafb,Slc39a11,1.0
Mafb,Smyd3,1.0
Mafb,Snx29,1.0
Mafb,Sox9,1.0
Mafb,Spag9,1.0
Mafb,Srpk2,1.0
Mafb,St18,1.0
Mafb,Syne1,1.0
Mafb,Tacc2,1.0
Mafb,Tbxas1,1.0
Mafb,Tenm2,1.0
Mafb,Tent5b,1.0
Mafb,Tjp2,1.0
Mafb,Tns3,1.0
Mafb,Trio,1.0
Mafb,Wdfy3,1.0
Mafb,Zbtb20,1.0
Mafb,Zfp407,1.0
Mafb,Zmiz1,1.0
Maff,Oxtr,1.0
Maff,Rapgef5,1.0
Maff,Arhgef3,1.0
Maff,Arid5b,1.0
Maff,Bcas3,1.0
Maff,Bhlhe40,1.0
Maff,Ccdc150,1.0
Maff,Ccser1,1.0
Maff,Cd55,1.0
Maff,Cd55b,1.0
Maff,Cdk14,1.0
Maff,Chn2,1.0
Maff,Cpeb4,1.0
Maff,Ctnnd2,1.0
Maff,Cyth1,1.0
Maff,Daam1,1.0
Maff,Dlg2,1.0
Maff,Dst,1.0
Maff,Flnb,1.0
Maff,Fmn1,1.0
Maff,Jmjd1c,1.0
Maff,Lrp1b,1.0
Maff,Palld,1.0
Maff,Pde4b,1.0
Maff,Pde4d,1.0
Maff,Pdlim5,1.0
Maff,Phldb2,1.0
Maff,Plxna2,1.0
Maff,Prkag2,1.0
Maff,Prkch,1.0
Maff,Rabgap1l,1.0
Maff,Rapgef1,1.0
Maff,Rgs3,1.0
Maff,Sec14l1,1.0
Maff,Slc8a1,1.0
Maff,Smox,1.0
Maff,Tbc1d14,1.0
Maff,Tec,1.0
Maff,Tiam2,1.0
Maff,Tjp2,1.0
Maff,Tln2,1.0
Maff,Vgll4,1.0
Maff,Wwp2,1.0
Mafg,Nqo1,1.0
Mafg,Eif4g3,1.0
Mafg,Abcc1,1.0
Mafg,Abl1,1.0
Mafg,Ablim3,1.0
Mafg,Arhgef3,1.0
Mafg,Cep112,1.0
Mafg,Ctif,1.0
Mafg,Dchs2,1.0
Mafg,Egln3,1.0
Mafg,Fmn1,1.0
Mafg,Hdac4,1.0
Mafg,Kazn,1.0
Mafg,Ksr1,1.0
Mafg,Lyplal1,1.0
Mafg,Med15,1.0
Mafg,Nabp1,1.0
Mafg,Pde4d,1.0
Mafg,Plxna2,1.0
Mafg,Rapgef1,1.0
Mafg,Rere,1.0
Mafg,Rgs3,1.0
Mafg,Samd4,1.0
Mafg,Scin,1.0
Mafg,Slc40a1,1.0
Mafg,Slc44a1,1.0
Mafg,Smad3,1.0
Mafg,Stau2,1.0
Mafg,Tafa2,1.0
Mafg,Tbc1d14,1.0
Mafg,Tcf4,1.0
Mafg,Tec,1.0
Mafg,Tiam2,1.0
Mafg,Tjp2,1.0
Mafg,Tsc22d2,1.0
Mafg,Zbtb20,1.0
Mafk,Nqo1,1.0
Mafk,Ablim3,1.0
Mafk,Adgrl2,1.0
Mafk,Arhgef3,1.0
Mafk,Bach2,1.0
Mafk,Cacna1d,1.0
Mafk,Ccdc150,1.0
Mafk,Cdk14,1.0
Mafk,Cep112,1.0
Mafk,Chd2,1.0
Mafk,Clip4,1.0
Mafk,Cpne4,1.0
Mafk,Creb5,1.0
Mafk,Ctif,1.0
Mafk,Daam1,1.0
Mafk,Dab2ip,1.0
Mafk,Dclk2,1.0
Mafk,Dlg2,1.0
Mafk,Dpp10,1.0
Mafk,Dst,1.0
Mafk,Egln3,1.0
Mafk,Eif4g3,1.0
Mafk,Ergic1,1.0
Mafk,Flnb,1.0
Mafk,Fmn1,1.0
Mafk,Foxk1,1.0
Mafk,Gna12,1.0
Mafk,Igf1r,1.0
Mafk,Lrp1b,1.0
Mafk,Mtcl1,1.0
Mafk,Mycbp2,1.0
Mafk,Pde4d,1.0
Mafk,Phldb2,1.0
Mafk,Ppp2r2b,1.0
Mafk,Rabgap1l,1.0
Mafk,Rapgef1,1.0
Mafk,Rgs3,1.0
Mafk,Samd4,1.0
Mafk,Scn8a,1.0
Mafk,Sec14l1,1.0
Mafk,Sik3,1.0
Mafk,Sipa1l2,1.0
Mafk,Slc8a1,1.0
Mafk,Smad3,1.0
Mafk,Syne1,1.0
Mafk,Tbc1d14,1.0
Mafk,Tiam2,1.0
Mafk,Tjp2,1.0
Mafk,Tns3,1.0
Mafk,Zbtb20,1.0
Max,Nprl3,-1.0
Max,Odc1,1.0
Max,Serf2,1.0
Max,Ccnd1,1.0
Max,Cdk6,1.0
Max,Ablim2,1.0
Max,Acot7,1.0
Max,Agap3,1.0
Max,Agpat3,1.0
Max,Ankrd13b,1.0
Max,Ap3d1,1.0
Max,Arhgef3,1.0
Max,Auts2,1.0
Max,Cast,1.0
Max,Ccdc88c,1.0
Max,Creb5,1.0
Max,Ctbp2,1.0
Max,Cuedc1,1.0
Max,Cyth1,1.0
Max,D5Ertd579e,1.0
Max,Dnm2,1.0
Max,Evl,1.0
Max,Fhl2,1.0
Max,Gramd4,1.0
Max,Gsn,1.0
Max,Insr,1.0
Max,Jade2,1.0
Max,Kdm4b,1.0
Max,Klc1,1.0
Max,Ksr1,1.0
Max,Lmna,1.0
Max,Nfatc2,1.0
Max,Nol4l,1.0
Max,Nrxn2,1.0
Max,Pcbp1,1.0
Max,Pfkfb3,1.0
Max,Phc2,1.0
Max,Pla2g6,1.0
Max,Plec,1.0
Max,Ppp2r2c,1.0
Max,Prkcz,1.0
Max,Rap1gap2,1.0
Max,Rgs3,1.0
Max,Rps6ka2,1.0
Max,Sh3kbp1,1.0
Max,Sh3tc1,1.0
Max,Smad3,1.0
Max,Smg6,1.0
Max,Stat3,1.0
Max,Stxbp1,1.0
Max,Tbcd,1.0
Max,Tspan18,1.0
Max,Vgll4,1.0
Maz,Mmp1a,1.0
Maz,Mmp1b,1.0
Maz,Myc,1.0
Maz,Ctdsp1,1.0
Maz,Kctd15,1.0
Maz,Mark2,1.0
Maz,Ppp1r9b,1.0
Maz,Prr12,1.0
Maz,Rnf220,1.0
Maz,Acap3,1.0
Maz,Actn1,1.0
Maz,Agpat3,1.0
Maz,Agrn,1.0
Maz,Ahdc1,1.0
Maz,Ap3d1,1.0
Maz,Arap1,1.0
Maz,Arid1a,1.0
Maz,Bcar1,1.0
Maz,Cabin1,1.0
Maz,Cacna1a,1.0
Maz,Ccdc97,1.0
Maz,Clip2,1.0
Maz,Col1a1,1.0
Maz,Crtc1,1.0
Maz,Csk,1.0
Maz,Dgkz,1.0
Maz,Dvl1,1.0
Maz,Epb41l1,1.0
Maz,Fbxl19,1.0
Maz,Git1,1.0
Maz,Gpr137,1.0
Maz,Gse1,1.0
Maz,Hnrnpf,1.0
Maz,Irf2bp1,1.0
Maz,Kctd2,1.0
Maz,Kdm2b,1.0
Maz,Klf16,1.0
Maz,Lasp1,1.0
Maz,Mapkapk3,1.0
Maz,Med16,1.0
Maz,Mfsd12,1.0
Maz,Mllt1,1.0
Maz,Mnt,1.0
Maz,Msi2,1.0
Maz,Mylk,1.0
Maz,Ncor2,1.0
Maz,Nfia,1.0
Maz,Nosip,1.0
Maz,Palm,1.0
Maz,Pdxk,1.0
Maz,Plxnb2,1.0
Maz,Ppfia3,1.0
Maz,Prpf31,1.0
Maz,Ptpa,1.0
Maz,Serpinh1,1.0
Maz,Slc4a2,1.0
Maz,Sox12,1.0
Maz,Srcin1,1.0
Maz,Ssbp4,1.0
Maz,St3gal2,1.0
Maz,Stat6,1.0
Maz,Stk10,1.0
Maz,Stk11,1.0
Maz,Stk32c,1.0
Maz,Syngap1,1.0
Maz,Tacc3,1.0
Maz,Tcf3,1.0
Maz,Trim47,1.0
Maz,Ubtf,1.0
Maz,Zbtb7a,1.0
Mbd1,Setdb1,-1.0
Mbd1,Ankrd11,-1.0
Mbd1,Banp,-1.0
Mbd1,Celsr3,-1.0
Mbd1,Dazap1,-1.0
Mbd1,Dido1,-1.0
Mbd1,Dpp9,-1.0
Mbd1,E4f1,-1.0
Mbd1,Exoc7,-1.0
Mbd1,Foxk2,-1.0
Mbd1,Hook2,-1.0
Mbd1,Ift140,-1.0
Mbd1,Itgae,-1.0
Mbd1,Kdm4b,-1.0
Mbd1,Kmt2b,-1.0
Mbd1,LTO1,-1.0
Mbd1,Mafk,-1.0
Mbd1,Mc1r,-1.0
Mbd1,Nelfa,-1.0
Mbd1,Nelfcd,-1.0
Mbd1,Nlrc5,-1.0
Mbd1,Pgs1,-1.0
Mbd1,Pnpla6,-1.0
Mbd1,Ppp1r37,-1.0
Mbd1,Prpf31,-1.0
Mbd1,Psmg4,-1.0
Mbd1,Rbm14,-1.0
Mbd1,Rgs12,-1.0
Mbd1,Rsad1,-1.0
Mbd1,Secisbp2,-1.0
Mbd1,Sf3a2,-1.0
Mbd1,Srcap,-1.0
Mbd1,Srsf7,-1.0
Mbd1,Tcf25,-1.0
Mbd1,Thada,-1.0
Mbd1,Thop1,-1.0
Mbd1,Trim41,-1.0
Mbd1,Ttll4,-1.0
Mbd1,Uqcc1,-1.0
Mbd1,Usp4,-1.0
Mbd1,Wrnip1,-1.0
Mbd1,Zdhhc7,-1.0
Mbd1,Zfp263,-1.0
Mbd1,Zzef1,-1.0
Mbd2,Adgrb1,1.0
Mbd2,Adrb1,1.0
Mbd2,Agap3,1.0
Mbd2,Ajap1,1.0
Mbd2,BC034090,1.0
Mbd2,Cbfa2t3,1.0
Mbd2,Celsr1,1.0
Mbd2,Chd4,1.0
Mbd2,Elavl3,1.0
Mbd2,Espn,1.0
Mbd2,Eva1b,1.0
Mbd2,Flt4,1.0
Mbd2,Gbx1,1.0
Mbd2,Hus1b,1.0
Mbd2,Insyn2a,1.0
Mbd2,Irx1,1.0
Mbd2,Ldlrad4,1.0
Mbd2,Oplah,1.0
Mbd2,Paqr9,1.0
Mbd2,Pkp3,1.0
Mbd2,Plekhg5,1.0
Mbd2,Ppp1r3g,1.0
Mbd2,Prkcz,1.0
Mbd2,Radil,1.0
Mbd2,Shisa6,1.0
Mbd2,Slc16a3,1.0
Mbd2,Sncb,1.0
Mbd2,Sppl2b,1.0
Mbd2,Tbx1,1.0
Mbd2,Tenm4,1.0
Mbd2,Tub,1.0
Mbd2,Tyk2,1.0
Mef2a,Jun,1.0
Mef2a,Klf2,1.0
Mef2a,Slc2a4,1.0
Mef2a,Sost,-1.0
Mef2a,Gtdc1,1.0
Mef2a,Iqschfp,1.0
Mef2a,Mef2d,1.0
Mef2a,Schip1,1.0
Mef2a,Syne1,1.0
Mef2a,Afap1,1.0
Mef2a,Akap6,1.0
Mef2a,Arhgap10,1.0
Mef2a,Arhgap24,1.0
Mef2a,Arhgap42,1.0
Mef2a,Arhgef12,1.0
Mef2a,Arhgef3,1.0
Mef2a,Asap1,1.0
Mef2a,Atf3,1.0
Mef2a,Bcas3,1.0
Mef2a,Blk,1.0
Mef2a,Cab39,1.0
Mef2a,Cdc42ep3,1.0
Mef2a,Cdyl,1.0
Mef2a,Chd9,1.0
Mef2a,Crim1,1.0
Mef2a,Daam1,1.0
Mef2a,Dmd,1.0
Mef2a,Dst,1.0
Mef2a,Eea1,1.0
Mef2a,Efr3a,1.0
Mef2a,Erc1,1.0
Mef2a,Ercc1,1.0
Mef2a,Etl4,1.0
Mef2a,Fam129a,1.0
Mef2a,Fbxw11,1.0
Mef2a,Fchsd2,1.0
Mef2a,Golim4,1.0
Mef2a,Hdac9,1.0
Mef2a,Hivep2,1.0
Mef2a,Hmgb1,1.0
Mef2a,Ipcef1,1.0
Mef2a,Itgb1,1.0
Mef2a,Itpr1,1.0
Mef2a,Jmjd1c,1.0
Mef2a,Kdm4c,1.0
Mef2a,Klf6,1.0
Mef2a,Klf9,1.0
Mef2a,Lhfpl2,1.0
Mef2a,Lmna,1.0
Mef2a,Lrch1,1.0
Mef2a,Ltbp1,1.0
Mef2a,Macf1,1.0
Mef2a,Mb,1.0
Mef2a,Mbnl1,1.0
Mef2a,Mef2c,1.0
Mef2a,Mettl8,1.0
Mef2a,Msn,1.0
Mef2a,Myh9,1.0
Mef2a,Mylk,1.0
Mef2a,Ncoa3,1.0
Mef2a,Ncoa7,1.0
Mef2a,Nedd9,1.0
Mef2a,Nek6,1.0
Mef2a,Nek7,1.0
Mef2a,Nfatc2,1.0
Mef2a,Nin,1.0
Mef2a,Numb,1.0
Mef2a,Palld,1.0
Mef2a,Pam,1.0
Mef2a,Peak1,1.0
Mef2a,Phtf2,1.0
Mef2a,Picalm,1.0
Mef2a,Pik3ap1,1.0
Mef2a,Plb1,1.0
Mef2a,Plcl2,1.0
Mef2a,Prdm2,1.0
Mef2a,Prkce,1.0
Mef2a,Ptk2,1.0
Mef2a,Rab11fip1,1.0
Mef2a,Rabgap1l,1.0
Mef2a,Rbpj,1.0
Mef2a,Rgs3,1.0
Mef2a,Rin2,1.0
Mef2a,Ripor2,1.0
Mef2a,Samd4,1.0
Mef2a,Sash1,1.0
Mef2a,Sipa1l1,1.0
Mef2a,Slc12a8,1.0
Mef2a,St6gal1,1.0
Mef2a,Stard13,1.0
Mef2a,Svil,1.0
Mef2a,Tbl1xr1,1.0
Mef2a,Tcf4,1.0
Mef2a,Tjp2,1.0
Mef2a,Tnrc6b,1.0
Mef2a,Trio,1.0
Mef2a,Ust,1.0
Mef2a,Utrn,1.0
Mef2a,Uvrag,1.0
Mef2a,Wwtr1,1.0
Mef2a,Xylt1,1.0
Mef2a,Zeb1,1.0
Mef2a,Zfp385b,1.0
Mef2b,Klf2,1.0
Mef2b,Arhgef7,1.0
Mef2b,Blk,1.0
Mef2b,Crmp1,1.0
Mef2b,Dgkd,1.0
Mef2b,E2f5,1.0
Mef2b,Evi2,1.0
Mef2b,Evi2b,1.0
Mef2b,Gnas,1.0
Mef2b,Gpatch2l,1.0
Mef2b,Hdac5,1.0
Mef2b,Hdac9,1.0
Mef2b,Kcnh8,1.0
Mef2b,Klf6,1.0
Mef2b,Ltbp1,1.0
Mef2b,Macf1,1.0
Mef2b,Mef2a,1.0
Mef2b,Nell2,1.0
Mef2b,Nfx1,1.0
Mef2b,Nr4a1,1.0
Mef2b,Nup210,1.0
Mef2b,Pik3ap1,1.0
Mef2b,Rapgef5,1.0
Mef2b,Rasgrp3,1.0
Mef2b,Ripor2,1.0
Mef2b,Rp1,1.0
Mef2b,Slc2a5,1.0
Mef2b,St6gal1,1.0
Mef2b,Syne1,1.0
Mef2b,Tada3,1.0
Mef2b,Tbl1xr1,1.0
Mef2b,Tcf3,1.0
Mef2b,Tnks,1.0
Mef2b,Tox2,1.0
Mef2b,Usp2,1.0
Mef2b,Zfp395,1.0
Mef2b,Zfp608,1.0
Mef2c,Cpt1b,1.0
Mef2c,Jun,1.0
Mef2c,Klf2,1.0
Mef2c,Nr4a1,-1.0
Mef2c,Sost,-1.0
Mef2c,Clic5,1.0
Mef2c,Hdac9,1.0
Mef2c,Plcl2,1.0
Mef2c,Tcf4,1.0
Mef2c,Ank3,1.0
Mef2c,Arhgap10,1.0
Mef2c,Arhgap24,1.0
Mef2c,Arhgap25,1.0
Mef2c,Arhgef3,1.0
Mef2c,Arhgef7,1.0
Mef2c,Arid1a,1.0
Mef2c,Asb2,1.0
Mef2c,Bcl2,1.0
Mef2c,Cdk14,1.0
Mef2c,Cdkl5,1.0
Mef2c,Dnajb2,1.0
Mef2c,Dpysl3,1.0
Mef2c,Ebf1,1.0
Mef2c,Elmsan1,1.0
Mef2c,Entpd1,1.0
Mef2c,Eps15,1.0
Mef2c,Erc1,1.0
Mef2c,Ets1,1.0
Mef2c,Fam129a,1.0
Mef2c,Fchsd2,1.0
Mef2c,Fli1,1.0
Mef2c,Fmnl3,1.0
Mef2c,Gpr55,1.0
Mef2c,Gtdc1,1.0
Mef2c,Hbs1l,1.0
Mef2c,Hdac5,1.0
Mef2c,Il15,1.0
Mef2c,Inpp4a,1.0
Mef2c,Kcnn3,1.0
Mef2c,Lca5,1.0
Mef2c,Lims1,1.0
Mef2c,Lmna,1.0
Mef2c,Lrmp,1.0
Mef2c,Macf1,1.0
Mef2c,Myh9,1.0
Mef2c,Mylk3,1.0
Mef2c,Ncald,1.0
Mef2c,Ndufv2,1.0
Mef2c,Nedd9,1.0
Mef2c,Nek6,1.0
Mef2c,Nfatc1,1.0
Mef2c,Nr3c1,1.0
Mef2c,Nrep,1.0
Mef2c,Nucb2,1.0
Mef2c,Oxr1,1.0
Mef2c,Pde4b,1.0
Mef2c,Pip4k2a,1.0
Mef2c,Prkch,1.0
Mef2c,Rasgrp3,1.0
Mef2c,Reep1,1.0
Mef2c,Rftn1,1.0
Mef2c,Rgs3,1.0
Mef2c,Rgs6,1.0
Mef2c,Ripor2,1.0
Mef2c,Sipa1l1,1.0
Mef2c,St6gal1,1.0
Mef2c,Tbl1xr1,1.0
Mef2c,Tmem131l,1.0
Mef2c,Tspan12,1.0
Mef2c,Ttc39c,1.0
Meis1,Arhgap10,1.0
Meis1,Bbs9,1.0
Meis1,Bcar3,1.0
Meis1,Cachd1,1.0
Meis1,Cacna1a,1.0
Meis1,Ccdc171,1.0
Meis1,Cfap61,1.0
Meis1,Daam1,1.0
Meis1,Dock5,1.0
Meis1,Dpysl3,1.0
Meis1,Dse,1.0
Meis1,Dst,1.0
Meis1,Dyrk1a,1.0
Meis1,Etl4,1.0
Meis1,Ets1,1.0
Meis1,Fbn1,1.0
Meis1,Foxp2,1.0
Meis1,Fryl,1.0
Meis1,Gas7,1.0
Meis1,Ghr,1.0
Meis1,Glis3,1.0
Meis1,Gna12,1.0
Meis1,Hdac9,1.0
Meis1,Hecw2,1.0
Meis1,Jcad,1.0
Meis1,Ksr1,1.0
Meis1,Lsamp,1.0
Meis1,Mid1,1.0
Meis1,Nfia,1.0
Meis1,Nfib,1.0
Meis1,Palld,1.0
Meis1,Pard3,1.0
Meis1,Pde11a,1.0
Meis1,Phactr3,1.0
Meis1,Plcl2,1.0
Meis1,Pld1,1.0
Meis1,Pparg,1.0
Meis1,Rapgef5,1.0
Meis1,Rere,1.0
Meis1,Ripor2,1.0
Meis1,Ryr3,1.0
Meis1,Slc8a1,1.0
Meis1,Sptbn1,1.0
Meis1,Tcf4,1.0
Meis1,Tle4,1.0
Meis1,Tnik,1.0
Meis1,Ube2e1,1.0
Meis1,Ubr3,1.0
Meis1,Usp6nl,1.0
Meis1,Vgll4,1.0
Meis1,Xxylt1,1.0
Meis1,Zfpm2,1.0
Meis2,Mcc,1.0
Meis2,Ncald,1.0
Meis2,Tgfbr3,1.0
Meis2,Add3,1.0
Meis2,Adgrb3,1.0
Meis2,Ankrd11,1.0
Meis2,Arhgap24,1.0
Meis2,Atad2b,1.0
Meis2,Atp2b4,1.0
Meis2,Ccny,1.0
Meis2,Cnot10,1.0
Meis2,Colgalt2,1.0
Meis2,Coro1c,1.0
Meis2,Dmd,1.0
Meis2,Dnm2,1.0
Meis2,Dock9,1.0
Meis2,Dst,1.0
Meis2,Etv1,1.0
Meis2,Fam13a,1.0
Meis2,Fam184a,1.0
Meis2,Fryl,1.0
Meis2,Gfod1,1.0
Meis2,Hdac4,1.0
Meis2,Hk1,1.0
Meis2,Hnrnpll,1.0
Meis2,Itsn1,1.0
Meis2,Kcnh2,1.0
Meis2,Man1c1,1.0
Meis2,Mapre2,1.0
Meis2,Marchf8,1.0
Meis2,Matn2,1.0
Meis2,Mbd5,1.0
Meis2,Mef2c,1.0
Meis2,Mitf,1.0
Meis2,Mrtfa,1.0
Meis2,Nav2,1.0
Meis2,Ncoa7,1.0
Meis2,Nfia,1.0
Meis2,Npas3,1.0
Meis2,Nr2f2,1.0
Meis2,Ptk2,1.0
Meis2,Rabgap1l,1.0
Meis2,Ror2,1.0
Meis2,Sbf2,1.0
Meis2,Sdccag8,1.0
Meis2,Sorbs1,1.0
Meis2,Spag6l,1.0
Meis2,Spidr,1.0
Meis2,Spred2,1.0
Meis2,Sptbn1,1.0
Meis2,Ssbp2,1.0
Meis2,Ssbp3,1.0
Meis2,Ssh1,1.0
Meis2,Stxbp5,1.0
Meis2,Tiam2,1.0
Meis2,Tnik,1.0
Meis2,Wdr64,1.0
Meis2,Zfp521,1.0
Meis2,Zfp608,1.0
Meis2,Zfpm2,1.0
Mitf,Acp5,1.0
Mitf,Apex1,1.0
Mitf,Bcl2,1.0
Mitf,Bcl2a1a,-1.0
Mitf,Bcl2a1b,-1.0
Mitf,Bcl2a1c,-1.0
Mitf,Bcl2a1d,-1.0
Mitf,Best1,1.0
Mitf,Birc7,1.0
Mitf,Cdk2,1.0
Mitf,Clcn7,1.0
Mitf,Ctsk,1.0
Mitf,Dct,1.0
Mitf,Diaph1,1.0
Mitf,Fos,1.0
Mitf,Gpnmb,1.0
Mitf,Gpr143,1.0
Mitf,Herc2,1.0
Mitf,Hif1a,1.0
Mitf,Hoxb4,1.0
Mitf,Itpr1,1.0
Mitf,Kit,1.0
Mitf,Mapre2,1.0
Mitf,Met,1.0
Mitf,Mlana,1.0
Mitf,Oca2,1.0
Mitf,Pmel,1.0
Mitf,Ppargc1a,1.0
Mitf,Prkcb,1.0
Mitf,Rab27a,1.0
Mitf,Serpinf1,1.0
Mitf,Snai2,1.0
Mitf,Stard13,1.0
Mitf,Tbc1d1,1.0
Mitf,Trpm1,1.0
Mitf,Tyr,1.0
Mitf,Tyrp1,1.0
Mnt,Gatad2a,-1.0
Mnt,Plec,-1.0
Mnt,Sh3bp2,-1.0
Mnt,Acin1,-1.0
Mnt,Adgrv1,-1.0
Mnt,Agap3,-1.0
Mnt,Ankrd11,-1.0
Mnt,Ap3d1,-1.0
Mnt,Bcl9l,-1.0
Mnt,Bcr,-1.0
Mnt,Cables1,-1.0
Mnt,Cast,-1.0
Mnt,Cmip,-1.0
Mnt,Cobl,-1.0
Mnt,Csnk1d,-1.0
Mnt,Ece1,-1.0
Mnt,Ell,-1.0
Mnt,Elmsan1,-1.0
Mnt,Epn2,-1.0
Mnt,Evl,-1.0
Mnt,Fam131a,-1.0
Mnt,Foxk2,-1.0
Mnt,Greb1,-1.0
Mnt,Gsn,-1.0
Mnt,Kdm4b,-1.0
Mnt,Kdm6b,-1.0
Mnt,Lrrfip1,-1.0
Mnt,Mafk,-1.0
Mnt,Mark2,-1.0
Mnt,Med15,-1.0
Mnt,Mgrn1,-1.0
Mnt,Myh9,-1.0
Mnt,Ncor2,-1.0
Mnt,Net1,-1.0
Mnt,Ngly1,-1.0
Mnt,Pdxk,-1.0
Mnt,Pdzrn3,-1.0
Mnt,Pfkfb3,-1.0
Mnt,Por,-1.0
Mnt,Ppp2r2c,-1.0
Mnt,Prkag2,-1.0
Mnt,Prrc2b,-1.0
Mnt,Rab40c,-1.0
Mnt,Rai1,-1.0
Mnt,Rapgef1,-1.0
Mnt,Rara,-1.0
Mnt,Rfx2,-1.0
Mnt,Rgs3,-1.0
Mnt,Ski,-1.0
Mnt,Slc16a3,-1.0
Mnt,Sympk,-1.0
Mnt,Tle3,-1.0
Mnt,Tmem127,-1.0
Mnt,Tprg,-1.0
Mnt,Vgll4,-1.0
Mnt,Zfp395,-1.0
Mxi1,Cast,-1.0
Mxi1,Ctbp2,-1.0
Mxi1,Dst,-1.0
Mxi1,Fam13a,-1.0
Mxi1,Ssbp3,-1.0
Mxi1,Acap3,-1.0
Mxi1,Acly,-1.0
Mxi1,Ahnak,-1.0
Mxi1,Ak2,-1.0
Mxi1,Ampd2,-1.0
Mxi1,Ap3d1,-1.0
Mxi1,Arap1,-1.0
Mxi1,Arhgap45,-1.0
Mxi1,Arhgef3,-1.0
Mxi1,Arid1b,-1.0
Mxi1,Arid3a,-1.0
Mxi1,Auts2,-1.0
Mxi1,Bcar1,-1.0
Mxi1,Cdk6,-1.0
Mxi1,Cdkn2c,-1.0
Mxi1,Ctif,-1.0
Mxi1,Cux1,-1.0
Mxi1,Cyth1,-1.0
Mxi1,Eml2,-1.0
Mxi1,Epb41,-1.0
Mxi1,Fam214b,-1.0
Mxi1,Fggy,-1.0
Mxi1,Foxk1,-1.0
Mxi1,Foxn3,-1.0
Mxi1,Foxo3,-1.0
Mxi1,Glrx5,-1.0
Mxi1,Gorasp2,-1.0
Mxi1,Hdac5,-1.0
Mxi1,Hmgb1,-1.0
Mxi1,Hmox2,-1.0
Mxi1,Igf1r,-1.0
Mxi1,Ing1,-1.0
Mxi1,Kdm4b,-1.0
Mxi1,Klf10,-1.0
Mxi1,Klf16,-1.0
Mxi1,Ksr1,-1.0
Mxi1,Lmna,-1.0
Mxi1,Macf1,-1.0
Mxi1,Map1lc3b,-1.0
Mxi1,Mcrip2,-1.0
Mxi1,Msi2,-1.0
Mxi1,Nfe2l1,-1.0
Mxi1,Nfe2l2,-1.0
Mxi1,Nol4l,-1.0
Mxi1,Pcbp1,-1.0
Mxi1,Pdxk,-1.0
Mxi1,Pfkfb3,-1.0
Mxi1,Pkm,-1.0
Mxi1,Ptpa,-1.0
Mxi1,Rbfox2,-1.0
Mxi1,Rusc1,-1.0
Mxi1,Ruvbl1,-1.0
Mxi1,Septin9,-1.0
Mxi1,Sgms1,-1.0
Mxi1,Smad3,-1.0
Mxi1,Stk32c,-1.0
Mxi1,Tle3,-1.0
Mxi1,Tle4,-1.0
Mxi1,Tns1,-1.0
Mxi1,Trappc9,-1.0
Mxi1,Tspan4,-1.0
Mxi1,Ttyh3,-1.0
Mxi1,Ube2d3,-1.0
Mxi1,Uckl1,-1.0
Mxi1,Vav2,-1.0
Mxi1,Vgll4,-1.0
Mxi1,Wdr81,-1.0
Mxi1,Wee1,-1.0
Mxi1,Yy1,-1.0
Mxi1,Zfp395,-1.0
Myb,Anpep,1.0
Myb,Bcl2,1.0
Myb,Ccna1,1.0
Myb,Cd34,1.0
Myb,Cd4,-1.0
Myb,Cebpa,1.0
Myb,Col1a1,1.0
Myb,Ctsg,1.0
Myb,Dhrs2,1.0
Myb,Elane,1.0
Myb,Erbb2,1.0
Myb,Gstm1,1.0
Myb,Gstm2,1.0
Myb,Gstm3,1.0
Myb,Gstm6,1.0
Myb,Klf1,1.0
Myb,Lck,1.0
Myb,Lmo2,1.0
Myb,Mat2a,1.0
Myb,Myc,1.0
Myb,Nmu,1.0
Myb,Nr3c1,1.0
Myb,Rag2,1.0
Myb,Sim2,1.0
Myb,Sp3,1.0
Myb,Tk1,1.0
Myb,Was,1.0
Myb,Wt1,1.0
Mybl2,Ceacam15,1.0
Mybl2,Ceacam9,1.0
Mybl2,Myb,1.0
Mybl2,Myc,1.0
Mybl2,Anxa2,1.0
Mybl2,Arid1a,1.0
Mybl2,Bcar3,1.0
Mybl2,Cald1,1.0
Mybl2,Cdkn3,1.0
Mybl2,Cenpf,1.0
Mybl2,Chd2,1.0
Mybl2,Depdc1b,1.0
Mybl2,Dst,1.0
Mybl2,Fam169a,1.0
Mybl2,Igfbp1,1.0
Mybl2,Insig2,1.0
Mybl2,Lmnb1,1.0
Mybl2,Map4k4,1.0
Mybl2,Mat2a,1.0
Mybl2,Nav2,1.0
Mybl2,Slx4ip,1.0
Mybl2,Syne1,1.0
Mybl2,Synj2,1.0
Mybl2,Tnik,1.0
Mybl2,Top2a,1.0
Mybl2,Yap1,1.0
Mybl2,Zfp608,1.0
Myc,4933430I17Rik,1.0
Myc,Acadm,1.0
Myc,Ace,1.0
Myc,Aco2,1.0
Myc,Acox1,1.0
Myc,Acp5,1.0
Myc,Acpp,1.0
Myc,Actg1,1.0
Myc,Acyp2,1.0
Myc,Adcy9,1.0
Myc,Ahsg,1.0
Myc,Aimp2,1.0
Myc,Akap1,1.0
Myc,Akr1a1,1.0
Myc,Alg5,1.0
Myc,Amd1,1.0
Myc,Amd2,1.0
Myc,Ampd2,1.0
Myc,Ampd3,1.0
Myc,Apc,1.0
Myc,Apex1,1.0
Myc,App,1.0
Myc,Aqr,1.0
Myc,Arf1,1.0
Myc,Arf4,1.0
Myc,Arfgap2,1.0
Myc,Arsb,1.0
Myc,Ascl2,1.0
Myc,Ass1,1.0
Myc,Atf4,1.0
Myc,Atf7,1.0
Myc,Atp1a2,1.0
Myc,Atp6v1g2,1.0
Myc,Avp,1.0
Myc,Bax,1.0
Myc,Bcl2,1.0
Myc,Bcl2l12,1.0
Myc,Bcl3,1.0
Myc,Blk,1.0
Myc,Bmp4,1.0
Myc,Brca1,1.0
Myc,Brca2,1.0
Myc,Brd7,-1.0
Myc,Bsg,1.0
Myc,Cad,1.0
Myc,Casp8,1.0
Myc,Casp8ap2,1.0
Myc,Casp9,1.0
Myc,Cbs,1.0
Myc,Cbx3,1.0
Myc,Cbx5,1.0
Myc,Cckbr,1.0
Myc,Ccna2,1.0
Myc,Ccnb1,1.0
Myc,Ccnd1,-1.0
Myc,Ccnd2,1.0
Myc,Ccne1,1.0
Myc,Cct5,1.0
Myc,Cd63,1.0
Myc,Cd79b,1.0
Myc,Cdc25a,1.0
Myc,Cdc25c,1.0
Myc,Cdk4,1.0
Myc,Cdk6,1.0
Myc,Cdkn1a,-1.0
Myc,Cdkn2b,-1.0
Myc,Ceacam1,1.0
Myc,Ceacam10,1.0
Myc,Ceacam2,1.0
Myc,Cebpa,-1.0
Myc,Cflar,-1.0
Myc,Chrnb1,1.0
Myc,Cks2,1.0
Myc,Clcn6,1.0
Myc,Clint1,1.0
Myc,Clp1,1.0
Myc,Cluh,1.0
Myc,Cmas,1.0
Myc,Col4a1,1.0
Myc,Cox7a2l,1.0
Myc,Crat,1.0
Myc,Cript,1.0
Myc,Csde1,-1.0
Myc,Cstb,1.0
Myc,Ctsf,1.0
Myc,Cxcr4,1.0
Myc,Cxxc1,1.0
Myc,Dck,1.0
Myc,Ddx11,1.0
Myc,Ddx18,1.0
Myc,Ddx5,1.0
Myc,Dffa,1.0
Myc,Dkc1,1.0
Myc,Dmac2l,1.0
Myc,Dnph1,1.0
Myc,Dpy30,1.0
Myc,Dusp1,-1.0
Myc,E2f1,1.0
Myc,Egr3,1.0
Myc,Eif3c,1.0
Myc,Eif4a1,1.0
Myc,Eif4b,1.0
Myc,Eif4e,1.0
Myc,Eif4ebp2,1.0
Myc,Eif5a2,1.0
Myc,Elk1,1.0
Myc,Eno1,1.0
Myc,Eno1b,1.0
Myc,Entpd7,1.0
Myc,Epb42,1.0
Myc,Ephx1,1.0
Myc,Esd,1.0
Myc,Ets2,1.0
Myc,Exosc8,1.0
Myc,Fah,1.0
Myc,Fasl,1.0
Myc,Fasn,1.0
Myc,Fech,1.0
Myc,Fgf9,1.0
Myc,Fgfr4,1.0
Myc,Fosl1,1.0
Myc,Foxm1,1.0
Myc,Fpgs,1.0
Myc,Fut1,1.0
Myc,Fxn,1.0
Myc,Fxr1,1.0
Myc,Gadd45a,-1.0
Myc,Galt,1.0
Myc,Gas8,1.0
Myc,Gla,1.0
Myc,Gnl3,1.0
Myc,Golph3,1.0
Myc,Gpr4,1.0
Myc,Gsk3b,1.0
Myc,Gstp1,1.0
Myc,Gstp2,1.0
Myc,Gtf2h2,-1.0
Myc,H2az1,1.0
Myc,H4c14,1.0
Myc,Hbp1,1.0
Myc,Hdac2,1.0
Myc,Hdac3,1.0
Myc,Herpud1,1.0
Myc,Hes1,1.0
Myc,Hif1a,1.0
Myc,Hint1,1.0
Myc,Hmbs,1.0
Myc,Hmox1,1.0
Myc,Hnrnpa1,1.0
Myc,Hnrnpa2b1,1.0
Myc,Hnrnpdl,1.0
Myc,Hoxd13,1.0
Myc,Hoxd3,1.0
Myc,Hsd11b2,1.0
Myc,Hspa4,1.0
Myc,Hspa8,1.0
Myc,Hspa9,1.0
Myc,Hspd1,1.0
Myc,Icam1,1.0
Myc,Id2,1.0
Myc,Id3,1.0
Myc,Ier3,1.0
Myc,Il11ra1,1.0
Myc,Il11ra2,1.0
Myc,Il13,1.0
Myc,Il2,1.0
Myc,Impa2,1.0
Myc,Insm1,1.0
Myc,Insr,1.0
Myc,Irf2,1.0
Myc,Irf3,1.0
Myc,Isg20,1.0
Myc,Itga6,1.0
Myc,Itgb1,1.0
Myc,Jun,1.0
Myc,Junb,-1.0
Myc,Klf1,1.0
Myc,Klk10,1.0
Myc,Lair1,1.0
Myc,Lamb2,1.0
Myc,Lamp1,-1.0
Myc,Lbr,1.0
Myc,Ldha,1.0
Myc,Ldhb,1.0
Myc,Lmna,1.0
Myc,Lmx1b,1.0
Myc,Lta4h,1.0
Myc,Ltb,1.0
Myc,Man2a2,1.0
Myc,Mbd1,1.0
Myc,Mcm7,1.0
Myc,Mdm2,1.0
Myc,Meis1,1.0
Myc,Meis2,1.0
Myc,Meltf,1.0
Myc,Men1,1.0
Myc,Met,1.0
Myc,Mettl1,1.0
Myc,Mfap1a,1.0
Myc,Mfap1b,1.0
Myc,Mgst1,1.0
Myc,Mnt,1.0
Myc,Mnx1,1.0
Myc,Mpo,1.0
Myc,Msh2,1.0
Myc,Msn,-1.0
Myc,Mst1,-1.0
Myc,Mterf1a,1.0
Myc,Mterf1b,1.0
Myc,Mthfd1,1.0
Myc,Mthfr,1.0
Myc,Muc1,1.0
Myc,Mybl2,1.0
Myc,Mycl,1.0
Myc,Nap1l1,1.0
Myc,Nat10,1.0
Myc,Ncl,1.0
Myc,Ndrg1,-1.0
Myc,Nfil3,1.0
Myc,Nfkbil1,1.0
Myc,Nid1,1.0
Myc,Nit1,1.0
Myc,Nme1,1.0
Myc,Nme2,1.0
Myc,Nod1,1.0
Myc,Nol7,1.0
Myc,Nop56,1.0
Myc,Nr1d1,1.0
Myc,Nras,1.0
Myc,Nthl1,1.0
Myc,Ntn3,1.0
Myc,Nup155,1.0
Myc,Nxt1,1.0
Myc,Oca2,1.0
Myc,Odc1,1.0
Myc,Paics,1.0
Myc,Parp1,1.0
Myc,Pcbd2,1.0
Myc,Pcna,1.0
Myc,Pdha1,1.0
Myc,Per1,1.0
Myc,Pex14,1.0
Myc,Pex3,1.0
Myc,Pfdn6,1.0
Myc,Phb,1.0
Myc,Pigf,1.0
Myc,Pik3c3,1.0
Myc,Pkm,1.0
Myc,Pkp1,1.0
Myc,Pla2g4a,1.0
Myc,Pmaip1,1.0
Myc,Polb,1.0
Myc,Pold2,1.0
Myc,Pole3,1.0
Myc,Ppat,1.0
Myc,Ppid,1.0
Myc,Ppif,1.0
Myc,Pqbp1,1.0
Myc,Prdm8,1.0
Myc,Prdx3,1.0
Myc,Prkdc,1.0
Myc,Prtn3,1.0
Myc,Psen2,1.0
Myc,Psmb1,1.0
Myc,Psmg1,1.0
Myc,Pten,1.0
Myc,Ptger2,1.0
Myc,Ptma,1.0
Myc,Ptpa,-1.0
Myc,Qdpr,1.0
Myc,Rad51,1.0
Myc,Rara,1.0
Myc,Rarb,-1.0
Myc,Rbbp4,1.0
Myc,Rbm39,1.0
Myc,Rbm8a,1.0
Myc,Rbm8a2,1.0
Myc,Rcc1,1.0
Myc,Rfc2,1.0
Myc,Rgs2,1.0
Myc,Rhog,1.0
Myc,Rida,1.0
Myc,Rpl13,1.0
Myc,Rpl19,1.0
Myc,Rpl22,1.0
Myc,Rpl23,1.0
Myc,Rpl26,1.0
Myc,Rpl3,1.0
Myc,Rpl32,1.0
Myc,Rpl6,1.0
Myc,Rps15,1.0
Myc,Rps16,1.0
Myc,Rps19,1.0
Myc,Rps6,1.0
Myc,Scarb1,1.0
Myc,Sec23b,1.0
Myc,Sfmbt1,1.0
Myc,Sfxn3,1.0
Myc,Shmt1,1.0
Myc,Sim2,1.0
Myc,Sirt1,1.0
Myc,Sla,1.0
Myc,Slbp,1.0
Myc,Slc19a1,1.0
Myc,Slc25a28,1.0
Myc,Slc25a3,1.0
Myc,Slc28a2,1.0
Myc,Slc28a2b,1.0
Myc,Slc2a4,1.0
Myc,Slc4a2,1.0
Myc,Slc9a3r2,1.0
Myc,Slit1,1.0
Myc,Smarcad1,1.0
Myc,Smn1,1.0
Myc,Snrpb2,1.0
Myc,Snrpd3,1.0
Myc,Spast,1.0
Myc,Sqstm1,1.0
Myc,Srd5a1,1.0
Myc,Srm,1.0
Myc,Srsf1,1.0
Myc,St3gal1,1.0
Myc,Stat6,1.0
Myc,Stmn1,1.0
Myc,Surf6,1.0
Myc,Syngr2,1.0
Myc,Tcf12,1.0
Myc,Tcirg1,1.0
Myc,Tert,1.0
Myc,Tfap4,1.0
Myc,Tfrc,1.0
Myc,Tgfb1,1.0
Myc,Tgfb2,1.0
Myc,Tgfb3,1.0
Myc,Thbs1,-1.0
Myc,Thbs4,1.0
Myc,Thrap3,1.0
Myc,Tnfrsf8,1.0
Myc,Tomm20,1.0
Myc,Top1,1.0
Myc,Tpm2,1.0
Myc,Trap1,1.0
Myc,Trp53,1.0
Myc,Tsc2,1.0
Myc,Tubg2,1.0
Myc,Txn1,1.0
Myc,Tyms,1.0
Myc,Uba52,1.0
Myc,Ube2c,1.0
Myc,Ucp1,1.0
Myc,Ucp3,1.0
Myc,Urod,1.0
Myc,Uxt,1.0
Myc,Vamp2,1.0
Myc,Vegfa,1.0
Myc,Wdr36,1.0
Myc,Wnt10b,1.0
Myc,Wrn,1.0
Myc,Wt1,1.0
Myc,Ybx3,1.0
Myc,Zfp146,1.0
Myc,Zfp36l1,-1.0
Myc,Zfp451,1.0
Mycn,Ctsd,1.0
Mycn,Mcm2,1.0
Mycn,Mcm3,1.0
Mycn,Mcm4,1.0
Mycn,Mcm5,1.0
Mycn,Mcm6,1.0
Mycn,Mcm7,1.0
Mycn,Mcm8,1.0
Mycn,Mdm2,1.0
Mycn,Mxi1,-1.0
Mycn,Ndrg1,1.0
Mycn,Nes,1.0
Mycn,Trp53,1.0
Myod1,Acacb,1.0
Myod1,Actc1,1.0
Myod1,Adcy9,1.0
Myod1,Arhgap10,1.0
Myod1,Boc,1.0
Myod1,Brd4,1.0
Myod1,Cuedc1,1.0
Myod1,Des,1.0
Myod1,Dip2c,1.0
Myod1,Ece1,1.0
Myod1,Exoc4,1.0
Myod1,Fam129b,1.0
Myod1,Fmn1,1.0
Myod1,Frmd3,1.0
Myod1,Fyn,1.0
Myod1,Hdac4,1.0
Myod1,Igf2r,1.0
Myod1,Itgb5,1.0
Myod1,Kalrn,1.0
Myod1,Kcnj15,1.0
Myod1,Kcnma1,1.0
Myod1,Kif1a,1.0
Myod1,Limch1,1.0
Myod1,Mdga1,1.0
Myod1,Med15,1.0
Myod1,Megf10,1.0
Myod1,Mthfd1l,1.0
Myod1,Pepd,1.0
Myod1,Plekha6,1.0
Myod1,Ppm1h,1.0
Myod1,Prkch,1.0
Myod1,Prr5,1.0
Myod1,Prrc2b,1.0
Myod1,Ralgds,1.0
Myod1,Rara,1.0
Myod1,Rbfox1,1.0
Myod1,Septin9,1.0
Myod1,Sh3pxd2a,1.0
Myod1,Slc22a23,1.0
Myod1,Svil,1.0
Myod1,Synj2,1.0
Myod1,Tacc2,1.0
Myod1,Tbc1d1,1.0
Myod1,Tmcc3,1.0
Myod1,Zdhhc14,1.0
Myod1,Zfat,1.0
Nanog,Cdc25a,-1.0
Nanog,Cdk6,-1.0
Nanog,Cdx2,-1.0
Nanog,Gata4,-1.0
Nanog,Kdr,1.0
Nanog,L1td1,1.0
Nanog,Lamb1,-1.0
Nanog,Pou5f1,1.0
Nanog,Adgrl2,1.0
Nanog,Adgrv1,1.0
Nanog,Atxn7l1,1.0
Nanog,Bcar3,1.0
Nanog,Cachd1,1.0
Nanog,Ccnd1,1.0
Nanog,Cdh18,1.0
Nanog,Cdkal1,1.0
Nanog,Cntnap2,1.0
Nanog,Cpne4,1.0
Nanog,Denn2b,1.0
Nanog,Dlg2,1.0
Nanog,Epb41l3,1.0
Nanog,Fat1,1.0
Nanog,Gcnt2,1.0
Nanog,Gpc6,1.0
Nanog,Hdac9,1.0
Nanog,Igf2bp3,1.0
Nanog,Jmjd1c,1.0
Nanog,Ldb2,1.0
Nanog,Limch1,1.0
Nanog,Magi2,1.0
Nanog,Med12l,1.0
Nanog,Mpped2,1.0
Nanog,Nbea,1.0
Nanog,Nrxn3,1.0
Nanog,Pakap,1.0
Nanog,Patj,1.0
Nanog,Prr16,1.0
Nanog,Rabgap1l,1.0
Nanog,Rnf38,1.0
Nanog,Runx1t1,1.0
Nanog,Shroom3,1.0
Nanog,Snrpn,1.0
Nanog,Sorcs1,1.0
Nanog,Syne2,1.0
Nanog,Tacc2,1.0
Nanog,Tcf4,1.0
Nanog,Tiam2,1.0
Nanog,Vps13a,1.0
Ncoa1,Appbp2,1.0
Ncoa1,Arfgef2,1.0
Ncoa1,Asap1,1.0
Ncoa1,Bptf,1.0
Ncoa1,Chd6,1.0
Ncoa1,Esyt2,1.0
Ncoa1,Hipk1,1.0
Ncoa1,Lmbr1,1.0
Ncoa1,Man1a2,1.0
Ncoa1,Mapkap1,1.0
Ncoa1,Ppp1r12a,1.0
Ncoa1,Ptk2,1.0
Ncoa1,Stk3,1.0
Ncoa1,Terf2,1.0
Ncoa1,Tmcc1,1.0
Ncoa1,Trim33,1.0
Ncoa1,Ubr5,1.0
Ncoa1,Vps13b,1.0
Ncoa1,Vps13d,1.0
Ncoa1,Zmiz1,1.0
Ncoa2,Ank3,1.0
Ncoa2,Arfgef2,1.0
Ncoa2,Bptf,1.0
Ncoa2,Chd6,1.0
Ncoa2,Daam1,1.0
Ncoa2,Etl4,1.0
Ncoa2,Gse1,1.0
Ncoa2,Hipk1,1.0
Ncoa2,Med13l,1.0
Ncoa2,Msi2,1.0
Ncoa2,Ncoa3,1.0
Ncoa2,Oxr1,1.0
Ncoa2,Ptk2,1.0
Ncoa2,Rabgap1l,1.0
Ncoa2,Srpk2,1.0
Ncoa2,Trim33,1.0
Ncoa2,Utrn,1.0
Ncoa2,Vps13b,1.0
Ncoa3,Bcl2,1.0
Ncoa3,Ankrd28,1.0
Ncoa3,Arfgef2,1.0
Ncoa3,Arhgap10,1.0
Ncoa3,Asap1,1.0
Ncoa3,Bptf,1.0
Ncoa3,Cdyl2,1.0
Ncoa3,Fam214a,1.0
Ncoa3,Helz,1.0
Ncoa3,Hipk1,1.0
Ncoa3,Lpp,1.0
Ncoa3,Med13,1.0
Ncoa3,Med13l,1.0
Ncoa3,Nedd4,1.0
Ncoa3,Oxr1,1.0
Ncoa3,Pip4k2a,1.0
Ncoa3,Slc44a1,1.0
Ncoa3,Syne2,1.0
Ncoa3,Tlk2,1.0
Ncoa3,Ubr5,1.0
Ncoa3,Usp6nl,1.0
Ncoa3,Vps13b,1.0
Ncoa3,Zmynd8,1.0
Neurod1,Ins1,1.0
Neurod1,Ins2,1.0
Neurod1,Grm4,1.0
Neurod1,Acap3,1.0
Neurod1,Arhgef1,1.0
Neurod1,Arhgef19,1.0
Neurod1,Arhgef2,1.0
Neurod1,Asic4,1.0
Neurod1,Cdh23,1.0
Neurod1,Ctsb,1.0
Neurod1,Cyth1,1.0
Neurod1,Gabbr2,1.0
Neurod1,Lasp1,1.0
Neurod1,Litaf,1.0
Neurod1,Med15,1.0
Neurod1,Mef2d,1.0
Neurod1,Mical2,1.0
Neurod1,Mrpl34,1.0
Neurod1,Ncor2,1.0
Neurod1,Pear1,1.0
Neurod1,Pttg1ip,1.0
Neurod1,Rgs10,1.0
Neurod1,Ripor3,1.0
Neurod1,Rtn4,1.0
Neurod1,Scrt1,1.0
Neurod1,Sh2d6,1.0
Neurod1,Sh3bp2,1.0
Neurod1,Slc8a2,1.0
Neurod1,Tal1,1.0
Neurod1,Tango2,1.0
Neurod1,Tbx1,1.0
Neurod1,Tle5,1.0
Neurod1,Ttc7,1.0
Neurod1,Uckl1,1.0
Neurod1,Vasp,1.0
Nfatc1,Egr3,1.0
Nfatc1,Icam1,1.0
Nfatc1,Ifng,1.0
Nfatc1,Il2,1.0
Nfatc1,Il5,1.0
Nfatc1,Creb5,1.0
Nfatc1,Fyn,1.0
Nfatc1,Mef2c,1.0
Nfatc1,Nedd9,1.0
Nfatc1,Actb,1.0
Nfatc1,Cars2,1.0
Nfatc1,Cflar,1.0
Nfatc1,Chd2,1.0
Nfatc1,Cpne1,1.0
Nfatc1,Dst,1.0
Nfatc1,Gpr183,1.0
Nfatc1,Hivep2,1.0
Nfatc1,Ikzf2,1.0
Nfatc1,Il17a,1.0
Nfatc1,Macf1,1.0
Nfatc1,Naaladl2,1.0
Nfatc1,Ncor2,1.0
Nfatc1,Nfkb1,1.0
Nfatc1,Phf19,1.0
Nfatc1,Pias1,1.0
Nfatc1,Pip4k2a,1.0
Nfatc1,Ptk2b,1.0
Nfatc1,Rgs3,1.0
Nfatc1,Smarca2,1.0
Nfatc1,Stk38l,1.0
Nfatc1,Tcf4,1.0
Nfatc1,Tmem131l,1.0
Nfatc1,Tnfaip3,1.0
Nfatc1,Ubr5,1.0
Nfatc2,Cd40lg,1.0
Nfatc2,Cdk4,1.0
Nfatc2,Csf2,1.0
Nfatc2,Egr3,1.0
Nfatc2,Foxp3,1.0
Nfatc2,Ifng,1.0
Nfatc2,Il2,1.0
Nfatc2,Il4,1.0
Nfatc2,Il5,1.0
Nfatc2,Tert,1.0
Nfe2,Tbxa2r,1.0
Nfe2,Gclc,1.0
Nfe2,Tbxas1,1.0
Nfe2,Adck1,1.0
Nfe2,Adgrv1,1.0
Nfe2,Arid1a,1.0
Nfe2,Camk2g,1.0
Nfe2,Dab2ip,1.0
Nfe2,Dennd3,1.0
Nfe2,Dst,1.0
Nfe2,Dysf,1.0
Nfe2,Efhb,1.0
Nfe2,Egln3,1.0
Nfe2,Ergic1,1.0
Nfe2,Fhad1,1.0
Nfe2,Foxk1,1.0
Nfe2,Fyb,1.0
Nfe2,Gna12,1.0
Nfe2,Inpp5d,1.0
Nfe2,Kcnma1,1.0
Nfe2,Map2k3,1.0
Nfe2,Map4,1.0
Nfe2,Mical2,1.0
Nfe2,Nabp1,1.0
Nfe2,Pik3ap1,1.0
Nfe2,Pisd,1.0
Nfe2,Plb1,1.0
Nfe2,Prdm10,1.0
Nfe2,Prkcb,1.0
Nfe2,Prr5,1.0
Nfe2,Ptk2,1.0
Nfe2,Ptpre,1.0
Nfe2,Rere,1.0
Nfe2,Rgs3,1.0
Nfe2,Rreb1,1.0
Nfe2,Scarb1,1.0
Nfe2,Sema4d,1.0
Nfe2,Sh2d6,1.0
Nfe2,Sh3bp5,1.0
Nfe2,Sh3tc1,1.0
Nfe2,Slc25a37,1.0
Nfe2,Snx29,1.0
Nfe2,Stk10,1.0
Nfe2,Stk40,1.0
Nfe2,Tns1,1.0
Nfe2,Ubc,1.0
Nfe2,Zbtb20,1.0
Nfe2l1,Parva,1.0
Nfe2l1,Adcy9,1.0
Nfe2l1,Ano10,1.0
Nfe2l1,Arhgap6,1.0
Nfe2l1,Arntl,1.0
Nfe2l1,Bcas3,1.0
Nfe2l1,Cald1,1.0
Nfe2l1,Cpq,1.0
Nfe2l1,Dennd1a,1.0
Nfe2l1,Dlgap1,1.0
Nfe2l1,Exoc6b,1.0
Nfe2l1,Foxk1,1.0
Nfe2l1,Gnal,1.0
Nfe2l1,Kif13a,1.0
Nfe2l1,Mrvi1,1.0
Nfe2l1,Parn,1.0
Nfe2l1,Popdc3,1.0
Nfe2l1,Rtn4,1.0
Nfe2l1,Setd5,1.0
Nfe2l1,Sorbs1,1.0
Nfe2l1,Sort1,1.0
Nfe2l1,Sqstm1,1.0
Nfe2l1,Tbc1d5,1.0
Nfe2l1,Tead1,1.0
Nfe2l1,Tmem245,1.0
Nfe2l1,Tns1,1.0
Nfe2l1,Txnrd1,1.0
Nfe2l1,Ube2h,1.0
Nfe2l1,Zfat,1.0
Nfe2l2,Gclc,1.0
Nfe2l2,Hmox1,1.0
Nfe2l2,Mthfr,1.0
Nfe2l2,Nqo1,1.0
Nfe2l2,Sqstm1,1.0
Nfe2l2,Txn1,1.0
Nfe2l2,Txnrd1,1.0
Nfe2l2,Abcc1,1.0
Nfe2l2,Nqo2,1.0
Nfe2l2,Tgif1,1.0
Nfic,Alas1,1.0
Nfic,Col18a1,1.0
Nfic,Col1a1,1.0
Nfic,Cyp17a1,1.0
Nfic,Cyp1a1,-1.0
Nfic,Fabp7,1.0
Nfic,Gfap,1.0
Nfic,Gtf3c1,1.0
Nfic,Gtf3c2,1.0
Nfic,Gucy1b1,1.0
Nfic,Hmgb1,1.0
Nfic,Hsd11b2,1.0
Nfic,Itga5,-1.0
Nfic,Jun,1.0
Nfic,Matn1,-1.0
Nfic,Myc,1.0
Nfic,Pold2,1.0
Nfic,Pole2,1.0
Nfic,Slc2a4,1.0
Nfic,Slc34a2,1.0
Nfic,Smug1,1.0
Nfic,Tfap2a,1.0
Nfic,Tfpi2,1.0
Nfic,Trp53,1.0
Nfic,Vwf,1.0
Nfkb1,A2m,1.0
Nfkb1,Abcb1a,1.0
Nfkb1,Abcb1b,1.0
Nfkb1,Adora1,1.0
Nfkb1,Ager,1.0
Nfkb1,Agt,1.0
Nfkb1,Akt1,-1.0
Nfkb1,Alox5ap,1.0
Nfkb1,Amh,1.0
Nfkb1,Ar,-1.0
Nfkb1,Atf3,1.0
Nfkb1,B2m,1.0
Nfkb1,Bcl2,1.0
Nfkb1,Bcl2a1a,1.0
Nfkb1,Bcl2a1b,1.0
Nfkb1,Bcl2a1c,1.0
Nfkb1,Bcl2a1d,1.0
Nfkb1,Bcl2l1,1.0
Nfkb1,Bcl3,1.0
Nfkb1,Birc2,1.0
Nfkb1,Birc3,1.0
Nfkb1,Birc5,1.0
Nfkb1,Brca1,1.0
Nfkb1,Brca2,1.0
Nfkb1,Bst1,1.0
Nfkb1,Ccl11,1.0
Nfkb1,Ccl2,1.0
Nfkb1,Ccl22,1.0
Nfkb1,Ccl3,1.0
Nfkb1,Ccl4,1.0
Nfkb1,Ccl5,1.0
Nfkb1,Ccnd1,1.0
Nfkb1,Ccnd2,1.0
Nfkb1,Ccr7,1.0
Nfkb1,Cd40,1.0
Nfkb1,Cd40lg,1.0
Nfkb1,Cd69,1.0
Nfkb1,Cd74,1.0
Nfkb1,Cd80,1.0
Nfkb1,Cd83,1.0
Nfkb1,Cd86,1.0
Nfkb1,Cdk4,1.0
Nfkb1,Cflar,1.0
Nfkb1,Cftr,1.0
Nfkb1,Col1a1,-1.0
Nfkb1,Col1a2,-1.0
Nfkb1,Cr2,1.0
Nfkb1,Crmp1,1.0
Nfkb1,Crp,1.0
Nfkb1,Csf1,1.0
Nfkb1,Csf2,1.0
Nfkb1,Csnk2a1,1.0
Nfkb1,Ctcf,-1.0
Nfkb1,Ctsb,1.0
Nfkb1,Cxcl10,1.0
Nfkb1,Cyp19a1,-1.0
Nfkb1,Cyp27b1,1.0
Nfkb1,Ebi3,1.0
Nfkb1,Edn1,1.0
Nfkb1,Egfr,1.0
Nfkb1,Elf3,1.0
Nfkb1,F3,1.0
Nfkb1,F8,1.0
Nfkb1,Fas,1.0
Nfkb1,Fasl,1.0
Nfkb1,Fbp1,1.0
Nfkb1,Fcgrt,1.0
Nfkb1,Fn1,-1.0
Nfkb1,Gadd45a,1.0
Nfkb1,Gadd45g,1.0
Nfkb1,Gata3,1.0
Nfkb1,Gdnf,1.0
Nfkb1,Gstp1,1.0
Nfkb1,Gstp2,1.0
Nfkb1,Hif1a,1.0
Nfkb1,Hmox1,1.0
Nfkb1,Hsd11b2,1.0
Nfkb1,Icam1,1.0
Nfkb1,Ier3,1.0
Nfkb1,Ifnb1,1.0
Nfkb1,Ifng,1.0
Nfkb1,Il10,1.0
Nfkb1,Il12a,1.0
Nfkb1,Il12b,1.0
Nfkb1,Il17c,1.0
Nfkb1,Il18,1.0
Nfkb1,Il1a,-1.0
Nfkb1,Il1b,1.0
Nfkb1,Il1rn,1.0
Nfkb1,Il2,1.0
Nfkb1,Il23a,1.0
Nfkb1,Il2ra,1.0
Nfkb1,Il4,1.0
Nfkb1,Il5,1.0
Nfkb1,Il6,1.0
Nfkb1,Irf1,1.0
Nfkb1,Irf4,1.0
Nfkb1,Irf7,1.0
Nfkb1,Junb,1.0
Nfkb1,Klk1,1.0
Nfkb1,Klk1b1,1.0
Nfkb1,Klk1b11,1.0
Nfkb1,Klk1b16,1.0
Nfkb1,Klk1b21,1.0
Nfkb1,Klk1b22,1.0
Nfkb1,Klk1b24,1.0
Nfkb1,Klk1b26,1.0
Nfkb1,Klk1b27,1.0
Nfkb1,Klk1b3,1.0
Nfkb1,Klk1b4,1.0
Nfkb1,Klk1b5,1.0
Nfkb1,Klk1b8,1.0
Nfkb1,Klk1b9,1.0
Nfkb1,Lpl,1.0
Nfkb1,Lta,1.0
Nfkb1,Madcam1,1.0
Nfkb1,Mat2a,1.0
Nfkb1,Mill1,1.0
Nfkb1,Mill2,1.0
Nfkb1,Mmp10,1.0
Nfkb1,Mmp13,1.0
Nfkb1,Mmp14,1.0
Nfkb1,Mmp2,1.0
Nfkb1,Mmp3,1.0
Nfkb1,Mmp9,1.0
Nfkb1,Myb,1.0
Nfkb1,Myc,1.0
Nfkb1,Nfkbia,1.0
Nfkb1,Nod2,1.0
Nfkb1,Nolc1,1.0
Nfkb1,Nos1,1.0
Nfkb1,Nos2,1.0
Nfkb1,Nos3,1.0
Nfkb1,Nqo1,1.0
Nfkb1,Pde7a,1.0
Nfkb1,Pdgfb,1.0
Nfkb1,Pigr,1.0
Nfkb1,Plau,1.0
Nfkb1,Plaur,1.0
Nfkb1,Ptafr,1.0
Nfkb1,Ptgs2,1.0
Nfkb1,Pthlh,1.0
Nfkb1,Ptpn13,1.0
Nfkb1,Ripk2,1.0
Nfkb1,Rrm2b,1.0
Nfkb1,Sele,1.0
Nfkb1,Serpina3a,-1.0
Nfkb1,Serpina3b,-1.0
Nfkb1,Serpina3c,-1.0
Nfkb1,Serpina3f,-1.0
Nfkb1,Serpina3g,-1.0
Nfkb1,Serpina3i,-1.0
Nfkb1,Serpina3j,-1.0
Nfkb1,Serpina3k,-1.0
Nfkb1,Serpina3m,-1.0
Nfkb1,Serpina3n,-1.0
Nfkb1,Serpinb1a,1.0
Nfkb1,Serpinb1b,1.0
Nfkb1,Serpinb1c,1.0
Nfkb1,Serpine1,1.0
Nfkb1,Socs3,1.0
Nfkb1,Sod2,1.0
Nfkb1,Tbx21,1.0
Nfkb1,Tff3,1.0
Nfkb1,Tfpi2,1.0
Nfkb1,Thbd,-1.0
Nfkb1,Timp1,-1.0
Nfkb1,Tlr2,1.0
Nfkb1,Tnc,1.0
Nfkb1,Tnf,1.0
Nfkb1,Tnfaip3,1.0
Nfkb1,Tnfsf10,1.0
Nfkb1,Traf1,1.0
Nfkb1,Traf2,1.0
Nfkb1,Trp53,1.0
Nfkb1,Vcam1,1.0
Nfkb1,Vegfa,1.0
Nfkb1,Vegfc,1.0
Nfkb1,Vegfd,1.0
Nfkb1,Vim,1.0
Nfkb1,Vwf,1.0
Nfkb1,Wt1,1.0
Nfkb1,Xiap,1.0
Nfkb2,Bcl2,-1.0
Nfkb2,Bcl2l1,-1.0
Nfkb2,Ccl21a,1.0
Nfkb2,Ccl21b,1.0
Nfkb2,Ccl21c,1.0
Nfkb2,Ccl21d,1.0
Nfkb2,Ccnd2,1.0
Nfkb2,Cdk6,1.0
Nfkb2,Selp,1.0
Nfkb2,Snd1,1.0
Nfya,Abcb1a,1.0
Nfya,Abcb1b,1.0
Nfya,Actb,1.0
Nfya,Ddit3,1.0
Nfya,Fdps,1.0
Nfya,Fxr2,1.0
Nfya,Sp3,1.0
Nfya,Ap3m2,1.0
Nfya,Cd74,1.0
Nfya,Pnrc2,1.0
Nfya,Zfp608,1.0
Nfyb,Actb,1.0
Nfyb,Fxr2,1.0
Nfyb,Ccnb1,1.0
Nfyb,Cd74,1.0
Nfyb,Crebrf,1.0
Nfyb,Cryzl1,1.0
Nfyb,Pcna,1.0
Nfyb,Amn1,1.0
Nfyb,Ap2a1,1.0
Nfyb,Atrip,1.0
Nfyb,Baz1b,1.0
Nfyb,Bfsp1,1.0
Nfyb,Brsk2,1.0
Nfyb,Ccnb2,1.0
Nfyb,Cdk1,1.0
Nfyb,Cks2,1.0
Nfyb,Coq10b,1.0
Nfyb,Coq8a,1.0
Nfyb,Dlg3,1.0
Nfyb,Dnajb1,1.0
Nfyb,Dpf1,1.0
Nfyb,Eif2ak3,1.0
Nfyb,Elmo1,1.0
Nfyb,Epb41,1.0
Nfyb,Fads1,1.0
Nfyb,Fam117a,1.0
Nfyb,Fcho1,1.0
Nfyb,Fdft1,1.0
Nfyb,Fzd2,1.0
Nfyb,Gcnt2,1.0
Nfyb,Gna12,1.0
Nfyb,Hnrnpdl,1.0
Nfyb,Ier5,1.0
Nfyb,Kcnab2,1.0
Nfyb,Kcnb1,1.0
Nfyb,Klhl25,1.0
Nfyb,Lbr,1.0
Nfyb,Lins1,1.0
Nfyb,Lipa,1.0
Nfyb,Lypla1,1.0
Nfyb,Mat2b,1.0
Nfyb,Mbnl1,1.0
Nfyb,Mknk2,1.0
Nfyb,Mkrn1,1.0
Nfyb,Mlec,1.0
Nfyb,Mphosph9,1.0
Nfyb,Mrtfa,1.0
Nfyb,Nceh1,1.0
Nfyb,Nek7,1.0
Nfyb,Nucb2,1.0
Nfyb,Osbpl9,1.0
Nfyb,Otulinl,1.0
Nfyb,Pak4,1.0
Nfyb,Pask,1.0
Nfyb,Pdia4,1.0
Nfyb,Pex16,1.0
Nfyb,Prdm11,1.0
Nfyb,Rgs3,1.0
Nfyb,Rhof,1.0
Nfyb,Rhoq,1.0
Nfyb,Sec22c,1.0
Nfyb,Slc27a1,1.0
Nfyb,Sod2,1.0
Nfyb,Srrm1,1.0
Nfyb,Ssbp3,1.0
Nfyb,Tbc1d31,1.0
Nfyb,Tmem14c,1.0
Nfyb,Tmem245,1.0
Nfyb,Txnip,1.0
Nfyb,Txnrd1,1.0
Nfyb,Ubp1,1.0
Nfyb,Uhrf1,1.0
Nfyb,Uvrag,1.0
Nfyb,Vcp,1.0
Nfyb,Vipr1,1.0
Nfyb,Zfp608,1.0
Nr1h2,Abca1,1.0
Nr1h2,Abcg1,1.0
Nr1h2,Bhlhe40,1.0
Nr1h2,Srebf1,1.0
Nr1h2,Fasn,1.0
Nr1h2,Pparg,1.0
Nr1h2,Cdc42ep4,1.0
Nr1h2,Dnajb12,1.0
Nr1h2,Eif1,1.0
Nr1h2,Mnt,1.0
Nr1h2,Ncor2,1.0
Nr1h2,Sqstm1,1.0
Nr1h2,Tbc1d1,1.0
Nr1h3,Abca1,1.0
Nr1h3,Abcg1,1.0
Nr1h3,Apoe,1.0
Nr1h3,Bhlhe40,1.0
Nr1h3,Srebf1,1.0
Nr1h3,Fasn,1.0
Nr1h3,Abcd1,1.0
Nr1h3,Etl4,1.0
Nr1h3,Pparg,1.0
Nr1h3,Rnf145,1.0
Nr1h3,Tmem135,1.0
Nr2c2,Asxl1,1.0
Nr2c2,Gcc2,1.0
Nr2c2,Nr2c1,1.0
Nr2c2,Snrnp200,1.0
Nr2c2,Taf2,1.0
Nr2c2,Acbd3,1.0
Nr2c2,Adgrf3,1.0
Nr2c2,Agps,1.0
Nr2c2,Anapc15,1.0
Nr2c2,Anapc15-ps,1.0
Nr2c2,Ankib1,1.0
Nr2c2,Anxa11,1.0
Nr2c2,Asb8,1.0
Nr2c2,Atp11a,1.0
Nr2c2,Baz1b,1.0
Nr2c2,Brd9,1.0
Nr2c2,Ccdc146,1.0
Nr2c2,Ccdc51,1.0
Nr2c2,Ccdc71,1.0
Nr2c2,Cfap61,1.0
Nr2c2,Chmp4b,1.0
Nr2c2,Cluh,1.0
Nr2c2,Cnot9,1.0
Nr2c2,Cwc15,1.0
Nr2c2,Ddx42,1.0
Nr2c2,Dicer1,1.0
Nr2c2,Dus1l,1.0
Nr2c2,Ebag9,1.0
Nr2c2,Ehmt1,1.0
Nr2c2,Eif3m,1.0
Nr2c2,Fam193b,1.0
Nr2c2,Gcn1,1.0
Nr2c2,Golgb1,1.0
Nr2c2,Gpatch8,1.0
Nr2c2,Impact,1.0
Nr2c2,Kdm4d,1.0
Nr2c2,Kdm5a,1.0
Nr2c2,Kmt5a,1.0
Nr2c2,Krit1,1.0
Nr2c2,Lsm7,1.0
Nr2c2,Map3k11,1.0
Nr2c2,Mapkap1,1.0
Nr2c2,Mrpl20,1.0
Nr2c2,Mrpl33,1.0
Nr2c2,Mrps28,1.0
Nr2c2,Naa50,1.0
Nr2c2,Ndufaf6,1.0
Nr2c2,Ndufb7,1.0
Nr2c2,Ndufs6,1.0
Nr2c2,Nfe2l2,1.0
Nr2c2,Nfxl1,1.0
Nr2c2,Nol7,1.0
Nr2c2,Nup107,1.0
Nr2c2,Nup37,1.0
Nr2c2,Pak4,1.0
Nr2c2,Parpbp,1.0
Nr2c2,Pcbp1,1.0
Nr2c2,Phf12,1.0
Nr2c2,Prpf40a,1.0
Nr2c2,Ptar1,1.0
Nr2c2,Rab11fip2,1.0
Nr2c2,Rprd1b,1.0
Nr2c2,Rps21,1.0
Nr2c2,Rps3a1,1.0
Nr2c2,Rps6kc1,1.0
Nr2c2,Sap18,1.0
Nr2c2,Sap18b,1.0
Nr2c2,Scnm1,1.0
Nr2c2,Selenoi,1.0
Nr2c2,Skida1,1.0
Nr2c2,Smarcd2,1.0
Nr2c2,Snrpf,1.0
Nr2c2,Sppl2b,1.0
Nr2c2,Srcap,1.0
Nr2c2,Tbc1d22a,1.0
Nr2c2,Tma7,1.0
Nr2c2,Tmco1,1.0
Nr2c2,Tmem248,1.0
Nr2c2,Tnrc6a,1.0
Nr2c2,Tomm40,1.0
Nr2c2,Trip13,1.0
Nr2c2,Tti1,1.0
Nr2c2,Txnl1,1.0
Nr2c2,Usp37,1.0
Nr2c2,Vps13d,1.0
Nr2c2,Wtap,1.0
Nr2c2,Zfp513,1.0
Nr2f1,Agt,-1.0
Nr2f1,Apoa2,-1.0
Nr2f1,Apoc3,-1.0
Nr2f1,Cyp19a1,-1.0
Nr2f1,Epo,-1.0
Nr2f1,Lhcgr,-1.0
Nr2f1,Abca2,1.0
Nr2f1,Adap1,1.0
Nr2f1,Adgrg1,1.0
Nr2f1,Agpat3,1.0
Nr2f1,Ahdc1,1.0
Nr2f1,Arhgef1,1.0
Nr2f1,Arhgef2,1.0
Nr2f1,Arhgef4,1.0
Nr2f1,Atp11a,1.0
Nr2f1,Atp2b3,1.0
Nr2f1,Begain,1.0
Nr2f1,Brsk2,1.0
Nr2f1,Col27a1,1.0
Nr2f1,Col5a1,1.0
Nr2f1,Cpne7,1.0
Nr2f1,Crb2,1.0
Nr2f1,Ctbp2,1.0
Nr2f1,Ctif,1.0
Nr2f1,Ehmt1,1.0
Nr2f1,Elmsan1,1.0
Nr2f1,Fbln1,1.0
Nr2f1,Fgd5,1.0
Nr2f1,Flt4,1.0
Nr2f1,Fscn1,1.0
Nr2f1,Gdpd5,1.0
Nr2f1,Gpsm1,1.0
Nr2f1,Gramd4,1.0
Nr2f1,Hdac7,1.0
Nr2f1,Iqsec1,1.0
Nr2f1,Kazn,1.0
Nr2f1,Kcnab2,1.0
Nr2f1,Kif21b,1.0
Nr2f1,Lingo1,1.0
Nr2f1,Lrp1,1.0
Nr2f1,Mad1l1,1.0
Nr2f1,Myo18a,1.0
Nr2f1,Nek6,1.0
Nr2f1,Nrxn2,1.0
Nr2f1,Osbpl5,1.0
Nr2f1,Pak4,1.0
Nr2f1,Palm,1.0
Nr2f1,Pdxk,1.0
Nr2f1,Pepd,1.0
Nr2f1,Phactr3,1.0
Nr2f1,Plxna2,1.0
Nr2f1,Plxnd1,1.0
Nr2f1,Prkar1b,1.0
Nr2f1,Rhbdf2,1.0
Nr2f1,Ripor3,1.0
Nr2f1,Ror2,1.0
Nr2f1,Sdk2,1.0
Nr2f1,Sulf2,1.0
Nr2f1,Sult2b1,1.0
Nr2f1,Synj2,1.0
Nr2f1,Tacc2,1.0
Nr2f1,Tnk2,1.0
Nr2f1,Top1mt,1.0
Nr2f1,Tpcn1,1.0
Nr2f1,Ubac1,1.0
Nr2f1,Unkl,1.0
Nr2f1,Zfp469,1.0
Nr2f1,Zfyve28,1.0
Nr2f2,Acta1,1.0
Nr2f2,Apoa1,-1.0
Nr2f2,Apoa2,-1.0
Nr2f2,Apob,1.0
Nr2f2,Apoc2,1.0
Nr2f2,Apoc3,1.0
Nr2f2,Bglap,1.0
Nr2f2,Bglap2,1.0
Nr2f2,Bglap3,1.0
Nr2f2,F9,1.0
Nr2f2,Hnf4a,-1.0
Nr2f2,Myh6,1.0
Nr2f2,Myod1,1.0
Nr2f2,Myog,1.0
Nr2f2,Oxt,1.0
Nr2f2,Penk,1.0
Nr2f2,Pou5f1,-1.0
Nr2f2,Ppara,1.0
Nr2f2,Trf,1.0
Nr2f6,Lhcgr,-1.0
Nr2f6,Agpat3,-1.0
Nr2f6,Apob,-1.0
Nr2f6,Rab11fip4,-1.0
Nr2f6,Aff1,-1.0
Nr2f6,Arhgef16,-1.0
Nr2f6,Arid5b,-1.0
Nr2f6,Aspscr1,-1.0
Nr2f6,Atp2b2,-1.0
Nr2f6,Ccdc12,-1.0
Nr2f6,Gpt2,-1.0
Nr2f6,Gramd4,-1.0
Nr2f6,Hivep2,-1.0
Nr2f6,Impa2,-1.0
Nr2f6,Ksr1,-1.0
Nr2f6,Lsm4,-1.0
Nr2f6,Mvk,-1.0
Nr2f6,Myo18a,-1.0
Nr2f6,Osbpl10,-1.0
Nr2f6,Phactr2,-1.0
Nr2f6,Plcb1,-1.0
Nr2f6,Plcd3,-1.0
Nr2f6,Ptprf,-1.0
Nr2f6,Rab31,-1.0
Nr2f6,Rbpj,-1.0
Nr2f6,Rxra,-1.0
Nr2f6,Sfxn5,-1.0
Nr2f6,Slc1a7,-1.0
Nr2f6,Spag9,-1.0
Nr2f6,Trnp1,-1.0
Nr2f6,Ttc7,-1.0
Nr2f6,Vps54,-1.0
Nr3c1,Atf2,-1.0
Nr3c1,Atp1b1,-1.0
Nr3c1,Bglap,-1.0
Nr3c1,Bglap2,-1.0
Nr3c1,Bglap3,-1.0
Nr3c1,Cald1,1.0
Nr3c1,Cdk6,-1.0
Nr3c1,Ets1,-1.0
Nr3c1,Nr1i3,1.0
Nr3c1,Rln1,1.0
Nr3c1,Scnn1a,1.0
Nr4a1,Cyp17a1,1.0
Nr4a1,E2f1,1.0
Nr4a1,Mdm2,-1.0
Nr4a1,Star,1.0
Nr4a1,Add3,1.0
Nr4a1,Akap13,1.0
Nr4a1,Alas1,1.0
Nr4a1,Ampd3,1.0
Nr4a1,Anxa11,1.0
Nr4a1,Bcor,1.0
Nr4a1,Bhlhe40,1.0
Nr4a1,Cacna1c,1.0
Nr4a1,Ccdc6,1.0
Nr4a1,Cdkal1,1.0
Nr4a1,Chd9,1.0
Nr4a1,Creb3l2,1.0
Nr4a1,Ctif,1.0
Nr4a1,Cuedc1,1.0
Nr4a1,Dusp5,1.0
Nr4a1,Fhad1,1.0
Nr4a1,Fhit,1.0
Nr4a1,Gas7,1.0
Nr4a1,Lmbr1,1.0
Nr4a1,Lpar1,1.0
Nr4a1,Lpp,1.0
Nr4a1,Parvb,1.0
Nr4a1,Rere,1.0
Nr4a1,Rnf220,1.0
Nr4a1,Serpine1,1.0
Nr4a1,Sh3kbp1,1.0
Nr4a1,Sik3,1.0
Nr4a1,Smad7,1.0
Nr4a1,Smap2,1.0
Nr4a1,Stk40,1.0
Nr4a1,Tbc1d14,1.0
Nr4a1,Tg,1.0
Nr4a1,Wbp1l,1.0
Nr4a1,Zbtb20,1.0
Nr4a1,Zhx3,1.0
Nr4a1,Zmynd8,1.0
Nr5a1,Amh,1.0
Nr5a1,Amhr2,1.0
Nr5a1,Cyp11a1,1.0
Nr5a1,Cyp17a1,1.0
Nr5a1,Cyp19a1,1.0
Nr5a1,Cyp21a1,1.0
Nr5a1,Mc2r,1.0
Nr5a1,Nr0b1,1.0
Nr5a1,Pou5f1,1.0
Nr5a1,Sry,1.0
Nr5a1,Star,1.0
Nr5a2,Abcg3,1.0
Nr5a2,Bahcc1,1.0
Nr5a2,Bmper,1.0
Nr5a2,C1qtnf6,1.0
Nr5a2,Cd276,1.0
Nr5a2,Cyp11a1,1.0
Nr5a2,Cyp7a1,1.0
Nr5a2,Dnm2,1.0
Nr5a2,F11r,1.0
Nr5a2,Fam160a1,1.0
Nr5a2,Fgd5,1.0
Nr5a2,Kcnb1,1.0
Nr5a2,Krt18,1.0
Nr5a2,Map3k14,1.0
Nr5a2,Myo10,1.0
Nr5a2,Myo1b,1.0
Nr5a2,Myo5c,1.0
Nr5a2,Pkp4,1.0
Nr5a2,Plekhf1,1.0
Nr5a2,Ppm1d,1.0
Nr5a2,Prkch,1.0
Nr5a2,Rara,1.0
Nr5a2,Rpgr,1.0
Nr5a2,Scnn1b,1.0
Nr5a2,Sytl2,1.0
Nr5a2,Tbc1d30,1.0
Nr5a2,Txnrd1,1.0
Nr5a2,Vdr,1.0
Nr5a2,Xpnpep1,1.0
Nr5a2,Zmynd8,1.0
Nrf1,Capns1,1.0
Nrf1,Fmr1,1.0
Nrf1,Fxr2,1.0
Nrf1,Prdx5,1.0
Nrf1,Crtc1,1.0
Nrf1,Kdm2a,1.0
Nrf1,Otud5,1.0
Nrf1,9930021J03Rik,1.0
Nrf1,Acin1,1.0
Nrf1,Armc6,1.0
Nrf1,Arrdc3,1.0
Nrf1,B9d1,1.0
Nrf1,Brf1,1.0
Nrf1,Cbx5,1.0
Nrf1,Cic,1.0
Nrf1,Clasp1,1.0
Nrf1,Dedd2,1.0
Nrf1,Dgkq,1.0
Nrf1,Dido1,1.0
Nrf1,Ehmt1,1.0
Nrf1,Eif4enif1,1.0
Nrf1,Fads1,1.0
Nrf1,Fads2,1.0
Nrf1,Fam222b,1.0
Nrf1,Fbxl15,1.0
Nrf1,Get1,1.0
Nrf1,Grk5,1.0
Nrf1,Gtf2i,1.0
Nrf1,Hira,1.0
Nrf1,Ing1,1.0
Nrf1,Itgae,1.0
Nrf1,Kctd2,1.0
Nrf1,Lig4,1.0
Nrf1,Luc7l2,1.0
Nrf1,Mafg,1.0
Nrf1,Mepce,1.0
Nrf1,Mib1,1.0
Nrf1,Mib2,1.0
Nrf1,Mrpl34,1.0
Nrf1,Mrpl36,1.0
Nrf1,Nadk,1.0
Nrf1,Narf,1.0
Nrf1,Nelfa,1.0
Nrf1,Pacs2,1.0
Nrf1,Paics,1.0
Nrf1,Pcif1,1.0
Nrf1,Per1,1.0
Nrf1,Pkib,1.0
Nrf1,Pkmyt1,1.0
Nrf1,Polr2b,1.0
Nrf1,Ppat,1.0
Nrf1,Psd,1.0
Nrf1,Pttg1ip,1.0
Nrf1,Pudp,1.0
Nrf1,Rsph14,1.0
Nrf1,Rsrp1,1.0
Nrf1,Rubcn,1.0
Nrf1,Serp1,1.0
Nrf1,Sf1,1.0
Nrf1,Sin3a,1.0
Nrf1,Six5,1.0
Nrf1,Sos1,1.0
Nrf1,Ssh2,1.0
Nrf1,Sugp2,1.0
Nrf1,Tbcb,1.0
Nrf1,Tcaim,1.0
Nrf1,Tef,1.0
Nrf1,Tmem104,1.0
Nrf1,Tob2,1.0
Nrf1,Trappc3,1.0
Nrf1,U2af2,1.0
Nrf1,Uimc1,1.0
Nrf1,Wdr12,1.0
Nrf1,Zbtb17,1.0
Nrf1,Zbtb4,1.0
Nrf1,Zcwpw1,1.0
Nrf1,Zfp263,1.0
Onecut1,Mitf,1.0
Onecut1,4932438A13Rik,1.0
Onecut1,Acss3,1.0
Onecut1,Ak4,1.0
Onecut1,Akap7,1.0
Onecut1,Aldh1a1,1.0
Onecut1,Aldh1a7,1.0
Onecut1,Ank3,1.0
Onecut1,Arap2,1.0
Onecut1,Arid5b,1.0
Onecut1,Arpp21,1.0
Onecut1,Bbx,1.0
Onecut1,Bnc2,1.0
Onecut1,Cacna2d1,1.0
Onecut1,Cadm1,1.0
Onecut1,Ccdc178,1.0
Onecut1,Chst9,1.0
Onecut1,Cped1,1.0
Onecut1,Csmd3,1.0
Onecut1,Diaph3,1.0
Onecut1,Dyrk1a,1.0
Onecut1,Eif3e,1.0
Onecut1,Eif4g3,1.0
Onecut1,Esr1,1.0
Onecut1,Etl4,1.0
Onecut1,Exoc4,1.0
Onecut1,Grip1,1.0
Onecut1,Hmcn1,1.0
Onecut1,Hnf4g,1.0
Onecut1,Ikzf2,1.0
Onecut1,Iqgap2,1.0
Onecut1,Itsn1,1.0
Onecut1,Macf1,1.0
Onecut1,Mlip,1.0
Onecut1,Mylk,1.0
Onecut1,Nrxn1,1.0
Onecut1,Olfm3,1.0
Onecut1,Pde4b,1.0
Onecut1,Plekha5,1.0
Onecut1,Rapgef4,1.0
Onecut1,Rapgef5,1.0
Onecut1,Rapgef6,1.0
Onecut1,Robo1,1.0
Onecut1,Sox2,1.0
Onecut1,Sox5,1.0
Onecut1,Spidr,1.0
Onecut1,Syne2,1.0
Onecut1,Tenm4,1.0
Onecut1,Tmco5,1.0
Onecut1,Ubr3,1.0
Onecut1,Unc13c,1.0
Onecut1,Unc5d,1.0
Onecut1,Wwc2,1.0
Otx2,Rbp3,1.0
Otx2,Adamts18,1.0
Otx2,Arhgap15,1.0
Otx2,Creb5,1.0
Otx2,Dclk1,1.0
Otx2,Dennd1a,1.0
Otx2,Diaph3,1.0
Otx2,Enpp2,1.0
Otx2,Exph5,1.0
Otx2,Fryl,1.0
Otx2,Itga1,1.0
Otx2,Macf1,1.0
Otx2,Mbnl2,1.0
Otx2,Mef2c,1.0
Otx2,Myo1e,1.0
Otx2,Nbea,1.0
Otx2,Pde1a,1.0
Otx2,Syne1,1.0
Otx2,Tbc1d5,1.0
Otx2,Tmco5,1.0
Otx2,Trpc4,1.0
Otx2,Tulp4,1.0
Otx2,Xirp2,1.0
Pax5,Bcl2,-1.0
Pax5,Blk,-1.0
Pax5,Cd19,1.0
Pax5,Cd79a,1.0
Pax5,Prdm1,-1.0
Pax5,Trp53,1.0
Pax5,Xbp1,-1.0
Pax5,Fcer2a,1.0
Pax5,Prkce,1.0
Pax5,Abr,1.0
Pax5,Akna,1.0
Pax5,Apbb2,1.0
Pax5,Arhgap45,1.0
Pax5,Bcl11a,1.0
Pax5,Cd22,1.0
Pax5,Cd70,1.0
Pax5,Cirbp,1.0
Pax5,Coro1a,1.0
Pax5,Dusp10,1.0
Pax5,Fcho1,1.0
Pax5,Gper1,1.0
Pax5,Gramd4,1.0
Pax5,Irf4,1.0
Pax5,Irf8,1.0
Pax5,Klf13,1.0
Pax5,Klhdc4,1.0
Pax5,Lonp1,1.0
Pax5,Macf1,1.0
Pax5,Mad1l1,1.0
Pax5,Med15,1.0
Pax5,Mgat1,1.0
Pax5,Mical3,1.0
Pax5,Ncor2,1.0
Pax5,Nr4a1,1.0
Pax5,Per1,1.0
Pax5,Pik3r5,1.0
Pax5,Pou2af1,1.0
Pax5,Rac2,1.0
Pax5,Rad51b,1.0
Pax5,Rgs12,1.0
Pax5,Rhoh,1.0
Pax5,Ripor1,1.0
Pax5,Runx3,1.0
Pax5,Ryr1,1.0
Pax5,Smad3,1.0
Pax5,Smad7,1.0
Pax5,Smarca4,1.0
Pax5,Snx8,1.0
Pax5,Sp100,1.0
Pax5,Tbc1d14,1.0
Pax5,Tcf7,1.0
Pax5,Wnt10a,1.0
Pax5,Zc3h12d,1.0
Pax5,Zmiz1,1.0
Pax6,Ctnnd2,1.0
Pax6,Gck,1.0
Pax6,Itga5,1.0
Pax6,Itgb1,1.0
Pax6,Krt12,1.0
Pax6,Met,1.0
Pax6,Mmp2,1.0
Pax6,Nanog,1.0
Pax6,Necab2,1.0
Pax6,Olfm3,1.0
Pax6,Pcsk1,1.0
Pax6,Pdhx,-1.0
Pax6,Pou5f1,1.0
Pax8,Bcl2,1.0
Pax8,E2f1,1.0
Pax8,Gata3,1.0
Pax8,Ncam1,1.0
Pax8,Slc5a5,1.0
Pax8,Tert,1.0
Pax8,Tg,-1.0
Pax8,Tpo,1.0
Pax8,Trp53,-1.0
Pax8,Tshr,-1.0
Pax8,Wt1,1.0
Pbx2,Phf21a,1.0
Pbx2,6430548M08Rik,1.0
Pbx2,Ankrd11,1.0
Pbx2,Arhgap6,1.0
Pbx2,Arhgef1,1.0
Pbx2,Arhgef2,1.0
Pbx2,Bcor,1.0
Pbx2,Cdyl,1.0
Pbx2,Crebbp,1.0
Pbx2,Denn2b,1.0
Pbx2,Dlg1,1.0
Pbx2,Dnm2,1.0
Pbx2,Dyrk1a,1.0
Pbx2,Dysf,1.0
Pbx2,Fyn,1.0
Pbx2,Galnt2,1.0
Pbx2,Galnt2l,1.0
Pbx2,Garnl3,1.0
Pbx2,Gtdc1,1.0
Pbx2,Hip1,1.0
Pbx2,Hoxb3,1.0
Pbx2,Jarid2,1.0
Pbx2,Kdm2b,1.0
Pbx2,Ksr1,1.0
Pbx2,Mapkap1,1.0
Pbx2,Mbnl2,1.0
Pbx2,Meis1,1.0
Pbx2,Mitf,1.0
Pbx2,Msi2,1.0
Pbx2,Nav2,1.0
Pbx2,Nbas,1.0
Pbx2,Nfasc,1.0
Pbx2,Pacsin2,1.0
Pbx2,Pik3c2b,1.0
Pbx2,Pik3r1,1.0
Pbx2,Plcg2,1.0
Pbx2,Prkcb,1.0
Pbx2,Rara,1.0
Pbx2,Septin9,1.0
Pbx2,Slc25a25,1.0
Pbx2,Sox6,1.0
Pbx2,Tacc1,1.0
Pbx2,Tiam2,1.0
Pbx2,Tle3,1.0
Pbx2,Zfpm2,1.0
Pbx3,Meis2,1.0
Pbx3,Pbx1,1.0
Pbx3,Akap6,1.0
Pbx3,Apbb2,1.0
Pbx3,Atxn1,1.0
Pbx3,Bbx,1.0
Pbx3,Cacna2d1,1.0
Pbx3,Ccdc97,1.0
Pbx3,Cd226,1.0
Pbx3,Chn1,1.0
Pbx3,Csnk1d,1.0
Pbx3,Daam1,1.0
Pbx3,Dmd,1.0
Pbx3,Ergic1,1.0
Pbx3,Fam110b,1.0
Pbx3,Flna,1.0
Pbx3,Fndc3b,1.0
Pbx3,Frmd4b,1.0
Pbx3,Fto,1.0
Pbx3,Fyn,1.0
Pbx3,Galnt2,1.0
Pbx3,Galnt2l,1.0
Pbx3,Hmcn1,1.0
Pbx3,Igf1r,1.0
Pbx3,Inpp5a,1.0
Pbx3,Jarid2,1.0
Pbx3,Kcnma1,1.0
Pbx3,Macf1,1.0
Pbx3,Macrod2,1.0
Pbx3,Map4,1.0
Pbx3,Mylk,1.0
Pbx3,Nbea,1.0
Pbx3,Pacsin2,1.0
Pbx3,Pard3,1.0
Pbx3,Pde4d,1.0
Pbx3,Plcb1,1.0
Pbx3,Prickle2,1.0
Pbx3,Rarb,1.0
Pbx3,Rnf150,1.0
Pbx3,Rps6ka2,1.0
Pbx3,Runx1t1,1.0
Pbx3,Sec14l1,1.0
Pbx3,Septin9,1.0
Pbx3,Slit2,1.0
Pbx3,Spats2l,1.0
Pbx3,St7,1.0
Pbx3,Tiam2,1.0
Pbx3,Tle4,1.0
Pbx3,Tns1,1.0
Pbx3,Wwc1,1.0
Pbx3,Zfp385b,1.0
Pbx3,Zfp407,1.0
Pdx1,Ada,1.0
Pdx1,Gck,1.0
Pdx1,Ins1,1.0
Pdx1,Ins2,1.0
Pdx1,Arhgap42,1.0
Pdx1,Arhgef28,1.0
Pdx1,Arhgef3,1.0
Pdx1,Bach2,1.0
Pdx1,Bcr,1.0
Pdx1,Carmil1,1.0
Pdx1,Chn2,1.0
Pdx1,Cmip,1.0
Pdx1,Daam1,1.0
Pdx1,Dmd,1.0
Pdx1,Dst,1.0
Pdx1,Dym,1.0
Pdx1,Dync1i1,1.0
Pdx1,Dyrk1a,1.0
Pdx1,Fam107b,1.0
Pdx1,Fryl,1.0
Pdx1,Fto,1.0
Pdx1,Gabrb3,1.0
Pdx1,Glis3,1.0
Pdx1,Gtdc1,1.0
Pdx1,Hnf4a,1.0
Pdx1,Itpr2,1.0
Pdx1,Lhfpl2,1.0
Pdx1,Lmo1,1.0
Pdx1,Macrod2,1.0
Pdx1,Mbnl2,1.0
Pdx1,Mtus2,1.0
Pdx1,Myt1l,1.0
Pdx1,Nav2,1.0
Pdx1,Nbas,1.0
Pdx1,Nedd4l,1.0
Pdx1,Pcnx2,1.0
Pdx1,Pld1,1.0
Pdx1,Prkch,1.0
Pdx1,Ralgapa2,1.0
Pdx1,Rbfox3,1.0
Pdx1,Rtn1,1.0
Pdx1,Runx1,1.0
Pdx1,Slc8a1,1.0
Pdx1,Sorbs1,1.0
Pdx1,Syne1,1.0
Pdx1,Syne2,1.0
Pdx1,Tcf4,1.0
Pdx1,Tenm4,1.0
Pdx1,Usp6nl,1.0
Pdx1,Xxylt1,1.0
Pdx1,Zpld1,1.0
Pgr,Bcl2,1.0
Pgr,Ccnd1,1.0
Pgr,Cyp19a1,-1.0
Pgr,Esr1,1.0
Pgr,Hltf,1.0
Pgr,Igfbp1,1.0
Pgr,Klk1,1.0
Pgr,Klk1b1,1.0
Pgr,Klk1b11,1.0
Pgr,Klk1b16,1.0
Pgr,Klk1b21,1.0
Pgr,Klk1b22,1.0
Pgr,Klk1b24,1.0
Pgr,Klk1b26,1.0
Pgr,Klk1b27,1.0
Pgr,Klk1b3,1.0
Pgr,Klk1b4,1.0
Pgr,Klk1b5,1.0
Pgr,Klk1b8,1.0
Pgr,Klk1b9,1.0
Pgr,Myc,1.0
Pgr,Rln1,1.0
Pgr,Vegfa,1.0
Pknox1,Ptpn6,1.0
Pknox1,6430548M08Rik,1.0
Pknox1,Ap4s1,1.0
Pknox1,Arhgap6,1.0
Pknox1,Astn2,1.0
Pknox1,Dnm2,1.0
Pknox1,Fam13a,1.0
Pknox1,Fgd6,1.0
Pknox1,Galnt2,1.0
Pknox1,Galnt2l,1.0
Pknox1,Gatad2a,1.0
Pknox1,Hdac4,1.0
Pknox1,Hip1,1.0
Pknox1,Jarid2,1.0
Pknox1,Lims1,1.0
Pknox1,Lyrm9,1.0
Pknox1,Marchf8,1.0
Pknox1,Mcc,1.0
Pknox1,Meis1,1.0
Pknox1,Mical3,1.0
Pknox1,Prkcb,1.0
Pknox1,Rnf220,1.0
Pknox1,Rps6kc1,1.0
Pknox1,Septin9,1.0
Pknox1,Sil1,1.0
Pknox1,Slc25a25,1.0
Pknox1,Spred2,1.0
Pknox1,Sptb,1.0
Pknox1,Tbpl1,1.0
Pknox1,Tcf4,1.0
Pknox1,Tecr,1.0
Pknox1,Thada,1.0
Pknox1,Tns1,1.0
Pknox1,Tusc3,1.0
Pknox1,Wnt3,1.0
Pknox1,Wscd2,1.0
Pou2f1,Bdkrb1,1.0
Pou2f1,Ccnd1,1.0
Pou2f1,Cdx2,1.0
Pou2f1,Cxcr5,1.0
Pou2f1,Gadd45a,1.0
Pou2f1,Gcm1,1.0
Pou2f1,Gnrh1,1.0
Pou2f1,H2-Ea,1.0
Pou2f1,Hpgds,1.0
Pou2f1,Il2,1.0
Pou2f1,Il3,1.0
Pou2f1,Il4,-1.0
Pou2f1,Il5,1.0
Pou2f1,Lct,1.0
Pou2f1,Ms4a2,1.0
Pou2f1,Myc,1.0
Pou2f1,Plau,1.0
Pou2f1,Pou2af1,1.0
Pou2f1,Ptgir,1.0
Pou2f1,Rptor,1.0
Pou2f1,Rrm2b,1.0
Pou2f1,Snapc1,1.0
Pou2f1,Snapc1l,1.0
Pou2f1,Spi1,1.0
Pou2f1,Spp1,1.0
Pou2f1,St6gal1,1.0
Pou2f1,Tfap2a,1.0
Pou2f1,Tsc22d3,1.0
Pou2f1,Txnrd1,1.0
Pou2f1,Vcam1,-1.0
Pou2f1,Vwf,1.0
Pou2f2,H2-Ea,1.0
Pou2f2,H2-Ob,1.0
Pou2f2,Il5,1.0
Pou2f2,Spi1,1.0
Pou2f2,Spp1,1.0
Pou2f2,Lrrk1,1.0
Pou2f2,Lyn,1.0
Pou2f2,Pou2af1,1.0
Pou2f2,Stk10,1.0
Pou2f2,Abr,1.0
Pou2f2,Ank1,1.0
Pou2f2,Ankrd44,1.0
Pou2f2,Anks1b,1.0
Pou2f2,App,1.0
Pou2f2,Arhgap25,1.0
Pou2f2,Arhgef3,1.0
Pou2f2,Bbx,1.0
Pou2f2,Cacnb4,1.0
Pou2f2,Cd226,1.0
Pou2f2,Cdk14,1.0
Pou2f2,Chd9,1.0
Pou2f2,Ciita,1.0
Pou2f2,Cotl1,1.0
Pou2f2,Dlgap4,1.0
Pou2f2,Dock10,1.0
Pou2f2,Dock2,1.0
Pou2f2,Dock9,1.0
Pou2f2,Dpysl2,1.0
Pou2f2,Dst,1.0
Pou2f2,Ebf1,1.0
Pou2f2,Egln3,1.0
Pou2f2,Egr2,1.0
Pou2f2,Ehmt1,1.0
Pou2f2,Etl4,1.0
Pou2f2,Gpcpd1,1.0
Pou2f2,Gpr15,1.0
Pou2f2,Grip1,1.0
Pou2f2,Gse1,1.0
Pou2f2,H2bc14,1.0
Pou2f2,Hivep3,1.0
Pou2f2,Id2,1.0
Pou2f2,Il21r,1.0
Pou2f2,Inpp4a,1.0
Pou2f2,Inpp5d,1.0
Pou2f2,Ipcef1,1.0
Pou2f2,Kcnn3,1.0
Pou2f2,Kdm2b,1.0
Pou2f2,Kdm4b,1.0
Pou2f2,Lat2,1.0
Pou2f2,Lcp1,1.0
Pou2f2,Lrmp,1.0
Pou2f2,Map3k8,1.0
Pou2f2,Myh9,1.0
Pou2f2,Nedd4l,1.0
Pou2f2,Nedd9,1.0
Pou2f2,Nlrc5,1.0
Pou2f2,Osbpl3,1.0
Pou2f2,Pdzd2,1.0
Pou2f2,Pik3r5,1.0
Pou2f2,Pik3r6,1.0
Pou2f2,Plek,1.0
Pou2f2,Pou2f1,1.0
Pou2f2,Prex1,1.0
Pou2f2,Prkcb,1.0
Pou2f2,Ptprj,1.0
Pou2f2,Rabgap1l,1.0
Pou2f2,Rel,1.0
Pou2f2,Rhbdf2,1.0
Pou2f2,Rhoh,1.0
Pou2f2,Runx3,1.0
Pou2f2,Ryr1,1.0
Pou2f2,Sbno2,1.0
Pou2f2,Scaper,1.0
Pou2f2,Sema4d,1.0
Pou2f2,Smad3,1.0
Pou2f2,Sorbs2,1.0
Pou2f2,Tbxas1,1.0
Pou2f2,Tcf4,1.0
Pou2f2,Tmc6,1.0
Pou2f2,Tnfaip8,1.0
Pou2f2,Tnfrsf13b,1.0
Pou2f2,Traf3,1.0
Pou2f2,Vwa3b,1.0
Pou2f2,Zcchc2,1.0
Pou2f2,Zfp532,1.0
Pou4f2,Ccnd1,1.0
Pou4f2,Arhgap15,1.0
Pou4f2,Bbx,1.0
Pou4f2,Chn2,1.0
Pou4f2,Cntn5,1.0
Pou4f2,Ctnnd2,1.0
Pou4f2,Cubn,1.0
Pou4f2,Dock10,1.0
Pou4f2,Dst,1.0
Pou4f2,Fam13a,1.0
Pou4f2,Foxp2,1.0
Pou4f2,Inpp4b,1.0
Pou4f2,Itsn1,1.0
Pou4f2,Kcnip4,1.0
Pou4f2,Myt1l,1.0
Pou4f2,Ncoa1,1.0
Pou4f2,Neb,1.0
Pou4f2,Nlgn1,1.0
Pou4f2,Pde4b,1.0
Pou4f2,Rabgap1l,1.0
Pou4f2,Robo1,1.0
Pou4f2,Sorbs2,1.0
Pou4f2,Spidr,1.0
Pou4f2,Stard13,1.0
Pou4f2,Syne1,1.0
Pou4f2,Zbtb20,1.0
Pou4f2,Zfp385b,1.0
Pou4f2,Zmiz1,1.0
Pou5f1,Cdx2,-1.0
Pou5f1,Lefty1,1.0
Pou5f1,Lefty2,1.0
Pou5f1,Nanog,1.0
Pou5f1,Sox2,1.0
Pou5f1,Tdgf1,1.0
Pou5f1,Adgrl2,1.0
Pou5f1,Angpt1,1.0
Pou5f1,Ank2,1.0
Pou5f1,Ank3,1.0
Pou5f1,Anks1b,1.0
Pou5f1,Bcar3,1.0
Pou5f1,Bcr,1.0
Pou5f1,Cacna1c,1.0
Pou5f1,Cntnap2,1.0
Pou5f1,Cpne4,1.0
Pou5f1,Denn2b,1.0
Pou5f1,Dnmbp,1.0
Pou5f1,Ebf1,1.0
Pou5f1,Epb41l2,1.0
Pou5f1,Epha4,1.0
Pou5f1,Fat1,1.0
Pou5f1,Galnt10,1.0
Pou5f1,Gas7,1.0
Pou5f1,Gcnt2,1.0
Pou5f1,Gpc6,1.0
Pou5f1,Igf2bp3,1.0
Pou5f1,Inpp5d,1.0
Pou5f1,Jmjd1c,1.0
Pou5f1,Kifc3,1.0
Pou5f1,Limch1,1.0
Pou5f1,Lrrk1,1.0
Pou5f1,Macf1,1.0
Pou5f1,Magi2,1.0
Pou5f1,Nav1,1.0
Pou5f1,Osbpl10,1.0
Pou5f1,Patj,1.0
Pou5f1,Rabgap1l,1.0
Pou5f1,Runx1t1,1.0
Pou5f1,Sash1,1.0
Pou5f1,Shroom3,1.0
Pou5f1,Smad3,1.0
Pou5f1,Snrpn,1.0
Pou5f1,Sorbs2,1.0
Pou5f1,Spats2l,1.0
Pou5f1,Sptbn1,1.0
Pou5f1,Stk10,1.0
Pou5f1,Syne1,1.0
Pou5f1,Syne2,1.0
Pou5f1,Tacc2,1.0
Pou5f1,Tiam2,1.0
Pou5f1,Tmem131l,1.0
Pou5f1,Trim2,1.0
Pou5f1,Wnt5b,1.0
Pou5f1,Zeb2,1.0
Ppara,Acox1,1.0
Ppara,Acox2,1.0
Ppara,Acsl1,-1.0
Ppara,Angptl4,1.0
Ppara,Apoa1,1.0
Ppara,Apoa4,1.0
Ppara,Apoa5,1.0
Ppara,Apob,1.0
Ppara,Apobr,-1.0
Ppara,Apoc3,-1.0
Ppara,Ccnd1,1.0
Ppara,Cd36,1.0
Ppara,Cpt1a,-1.0
Ppara,Cyp1a1,1.0
Ppara,Cyp4a10,1.0
Ppara,Cyp4a30b,1.0
Ppara,Cyp4a31,1.0
Ppara,Cyp4a32,1.0
Ppara,Cyp7a1,1.0
Ppara,Fabp1,1.0
Ppara,Fabp3,1.0
Ppara,Fads2,1.0
Ppara,Hmgcs1,1.0
Ppara,Hmgcs2,1.0
Ppara,Lpl,1.0
Ppara,Mmp12,1.0
Ppara,Mmp9,-1.0
Ppara,Myc,1.0
Ppara,Nfkbia,1.0
Ppara,Pank1,1.0
Ppara,Pck1,1.0
Ppara,Ptgs2,1.0
Ppara,Serpine1,1.0
Ppara,Tuba1b,-1.0
Ppara,Ucp1,-1.0
Pparg,Abcg3,1.0
Pparg,Adipoq,1.0
Pparg,Angptl4,1.0
Pparg,Apob,-1.0
Pparg,Apobr,-1.0
Pparg,Atp2a2,1.0
Pparg,Bcl2,1.0
Pparg,Ccnd1,-1.0
Pparg,Cd36,1.0
Pparg,Cd83,1.0
Pparg,Cdkn1a,1.0
Pparg,Cpt1b,1.0
Pparg,Cyp27a1,1.0
Pparg,Dbi,1.0
Pparg,Egfr,-1.0
Pparg,Fabp4,1.0
Pparg,Gk,1.0
Pparg,Lipe,1.0
Pparg,Lpl,1.0
Pparg,Mmp1a,1.0
Pparg,Mmp1b,1.0
Pparg,Mmp9,-1.0
Pparg,Myc,-1.0
Pparg,Nr1d1,1.0
Pparg,Nr1h3,1.0
Pparg,Pck1,1.0
Pparg,Plin2,1.0
Pparg,Pou2f1,1.0
Pparg,Pten,1.0
Pparg,Ptgs2,-1.0
Pparg,Rarb,1.0
Pparg,Retn,1.0
Pparg,Sat1,1.0
Pparg,Scarb1,1.0
Pparg,Serpine1,1.0
Pparg,Slc2a4,-1.0
Pparg,Tnfrsf11b,1.0
Pparg,Trp53,1.0
Pparg,Tshr,-1.0
Pparg,Ucp1,1.0
Pparg,Vldlr,1.0
Prdm1,Ciita,-1.0
Prdm1,Myc,-1.0
Prdm1,Acss2,1.0
Prdm1,Ano10,1.0
Prdm1,Aoah,1.0
Prdm1,Arap2,1.0
Prdm1,Arhgap26,1.0
Prdm1,Creb1,1.0
Prdm1,Crispld1,1.0
Prdm1,Crybg1,1.0
Prdm1,Dlg2,1.0
Prdm1,Dmd,1.0
Prdm1,Erg,1.0
Prdm1,Evi5l,1.0
Prdm1,Fstl5,1.0
Prdm1,Fxr2,1.0
Prdm1,Ifit2,1.0
Prdm1,Il18,1.0
Prdm1,Il24,1.0
Prdm1,Kcnk1,1.0
Prdm1,Lgr4,1.0
Prdm1,Lmo7,1.0
Prdm1,Mbnl3,1.0
Prdm1,Mecom,1.0
Prdm1,Mid1,1.0
Prdm1,Myo1e,1.0
Prdm1,Nfix,1.0
Prdm1,Nr3c1,1.0
Prdm1,Olr1,1.0
Prdm1,Paqr5,1.0
Prdm1,Pcna,1.0
Prdm1,Plxna2,1.0
Prdm1,Prkch,1.0
Prdm1,S100a16,1.0
Prdm1,Slc37a1,1.0
Prdm1,Tead1,1.0
Prdm1,Tnfsf8,1.0
Prdm1,Tnik,1.0
Prdm1,Zfp36l1,1.0
Prdm1,Zhx1,1.0
Prdm14,Abca4,1.0
Prdm14,Adamts2,1.0
Prdm14,Agap1,1.0
Prdm14,Agap3,1.0
Prdm14,Agpat3,1.0
Prdm14,Ahdc1,1.0
Prdm14,Ahnak,1.0
Prdm14,Ajap1,1.0
Prdm14,Alk,1.0
Prdm14,Ampd3,1.0
Prdm14,Ano1,1.0
Prdm14,Arhgef10l,1.0
Prdm14,Arhgef17,1.0
Prdm14,Arhgef2,1.0
Prdm14,Arid1a,1.0
Prdm14,Arid1b,1.0
Prdm14,Arid5a,1.0
Prdm14,Ass1,1.0
Prdm14,Atp13a2,1.0
Prdm14,Auts2,1.0
Prdm14,Axin2,1.0
Prdm14,Bcar3,1.0
Prdm14,Bcl11a,1.0
Prdm14,Bcor,1.0
Prdm14,Bmp7,1.0
Prdm14,Cacna1c,1.0
Prdm14,Cacna1g,1.0
Prdm14,Car4,1.0
Prdm14,Ccdc33,1.0
Prdm14,Ccdc57,1.0
Prdm14,Ccnd2,1.0
Prdm14,Cd6,1.0
Prdm14,Cd9,1.0
Prdm14,Cdc42bpg,1.0
Prdm14,Cdc42ep4,1.0
Prdm14,Cdh23,1.0
Prdm14,Cdyl,1.0
Prdm14,Cobl,1.0
Prdm14,Col2a1,1.0
Prdm14,Coro2b,1.0
Prdm14,Cplx2,1.0
Prdm14,Crocc,1.0
Prdm14,Csmd2,1.0
Prdm14,Cxcl12,1.0
Prdm14,Cyp26b1,1.0
Prdm14,Dab2ip,1.0
Prdm14,Dgkg,1.0
Prdm14,Dgkz,1.0
Prdm14,Dlgap4,1.0
Prdm14,Dll4,1.0
Prdm14,Dnmt3a,1.0
Prdm14,Dpysl5,1.0
Prdm14,Dysf,1.0
Prdm14,Ece1,1.0
Prdm14,Efnb1,1.0
Prdm14,Epb41l1,1.0
Prdm14,Ephb3,1.0
Prdm14,Eva1b,1.0
Prdm14,Fam131c,1.0
Prdm14,Fam174b,1.0
Prdm14,Fhad1,1.0
Prdm14,Fosl2,1.0
Prdm14,Foxo6,1.0
Prdm14,Gata2,1.0
Prdm14,Gatad2a,1.0
Prdm14,Gli2,1.0
Prdm14,Gmds,1.0
Prdm14,Gpc1,1.0
Prdm14,Gprc5c,1.0
Prdm14,Gramd1b,1.0
Prdm14,Grb10,1.0
Prdm14,Grhl3,1.0
Prdm14,Grik4,1.0
Prdm14,Grk2,1.0
Prdm14,Gse1,1.0
Prdm14,Hdac5,1.0
Prdm14,Hes2,1.0
Prdm14,Igdcc4,1.0
Prdm14,Igf1r,1.0
Prdm14,Igf2r,1.0
Prdm14,Inhbb,1.0
Prdm14,Islr2,1.0
Prdm14,Itga11,1.0
Prdm14,Itpkb,1.0
Prdm14,Kazn,1.0
Prdm14,Kcnab2,1.0
Prdm14,Kdm4b,1.0
Prdm14,Kdm6b,1.0
Prdm14,Kirrel,1.0
Prdm14,Kirrel3,1.0
Prdm14,Klhdc7a,1.0
Prdm14,Lhx2,1.0
Prdm14,Lingo1,1.0
Prdm14,Lrrk1,1.0
Prdm14,Macf1,1.0
Prdm14,Mad1l1,1.0
Prdm14,Map7d1,1.0
Prdm14,Matn1,1.0
Prdm14,Mcf2l,1.0
Prdm14,Mef2d,1.0
Prdm14,Megf6,1.0
Prdm14,Meis1,1.0
Prdm14,Mgat5b,1.0
Prdm14,Mnt,1.0
Prdm14,Nadk,1.0
Prdm14,Nectin1,1.0
Prdm14,Nfatc2,1.0
Prdm14,Nfia,1.0
Prdm14,Nfic,1.0
Prdm14,Ngef,1.0
Prdm14,Nol4l,1.0
Prdm14,Nr4a1,1.0
Prdm14,Nrp2,1.0
Prdm14,Ntf3,1.0
Prdm14,Ntn1,1.0
Prdm14,Ntrk1,1.0
Prdm14,Nxn,1.0
Prdm14,Otx1,1.0
Prdm14,Padi2,1.0
Prdm14,Pax7,1.0
Prdm14,Pdgfrb,1.0
Prdm14,Pear1,1.0
Prdm14,Phc2,1.0
Prdm14,Phldb1,1.0
Prdm14,Pkdcc,1.0
Prdm14,Pknox2,1.0
Prdm14,Plekhg5,1.0
Prdm14,Plxna2,1.0
Prdm14,Prex1,1.0
Prdm14,Prmt8,1.0
Prdm14,Ptch1,1.0
Prdm14,Pth1r,1.0
Prdm14,Ptma,1.0
Prdm14,Ptpru,1.0
Prdm14,Rab25,1.0
Prdm14,Rai1,1.0
Prdm14,Rasgrf1,1.0
Prdm14,Rcor2,1.0
Prdm14,Rfx4,1.0
Prdm14,Rgma,1.0
Prdm14,Rnf220,1.0
Prdm14,Rps6ka2,1.0
Prdm14,Rptor,1.0
Prdm14,Rspo1,1.0
Prdm14,Runx1,1.0
Prdm14,Runx3,1.0
Prdm14,Sdk2,1.0
Prdm14,Sema4a,1.0
Prdm14,Septin9,1.0
Prdm14,Sfxn5,1.0
Prdm14,Sh3bp4,1.0
Prdm14,Shank2,1.0
Prdm14,Sim2,1.0
Prdm14,Slc12a5,1.0
Prdm14,Slc22a23,1.0
Prdm14,Slit3,1.0
Prdm14,Smad6,1.0
Prdm14,Sox13,1.0
Prdm14,Sox9,1.0
Prdm14,Srebf1,1.0
Prdm14,Stum,1.0
Prdm14,Syndig1,1.0
Prdm14,Tacc2,1.0
Prdm14,Tal1,1.0
Prdm14,Tbc1d16,1.0
Prdm14,Tbcd,1.0
Prdm14,Tcf7l1,1.0
Prdm14,Tenm4,1.0
Prdm14,Tent5b,1.0
Prdm14,Tfap2a,1.0
Prdm14,Tmco4,1.0
Prdm14,Tmem59l,1.0
Prdm14,Tns1,1.0
Prdm14,Tns3,1.0
Prdm14,Trim2,1.0
Prdm14,Trio,1.0
Prdm14,Trp53i11,1.0
Prdm14,Tspan18,1.0
Prdm14,Tspan9,1.0
Prdm14,Ttc7,1.0
Prdm14,Unc5a,1.0
Prdm14,Wnt3a,1.0
Prdm14,Wnt4,1.0
Prdm14,Wnt5b,1.0
Prdm14,Wwc1,1.0
Prdm14,Xxylt1,1.0
Prdm14,Zbtb17,1.0
Prdm14,Zbtb7b,1.0
Prdm14,Zdhhc14,1.0
Prdm14,Zfp423,1.0
Prdm14,Zmiz1,1.0
Prdm14,Zmynd8,1.0
Prox1,Cyp7a1,-1.0
Prox1,Nr5a2,-1.0
Prox1,Abcb1a,1.0
Prox1,Abcb1b,1.0
Prox1,Add3,1.0
Prox1,Afap1l2,1.0
Prox1,Arhgap42,1.0
Prox1,Arhgef2,1.0
Prox1,Atp1a1,1.0
Prox1,Dnm2,1.0
Prox1,Fzd10,1.0
Prox1,Grin2b,1.0
Prox1,Igf1r,1.0
Prox1,Mapkapk3,1.0
Prox1,Nedd4l,1.0
Prox1,Nrp2,1.0
Prox1,Osbpl10,1.0
Prox1,Pcyt1a,1.0
Prox1,Plcb4,1.0
Prox1,Plekha7,1.0
Prox1,Sap30bp,1.0
Prox1,Sema3a,1.0
Prox1,Septin9,1.0
Prox1,Sox13,1.0
Prox1,Spred2,1.0
Prox1,Tns3,1.0
Prox1,Zfp608,1.0
Rara,Btg2,1.0
Rara,Casp9,1.0
Rara,Ccna1,-1.0
Rara,Cdkn1a,1.0
Rara,Cebpe,1.0
Rara,Crabp2,1.0
Rara,Cxcr5,1.0
Rara,Cyp26a1,1.0
Rara,Ets1,1.0
Rara,Gprc5a,1.0
Rara,Hnf4a,1.0
Rara,Hoxa1,1.0
Rara,Hoxa4,1.0
Rara,Hoxa7,1.0
Rara,Hoxb4,1.0
Rara,Hoxd4,1.0
Rara,Hsd17b2,1.0
Rara,Icam1,1.0
Rara,Ier3,1.0
Rara,Macrod1,-1.0
Rara,Maob,1.0
Rara,Muc5ac,-1.0
Rara,Myc,1.0
Rara,Nr1i3,1.0
Rara,Nrip1,1.0
Rara,Pck1,1.0
Rara,Plat,1.0
Rara,Plau,1.0
Rara,Prkca,1.0
Rara,Rarb,1.0
Rara,Rarg,1.0
Rara,Rptor,1.0
Rara,Scd2,1.0
Rara,Scd4,1.0
Rara,Sftpb,1.0
Rara,Thbd,1.0
Rara,Tnfaip2,1.0
Rara,Tpo,1.0
Rbpj,Cr2,1.0
Rbpj,Fcer2a,1.0
Rbpj,Hes1,1.0
Rbpj,Hey1,1.0
Rbpj,Hey2,1.0
Rbpj,Nfkb1,1.0
Rbpj,Pten,-1.0
Rbpj,Fndc3b,1.0
Rbpj,Wipf1,1.0
Rbpj,Ampd3,1.0
Rbpj,Ankrd44,1.0
Rbpj,Arhgef3,1.0
Rbpj,Asap1,1.0
Rbpj,Bcat1,1.0
Rbpj,Casp8,1.0
Rbpj,Cblb,1.0
Rbpj,Cdk17,1.0
Rbpj,Cep85l,1.0
Rbpj,Cxcr4,1.0
Rbpj,Dpysl2,1.0
Rbpj,Fam167a,1.0
Rbpj,Fchsd2,1.0
Rbpj,Fmnl2,1.0
Rbpj,Gas7,1.0
Rbpj,Gna12,1.0
Rbpj,Gpatch2l,1.0
Rbpj,Gpcpd1,1.0
Rbpj,Gsn,1.0
Rbpj,Hes5,1.0
Rbpj,Heyl,1.0
Rbpj,Ifngr1,1.0
Rbpj,Il16,1.0
Rbpj,Inpp4a,1.0
Rbpj,Irf8,1.0
Rbpj,Lims1,1.0
Rbpj,Lpp,1.0
Rbpj,Lyst,1.0
Rbpj,Marchf1,1.0
Rbpj,Mknk2,1.0
Rbpj,Nin,1.0
Rbpj,Nsmce2,1.0
Rbpj,Numb,1.0
Rbpj,Pag1,1.0
Rbpj,Pex5l,1.0
Rbpj,Pik3ap1,1.0
Rbpj,Pip4k2a,1.0
Rbpj,Plec,1.0
Rbpj,Pmaip1,1.0
Rbpj,Rfx3,1.0
Rbpj,Runx1,1.0
Rbpj,Sema4d,1.0
Rbpj,Sh3kbp1,1.0
Rbpj,Sipa1l1,1.0
Rbpj,Slc12a8,1.0
Rbpj,Snx25,1.0
Rbpj,Tcf4,1.0
Rbpj,Thada,1.0
Rbpj,Tnip1,1.0
Rbpj,Wwtr1,1.0
Rbpj,Zbtb38,1.0
Rel,Birc3,1.0
Rel,Ccl2,1.0
Rel,Ccl5,1.0
Rel,Cd40lg,1.0
Rel,Crp,1.0
Rel,Csf2,1.0
Rel,Csrp1,1.0
Rel,Ephb2,-1.0
Rel,F3,1.0
Rel,Icam1,1.0
Rel,Ier3,1.0
Rel,Ifng,1.0
Rel,Il12b,1.0
Rel,Il1b,1.0
Rel,Il2,1.0
Rel,Il2ra,1.0
Rel,Il6,-1.0
Rel,Nfkbia,1.0
Rel,Sele,1.0
Rel,Tnfaip3,1.0
Rela,Abcb1a,1.0
Rela,Abcb1b,1.0
Rela,Ager,1.0
Rela,Agt,1.0
Rela,Akt1,-1.0
Rela,Amh,1.0
Rela,Ar,-1.0
Rela,Bax,-1.0
Rela,Bcl2,1.0
Rela,Bcl2a1a,1.0
Rela,Bcl2a1b,1.0
Rela,Bcl2a1c,1.0
Rela,Bcl2a1d,1.0
Rela,Bcl2l1,1.0
Rela,Bcl3,1.0
Rela,Birc2,1.0
Rela,Birc3,1.0
Rela,Birc5,1.0
Rela,Bnip3,-1.0
Rela,Brca2,1.0
Rela,Ccl11,1.0
Rela,Ccl2,1.0
Rela,Ccl20,1.0
Rela,Ccl3,1.0
Rela,Ccl4,1.0
Rela,Ccl5,1.0
Rela,Ccnd1,1.0
Rela,Ccr5,1.0
Rela,Cd40,1.0
Rela,Cd40lg,1.0
Rela,Cd69,1.0
Rela,Cd74,1.0
Rela,Cd83,1.0
Rela,Cd86,1.0
Rela,Cdk4,1.0
Rela,Cdk6,1.0
Rela,Cdkn1a,1.0
Rela,Cflar,1.0
Rela,Cftr,1.0
Rela,Col1a1,-1.0
Rela,Col1a2,-1.0
Rela,Col2a1,-1.0
Rela,Cr2,1.0
Rela,Crhr1,1.0
Rela,Csf1,1.0
Rela,Csf2,1.0
Rela,Ctsb,1.0
Rela,Cxcl10,1.0
Rela,Cxcr4,1.0
Rela,Ebi3,1.0
Rela,Edn1,1.0
Rela,Egfr,1.0
Rela,Egr1,-1.0
Rela,Elf3,1.0
Rela,Epas1,1.0
Rela,F3,1.0
Rela,Fcgrt,1.0
Rela,Fgf8,1.0
Rela,Fn1,-1.0
Rela,Gadd45g,1.0
Rela,Gata3,1.0
Rela,Gstp1,1.0
Rela,Gstp2,1.0
Rela,Hdac1,1.0
Rela,Hif1a,1.0
Rela,Icam1,1.0
Rela,Ier3,1.0
Rela,Ifna1,1.0
Rela,Ifna11,1.0
Rela,Ifna12,1.0
Rela,Ifna13,1.0
Rela,Ifna14,1.0
Rela,Ifna15,1.0
Rela,Ifna16,1.0
Rela,Ifna2,1.0
Rela,Ifna4,1.0
Rela,Ifna5,1.0
Rela,Ifna6,1.0
Rela,Ifna7,1.0
Rela,Ifna9,1.0
Rela,Ifnab,1.0
Rela,Ifnb1,1.0
Rela,Ifng,1.0
Rela,Il10,1.0
Rela,Il12a,1.0
Rela,Il12b,1.0
Rela,Il17c,1.0
Rela,Il18,1.0
Rela,Il1a,-1.0
Rela,Il1b,1.0
Rela,Il2,1.0
Rela,Il23a,1.0
Rela,Il2ra,1.0
Rela,Il4,1.0
Rela,Il6,1.0
Rela,Irf1,1.0
Rela,Irf4,1.0
Rela,Irf7,1.0
Rela,Klk1,1.0
Rela,Klk1b1,1.0
Rela,Klk1b11,1.0
Rela,Klk1b16,1.0
Rela,Klk1b21,1.0
Rela,Klk1b22,1.0
Rela,Klk1b24,1.0
Rela,Klk1b26,1.0
Rela,Klk1b27,1.0
Rela,Klk1b3,1.0
Rela,Klk1b4,1.0
Rela,Klk1b5,1.0
Rela,Klk1b8,1.0
Rela,Klk1b9,1.0
Rela,Mat2a,1.0
Rela,Mcl1,1.0
Rela,Mill1,1.0
Rela,Mill2,1.0
Rela,Mmp10,1.0
Rela,Mmp14,1.0
Rela,Mmp2,1.0
Rela,Mmp3,1.0
Rela,Mmp9,1.0
Rela,Myc,1.0
Rela,Ncam1,1.0
Rela,Nfkb1,1.0
Rela,Nfkb2,1.0
Rela,Nfkbia,1.0
Rela,Nolc1,1.0
Rela,Nos2,1.0
Rela,Nos3,1.0
Rela,Nr4a1,1.0
Rela,Optn,1.0
Rela,Pck2,-1.0
Rela,Pgr,-1.0
Rela,Pigr,1.0
Rela,Plau,1.0
Rela,Plaur,1.0
Rela,Ppara,1.0
Rela,Ppard,-1.0
Rela,Ptgs2,1.0
Rela,Pthlh,1.0
Rela,Ptpn13,1.0
Rela,Ptx3,1.0
Rela,Ripk2,1.0
Rela,S100a6,1.0
Rela,Sele,1.0
Rela,Serpine1,1.0
Rela,Sirt1,1.0
Rela,Slc25a27,1.0
Rela,Snai1,1.0
Rela,Socs3,1.0
Rela,Sod2,1.0
Rela,Tbx21,1.0
Rela,Thbd,-1.0
Rela,Timp1,-1.0
Rela,Tnc,1.0
Rela,Tnf,1.0
Rela,Tnfaip3,1.0
Rela,Traf1,1.0
Rela,Traf2,1.0
Rela,Trib3,-1.0
Rela,Trp53,1.0
Rela,Vcam1,1.0
Rela,Vegfa,1.0
Rela,Vegfd,1.0
Rela,Wt1,1.0
Rela,Xiap,1.0
Relb,Abcb1a,1.0
Relb,Abcb1b,1.0
Relb,Ccl19,1.0
Relb,Ccl21a,1.0
Relb,Ccl21b,1.0
Relb,Ccl21c,1.0
Relb,Ccl21d,1.0
Relb,Cd40,1.0
Relb,Pigr,1.0
Relb,Tnfaip3,1.0
Rest,Bdnf,-1.0
Rest,Cartpt,-1.0
Rest,Glra1,1.0
Rest,Grin1,-1.0
Rest,Kcnq2,-1.0
Rest,Lin28a,-1.0
Rest,Oprm1,-1.0
Rest,Tubb3,-1.0
Rest,Cacna1h,-1.0
Rest,Chga,-1.0
Rest,Pcsk1,-1.0
Rest,Vgf,-1.0
Rfx1,Col1a2,1.0
Rfx1,Myc,-1.0
Rfx1,Pcna,-1.0
Rfx1,Fbrs,1.0
Rfx1,Mzf1,1.0
Rfx1,Stk32c,1.0
Rfx1,Vrk3,1.0
Rfx1,Adgrg1,1.0
Rfx1,Armc9,1.0
Rfx1,Baiap3,1.0
Rfx1,Btbd3,1.0
Rfx1,Camk2a,1.0
Rfx1,Cbx8,1.0
Rfx1,Cep112,1.0
Rfx1,Cfap20,1.0
Rfx1,Crip2,1.0
Rfx1,Dis3l2,1.0
Rfx1,Dse,1.0
Rfx1,Ehd1,1.0
Rfx1,Fgf1,1.0
Rfx1,Fhad1,1.0
Rfx1,Gpr137,1.0
Rfx1,Ip6k2,1.0
Rfx1,Iqch,1.0
Rfx1,Itfg2,1.0
Rfx1,Ly6g5c,1.0
Rfx1,Mapre2,1.0
Rfx1,Pde4a,1.0
Rfx1,Psmb7,1.0
Rfx1,Rfx2,1.0
Rfx1,Riiad1,1.0
Rfx1,Spata2,1.0
Rfx1,Swsap1,1.0
Rfx1,Syngap1,1.0
Rfx1,Trit1,1.0
Rfx1,Trp53bp1,1.0
Rfx1,Zdhhc1,1.0
Rfx1,Zfp398,1.0
Rfx2,4933427D14Rik,1.0
Rfx2,5730480H06Rik,1.0
Rfx2,Baiap3,1.0
Rfx2,Cfap61,1.0
Rfx2,Endov,1.0
Rfx2,Enkur,1.0
Rfx2,Mapk10,1.0
Rfx2,Mapre2,1.0
Rfx2,Mapre3,1.0
Rfx2,Pde4a,1.0
Rfx2,Pick1,1.0
Rfx2,Poll,1.0
Rfx2,Polrmt,1.0
Rfx2,Prkcg,1.0
Rfx2,Strn4,1.0
Rfx2,Tbcel,1.0
Rfx2,Ttc23l,1.0
Rfx2,Txndc17,1.0
Rfx5,Cd74,1.0
Rfx5,Col1a2,-1.0
Rfx5,H2-DMa,1.0
Rfx5,H2-DMb1,1.0
Rfx5,H2-DMb2,1.0
Rfx5,H2-Ea,1.0
Rfx5,H2-Eb2,1.0
Rfx5,H2-Oa,1.0
Rfx5,H2-Ob,1.0
Rfx5,Btn2a2,1.0
Rfx5,Mr1,1.0
Rfx5,Psmb8,1.0
Rfx5,Tspan3,1.0
Rreb1,Klk1,-1.0
Rreb1,Klk1b1,-1.0
Rreb1,Klk1b11,-1.0
Rreb1,Klk1b16,-1.0
Rreb1,Klk1b21,-1.0
Rreb1,Klk1b22,-1.0
Rreb1,Klk1b24,-1.0
Rreb1,Klk1b26,-1.0
Rreb1,Klk1b27,-1.0
Rreb1,Klk1b3,-1.0
Rreb1,Klk1b4,-1.0
Rreb1,Klk1b5,-1.0
Rreb1,Klk1b8,-1.0
Rreb1,Klk1b9,-1.0
Runx1,Arhgap10,1.0
Runx1,Csf1r,1.0
Runx1,Fyb,1.0
Runx1,Hivep3,1.0
Runx1,Il2,1.0
Runx1,Il3,-1.0
Runx1,Itgax,1.0
Runx1,Itgb2,1.0
Runx1,Klk1,1.0
Runx1,Klk1b1,1.0
Runx1,Klk1b11,1.0
Runx1,Klk1b16,1.0
Runx1,Klk1b21,1.0
Runx1,Klk1b22,1.0
Runx1,Klk1b24,1.0
Runx1,Klk1b26,1.0
Runx1,Klk1b27,1.0
Runx1,Klk1b3,1.0
Runx1,Klk1b4,1.0
Runx1,Klk1b5,1.0
Runx1,Klk1b8,1.0
Runx1,Klk1b9,1.0
Runx1,Lcp2,1.0
Runx1,Lgals3,1.0
Runx1,Mad2l1,-1.0
Runx1,Mecom,1.0
Runx1,Nfkb1,1.0
Runx1,Pik3cd,1.0
Runx1,Prkcb,1.0
Runx1,Prkcq,1.0
Runx1,Prr5l,1.0
Runx1,Rorc,1.0
Runx1,Smad3,1.0
Runx1,Spi1,1.0
Runx2,Esr1,-1.0
Runx2,Ibsp,1.0
Runx2,Lgals3,1.0
Runx2,Mmp13,1.0
Runx2,Itgbl1,1.0
Runx2,Psd3,1.0
Runx2,Runx1,1.0
Runx2,Aff3,1.0
Runx2,Alcam,1.0
Runx2,Ampd3,1.0
Runx2,Ankrd44,1.0
Runx2,App,1.0
Runx2,Atp8b4,1.0
Runx2,Cacna1c,1.0
Runx2,Cblb,1.0
Runx2,Cdh11,1.0
Runx2,Chn2,1.0
Runx2,Col14a1,1.0
Runx2,Csgalnact1,1.0
Runx2,Cuedc1,1.0
Runx2,Dock10,1.0
Runx2,Dock2,1.0
Runx2,Dpyd,1.0
Runx2,Etl4,1.0
Runx2,Ets1,1.0
Runx2,Farp1,1.0
Runx2,Fat1,1.0
Runx2,Gli3,1.0
Runx2,Gramd3,1.0
Runx2,Gulp1,1.0
Runx2,Hmcn1,1.0
Runx2,Itpr1,1.0
Runx2,Lrig1,1.0
Runx2,Mapkap1,1.0
Runx2,Met,1.0
Runx2,Mical2,1.0
Runx2,Mid1,1.0
Runx2,Mrps27,1.0
Runx2,Myof,1.0
Runx2,Nabp1,1.0
Runx2,Nedd4l,1.0
Runx2,Nrg1,1.0
Runx2,Osbpl3,1.0
Runx2,Pacsin2,1.0
Runx2,Pappa,1.0
Runx2,Pbx1,1.0
Runx2,Pip4k2a,1.0
Runx2,Plcb1,1.0
Runx2,Pparg,1.0
Runx2,Ptk2,1.0
Runx2,Ptprm,1.0
Runx2,Rbms3,1.0
Runx2,Rftn1,1.0
Runx2,Sema5a,1.0
Runx2,Svil,1.0
Runx2,Tbxas1,1.0
Runx2,Tcf4,1.0
Runx2,Tenm2,1.0
Runx2,Tiam2,1.0
Runx2,Tle4,1.0
Runx2,Tns1,1.0
Runx2,Tprg,1.0
Runx2,Tspan5,1.0
Runx2,Wipf1,1.0
Runx2,Wnt5b,1.0
Runx3,Casp8,1.0
Runx3,Cflar,-1.0
Runx3,Mmp9,-1.0
Runx3,Runx1,-1.0
Runx3,Tcf4,1.0
Runx3,Ciita,1.0
Runx3,Cytip,1.0
Runx3,Dock2,1.0
Runx3,Fyn,1.0
Runx3,Pax5,1.0
Runx3,Tcf7,1.0
Rxra,Abcb11,1.0
Rxra,Abcc3,-1.0
Rxra,Cpt1b,1.0
Rxra,Cxcr5,1.0
Rxra,Cyp7a1,1.0
Rxra,Hnf1a,1.0
Rxra,Hsd17b2,1.0
Rxra,Nol7,1.0
Rxra,Nr1h3,1.0
Rxra,Pld1,1.0
Rxra,Srebf1,1.0
Six2,Zfp423,1.0
Six2,Cables1,1.0
Six2,Ccdc80,1.0
Six2,Cldn14,1.0
Six2,Clvs1,1.0
Six2,Cntn5,1.0
Six2,Col13a1,1.0
Six2,Cpne4,1.0
Six2,Ctnna2,1.0
Six2,Dclk1,1.0
Six2,Dock9,1.0
Six2,Dpp6,1.0
Six2,Etl4,1.0
Six2,Etv1,1.0
Six2,Etv6,1.0
Six2,Fbln1,1.0
Six2,Fgfr2,1.0
Six2,Frmd4b,1.0
Six2,Galnt10,1.0
Six2,Gse1,1.0
Six2,Itpr1,1.0
Six2,Kank1,1.0
Six2,Kazn,1.0
Six2,Ltbp1,1.0
Six2,Mtss1,1.0
Six2,Mycbp2,1.0
Six2,Nedd4l,1.0
Six2,Nrg1,1.0
Six2,Nrxn1,1.0
Six2,Prkch,1.0
Six2,Rims2,1.0
Six2,Six1,1.0
Six2,Syne1,1.0
Six2,Tbc1d1,1.0
Six2,Thsd4,1.0
Six2,Trappc9,1.0
Six2,Ttc39b,1.0
Six2,Zbtb7c,1.0
Six2,Zmiz1,1.0
Six5,Apba3,1.0
Six5,Bahcc1,1.0
Six5,Bcat2,1.0
Six5,Bola1,1.0
Six5,Fam168a,1.0
Six5,Fuz,1.0
Six5,Irf2bp1,1.0
Six5,Maf1,1.0
Six5,Mamstr,1.0
Six5,Med25,1.0
Six5,Mgrn1,1.0
Six5,Nme4,1.0
Six5,Rfx1,1.0
Six5,Scrib,1.0
Six5,Sh2b1,1.0
Six5,Slc4a2,1.0
Six5,Sphk2,1.0
Six5,Tbc1d17,1.0
Six5,Tcea2,1.0
Six5,Thap11,1.0
Six5,Tspan4,1.0
Six5,Zfp219,1.0
Six5,Zfp524,1.0
Smad1,Cdkn1a,1.0
Smad1,Id2,1.0
Smad1,Id3,1.0
Smad1,Spp1,1.0
Smad1,Tnfrsf11b,1.0
Smad1,Gdf15,1.0
Smad1,Zeb2,1.0
Smad1,Arhgef3,1.0
Smad1,Arid1a,1.0
Smad1,Ctnnb1,1.0
Smad1,Igf2r,1.0
Smad1,Lyn,1.0
Smad1,Mrps27,1.0
Smad1,Stk32b,1.0
Smad1,Tanc1,1.0
Smad1,Xpo7,1.0
Smad1,Zfp521,1.0
Smad3,Ahr,1.0
Smad3,Ankrd1,1.0
Smad3,Apoc3,1.0
Smad3,Bambi,1.0
Smad3,Bglap,1.0
Smad3,Bglap2,1.0
Smad3,Bglap3,1.0
Smad3,Ccnd2,1.0
Smad3,Cdkn1a,1.0
Smad3,Col1a1,1.0
Smad3,Col3a1,1.0
Smad3,Col6a1,1.0
Smad3,Col6a3,1.0
Smad3,Cyp17a1,-1.0
Smad3,Edn1,1.0
Smad3,Epo,1.0
Smad3,Foxp3,1.0
Smad3,Fstl3,1.0
Smad3,Gli2,1.0
Smad3,Itga11,1.0
Smad3,Jun,1.0
Smad3,Met,1.0
Smad3,Mmp9,1.0
Smad3,Myc,1.0
Smad3,Por,1.0
Smad3,Pthlh,1.0
Smad3,Serpine1,1.0
Smad3,Smad7,1.0
Smad3,Tert,-1.0
Smad3,Tgfb1,-1.0
Smad3,Timp1,1.0
Smad3,Tnc,1.0
Smad3,Vegfa,1.0
Smad3,Zfp36,1.0
Smad4,Ahr,1.0
Smad4,Apoc3,1.0
Smad4,Bambi,1.0
Smad4,Bglap,1.0
Smad4,Bglap2,1.0
Smad4,Bglap3,1.0
Smad4,Btrc,-1.0
Smad4,Ccn1,1.0
Smad4,Cdkn1a,1.0
Smad4,Cdkn2b,1.0
Smad4,Dach1,-1.0
Smad4,Epo,1.0
Smad4,Fshb,1.0
Smad4,Fstl3,1.0
Smad4,Ihh,1.0
Smad4,Jun,1.0
Smad4,Met,1.0
Smad4,Myc,1.0
Smad4,Nkx2-5,1.0
Smad4,Por,1.0
Smad4,Pthlh,1.0
Smad4,Runx1t1,1.0
Smad4,Serpine1,1.0
Smad4,Smad7,1.0
Smad4,Tgfb1,1.0
Smad4,Tnc,1.0
Smad4,Tnfrsf11b,1.0
Smad4,Zfp36,1.0
Smad5,Id3,1.0
Smad5,4932411N23Rik,1.0
Smad5,Arid1b,1.0
Smad5,Atxn2,1.0
Smad5,Dmtf1,1.0
Smad5,Hmgb1,1.0
Smad5,Hnrnpa3,1.0
Smad5,Nr3c1,1.0
Smad5,Rev1,1.0
Smad5,Rhobtb3,1.0
Smad5,Smc4,1.0
Smad5,Sp3,1.0
Snai2,Cdh1,-1.0
Snai2,Cxcr4,1.0
Snai2,Jag1,1.0
Snai2,Vdr,-1.0
Snai2,Acot7,-1.0
Snai2,Adam8,-1.0
Snai2,Adap1,-1.0
Snai2,Adgrb2,-1.0
Snai2,Agpat3,-1.0
Snai2,Ank1,-1.0
Snai2,Arhgef16,-1.0
Snai2,Arhgef3,-1.0
Snai2,Bri3,-1.0
Snai2,C1qtnf1,-1.0
Snai2,Ccdc187,-1.0
Snai2,Ccdc57,-1.0
Snai2,Ccdc88c,-1.0
Snai2,Clstn1,-1.0
Snai2,Crispld2,-1.0
Snai2,Crocc,-1.0
Snai2,Dab2ip,-1.0
Snai2,Dlgap4,-1.0
Snai2,Dock9,-1.0
Snai2,Egfr,-1.0
Snai2,Eps8l2,-1.0
Snai2,Fam110c,-1.0
Snai2,Fam160a1,-1.0
Snai2,Farp1,-1.0
Snai2,Fgd2,-1.0
Snai2,Fkbp5,-1.0
Snai2,Hpcal1,-1.0
Snai2,Jag2,-1.0
Snai2,Kdm4b,-1.0
Snai2,Kifc3,-1.0
Snai2,Lama3,-1.0
Snai2,Lonp1,-1.0
Snai2,Lrp1,-1.0
Snai2,Lrrfip1,-1.0
Snai2,Mafk,-1.0
Snai2,Mbp,-1.0
Snai2,Med15,-1.0
Snai2,Mknk2,-1.0
Snai2,Mprip,-1.0
Snai2,Nadsyn1,-1.0
Snai2,Nedd4l,-1.0
Snai2,Notch1,-1.0
Snai2,Nsd2,-1.0
Snai2,Ntmt1,-1.0
Snai2,Nudt14,-1.0
Snai2,Parvb,-1.0
Snai2,Piezo1,-1.0
Snai2,Prkag2,-1.0
Snai2,Rbck1,-1.0
Snai2,Sema4b,-1.0
Snai2,Serinc2,-1.0
Snai2,Sh3pxd2b,-1.0
Snai2,Ski,-1.0
Snai2,Slc25a10,-1.0
Snai2,Spidr,-1.0
Snai2,Sult2b1,-1.0
Snai2,Sun1,-1.0
Snai2,Tacc2,-1.0
Snai2,Ttyh3,-1.0
Snai2,Vasp,-1.0
Snai2,Vgll4,-1.0
Snai2,Wscd1,-1.0
Snapc4,Anapc7,1.0
Snapc4,Brf1,1.0
Snapc4,Cactin,1.0
Snapc4,Dlk2,1.0
Snapc4,Dnmt1,1.0
Snapc4,Elac2,1.0
Snapc4,Fbxl19,1.0
Snapc4,Lrsam1,1.0
Snapc4,Mbd3,1.0
Snapc4,Myo9b,1.0
Snapc4,Nup85,1.0
Snapc4,Parp2,1.0
Snapc4,Pask,1.0
Snapc4,Pelp1,1.0
Snapc4,Prpf31,1.0
Snapc4,Prr19,1.0
Snapc4,Qtrt1,1.0
Snapc4,Rab40c,1.0
Snapc4,Rint1,1.0
Snapc4,Scap,1.0
Snapc4,Spg7,1.0
Snapc4,Tab1,1.0
Snapc4,Tbcd,1.0
Snapc4,Tecpr1,1.0
Snapc4,Tmem259,1.0
Snapc4,Wdr59,1.0
Snapc4,Wdr74,1.0
Snapc4,Zbtb48,1.0
Snapc4,Zfp335,1.0
Sox10,Ascl1,1.0
Sox10,Col11a2,1.0
Sox10,Dct,-1.0
Sox10,Ednrb,1.0
Sox10,Egr2,1.0
Sox10,Gjb1,-1.0
Sox10,Gjc2,1.0
Sox10,Mag,1.0
Sox10,Mbp,1.0
Sox10,Mitf,1.0
Sox10,Mpz,1.0
Sox10,Pdgfra,1.0
Sox10,Plp1,1.0
Sox10,Ret,1.0
Sox10,Sox6,1.0
Sox10,Tyr,1.0
Sox11,Aff3,1.0
Sox11,Ank2,1.0
Sox11,Atp10b,1.0
Sox11,Cachd1,1.0
Sox11,Cdh11,1.0
Sox11,Chodl,1.0
Sox11,Col28a1,1.0
Sox11,Dmd,1.0
Sox11,Dock4,1.0
Sox11,Dst,1.0
Sox11,Epha7,1.0
Sox11,Erc1,1.0
Sox11,Gria2,1.0
Sox11,Map4k4,1.0
Sox11,Mecom,1.0
Sox11,Mid1,1.0
Sox11,Nedd4l,1.0
Sox11,Pclo,1.0
Sox11,Ptk2,1.0
Sox11,Rapgef4,1.0
Sox11,Rapgef5,1.0
Sox11,Rims1,1.0
Sox11,Rims2,1.0
Sox11,Rp1,1.0
Sox11,Runx1,1.0
Sox11,Sox5,1.0
Sox11,Tanc1,1.0
Sox11,Tead1,1.0
Sox11,Zbtb20,1.0
Sox13,Gsn,1.0
Sox13,Lrp5,1.0
Sox13,Aff1,1.0
Sox13,Axin2,1.0
Sox13,Bmf,1.0
Sox13,Card10,1.0
Sox13,Cbx2,1.0
Sox13,Cflar,1.0
Sox13,Clmn,1.0
Sox13,Ctdsp1,1.0
Sox13,Dab2ip,1.0
Sox13,Dusp6,1.0
Sox13,Eps8,1.0
Sox13,Etl4,1.0
Sox13,Fry,1.0
Sox13,Gprc5c,1.0
Sox13,Hlf,1.0
Sox13,Jag1,1.0
Sox13,Kyat1,1.0
Sox13,Limd1,1.0
Sox13,Map4k4,1.0
Sox13,Mtss1,1.0
Sox13,Myom1,1.0
Sox13,Nid1,1.0
Sox13,Nkd1,1.0
Sox13,Nr2f2,1.0
Sox13,Pik3r1,1.0
Sox13,Pim1,1.0
Sox13,Ptp4a1,1.0
Sox13,Rcan1,1.0
Sox13,Rere,1.0
Sox13,Rgs12,1.0
Sox13,Scarb1,1.0
Sox13,Serpina1a,1.0
Sox13,Serpina1b,1.0
Sox13,Serpina1c,1.0
Sox13,Serpina1d,1.0
Sox13,Serpina1e,1.0
Sox13,Smoc1,1.0
Sox13,Sorbs3,1.0
Sox13,Sox5,1.0
Sox13,Sox6,1.0
Sox13,Syn3,1.0
Sox13,Tgif1,1.0
Sox13,Ttll4,1.0
Sox2,Abcc6,1.0
Sox2,Ccnd1,1.0
Sox2,Dlgap1,1.0
Sox2,Gli2,1.0
Sox2,Gli3,1.0
Sox2,Hhat,1.0
Sox2,Isl1,-1.0
Sox2,Nanog,1.0
Sox2,Ntrk3,1.0
Sox2,Rho,-1.0
Sox6,Trp53,1.0
Sox6,Cped1,1.0
Sox6,9330182L06Rik,1.0
Sox6,Ank3,1.0
Sox6,Aplf,1.0
Sox6,Atp2b4,1.0
Sox6,Bcor,1.0
Sox6,Dnajc6,1.0
Sox6,Dusp10,1.0
Sox6,Epb41l2,1.0
Sox6,Fam49b,1.0
Sox6,Gtdc1,1.0
Sox6,Ldlr,1.0
Sox6,Lyn,1.0
Sox6,Magi1,1.0
Sox6,Nek5,1.0
Sox6,Nfasc,1.0
Sox6,Pard3b,1.0
Sox6,Pde11a,1.0
Sox6,Pip5k1b,1.0
Sox6,Pllp,1.0
Sox6,Ppfibp2,1.0
Sox6,Scarb1,1.0
Sox6,Septin9,1.0
Sox6,Smad3,1.0
Sox6,Sox5,1.0
Sox6,Stxbp5,1.0
Sox6,Tbc1d14,1.0
Sox6,Tgif1,1.0
Sox6,Utrn,1.0
Sox6,Zeb2,1.0
Sox6,Zfpm2,1.0
Sox9,Amh,1.0
Sox9,Cdkn1a,1.0
Sox9,Ceacam1,1.0
Sox9,Ceacam10,1.0
Sox9,Ceacam2,1.0
Sox9,Col9a1,1.0
Sox9,Comp,1.0
Sox9,Hapln1,1.0
Sox9,Hes1,1.0
Sox9,Matn1,1.0
Sox9,Mia,1.0
Sox9,Nkx3-2,1.0
Sox9,Rgr,1.0
Sp1,Abcb1a,1.0
Sp1,Abcb1b,1.0
Sp1,Abcc1,-1.0
Sp1,Abcc3,1.0
Sp1,Acan,1.0
Sp1,Acta1,1.0
Sp1,Actc1,1.0
Sp1,Ada,1.0
Sp1,Adam10,1.0
Sp1,Adam17,1.0
Sp1,Adgre5,1.0
Sp1,Adh6b,1.0
Sp1,Adipoq,1.0
Sp1,Adra1a,1.0
Sp1,Adra2b,1.0
Sp1,Adrb3,1.0
Sp1,Agt,1.0
Sp1,Agtr1a,1.0
Sp1,Agtr1b,1.0
Sp1,Ahr,-1.0
Sp1,Aldoa,1.0
Sp1,Aldoart1,1.0
Sp1,Aldoart2,1.0
Sp1,Alox12,1.0
Sp1,Alox5,1.0
Sp1,Alox8,1.0
Sp1,Apex1,-1.0
Sp1,Apoa1,1.0
Sp1,Apoe,1.0
Sp1,App,1.0
Sp1,Ar,1.0
Sp1,Areg,1.0
Sp1,Atf2,1.0
Sp1,Atm,1.0
Sp1,Atp1a3,1.0
Sp1,Atp2a2,1.0
Sp1,B4galt1,1.0
Sp1,Bax,1.0
Sp1,Bcl2,1.0
Sp1,Birc5,1.0
Sp1,Blmh,1.0
Sp1,Brca1,1.0
Sp1,Brd7,1.0
Sp1,Bsg,1.0
Sp1,Btk,1.0
Sp1,C1qbp,1.0
Sp1,Car9,1.0
Sp1,Cat,1.0
Sp1,Cav1,1.0
Sp1,Cck,1.0
Sp1,Ccl2,1.0
Sp1,Ccn2,1.0
Sp1,Ccna1,1.0
Sp1,Ccnd1,1.0
Sp1,Ccnd2,1.0
Sp1,Cd14,1.0
Sp1,Cd151,1.0
Sp1,Cd163,1.0
Sp1,Cd19,1.0
Sp1,Cd28,1.0
Sp1,Cd44,1.0
Sp1,Cd83,1.0
Sp1,Cd9,1.0
Sp1,Cdc25c,1.0
Sp1,Cdh3,1.0
Sp1,Cdk1,1.0
Sp1,Cdk6,-1.0
Sp1,Cdkn1a,1.0
Sp1,Cdkn1b,1.0
Sp1,Cdkn2b,1.0
Sp1,Cdkn2c,1.0
Sp1,Cdkn2d,1.0
Sp1,Cenpw,1.0
Sp1,Cers2,1.0
Sp1,Ces1b,1.0
Sp1,Ces1c,1.0
Sp1,Ces1d,1.0
Sp1,Ces1g,1.0
Sp1,Ces1h,1.0
Sp1,Chrnb4,1.0
Sp1,Col18a1,1.0
Sp1,Col1a1,-1.0
Sp1,Col1a2,1.0
Sp1,Col2a1,1.0
Sp1,Crem,1.0
Sp1,Crmp1,-1.0
Sp1,Csnk2a1,1.0
Sp1,Ctsd,1.0
Sp1,Cyp11a1,1.0
Sp1,Cyp17a1,1.0
Sp1,Cyp19a1,1.0
Sp1,Cyp1b1,1.0
Sp1,Cyp27a1,1.0
Sp1,Cyp2f2,1.0
Sp1,Cyp3a11,1.0
Sp1,Cyp3a13,1.0
Sp1,Cyp3a16,1.0
Sp1,Cyp3a25,1.0
Sp1,Cyp3a41a,1.0
Sp1,Cyp3a41b,1.0
Sp1,Cyp3a44,1.0
Sp1,Cyp3a57,1.0
Sp1,Cyp3a59,1.0
Sp1,Cyp7a1,1.0
Sp1,Cyp7b1,1.0
Sp1,Dbh,1.0
Sp1,Dck,1.0
Sp1,Drg2,1.0
Sp1,E2f1,1.0
Sp1,Eapp,1.0
Sp1,Ednrb,1.0
Sp1,Egfr,-1.0
Sp1,Egr1,1.0
Sp1,Epo,1.0
Sp1,Epor,-1.0
Sp1,Esr1,1.0
Sp1,Ets2,1.0
Sp1,Ezr,1.0
Sp1,F10,1.0
Sp1,F2r,1.0
Sp1,F3,1.0
Sp1,F7,1.0
Sp1,Fas,1.0
Sp1,Fasl,1.0
Sp1,Fes,1.0
Sp1,Fgl2,1.0
Sp1,Fmr1,1.0
Sp1,Fn1,1.0
Sp1,Fos,1.0
Sp1,Fosl1,1.0
Sp1,Furin,1.0
Sp1,Fxr2,1.0
Sp1,Gast,1.0
Sp1,Gclc,1.0
Sp1,Gfer,1.0
Sp1,Gh,1.0
Sp1,Gja6,1.0
Sp1,Gstp1,1.0
Sp1,Gstp2,1.0
Sp1,H2-Bl,1.0
Sp1,H2-Q5,1.0
Sp1,H4c14,1.0
Sp1,Hba-x,1.0
Sp1,Hcn2,1.0
Sp1,Hdac4,1.0
Sp1,Hnf4a,1.0
Sp1,Hoxb7,1.0
Sp1,Hp,1.0
Sp1,Hras,1.0
Sp1,Hsd17b1,1.0
Sp1,Hsd17b2,1.0
Sp1,Hspa1a,1.0
Sp1,Hspa1b,1.0
Sp1,Hspb1,1.0
Sp1,Htr1a,1.0
Sp1,Htt,1.0
Sp1,Ier3,1.0
Sp1,Ifi204,1.0
Sp1,Ifi205,1.0
Sp1,Ifi211,1.0
Sp1,Ifngr1,1.0
Sp1,Igf1r,1.0
Sp1,Igf2,1.0
Sp1,Igfbp1,1.0
Sp1,Igfbp3,1.0
Sp1,Igfbp4,1.0
Sp1,Il10,1.0
Sp1,Il12b,1.0
Sp1,Il1a,1.0
Sp1,Il2,1.0
Sp1,Il2rb,1.0
Sp1,Il3,1.0
Sp1,Impdh2,1.0
Sp1,Insr,1.0
Sp1,Irs2,1.0
Sp1,Itga2,1.0
Sp1,Itga5,1.0
Sp1,Itgad,1.0
Sp1,Itgav,-1.0
Sp1,Itgax,1.0
Sp1,Jun,1.0
Sp1,Kdr,-1.0
Sp1,Kif2c,1.0
Sp1,Kit,1.0
Sp1,Klf8,1.0
Sp1,Klk1,1.0
Sp1,Klk1b1,1.0
Sp1,Klk1b11,1.0
Sp1,Klk1b16,1.0
Sp1,Klk1b21,1.0
Sp1,Klk1b22,1.0
Sp1,Klk1b24,1.0
Sp1,Klk1b26,1.0
Sp1,Klk1b27,1.0
Sp1,Klk1b3,1.0
Sp1,Klk1b4,1.0
Sp1,Klk1b5,1.0
Sp1,Klk1b8,1.0
Sp1,Klk1b9,1.0
Sp1,Krt16,1.0
Sp1,Krt18,1.0
Sp1,Krt19,1.0
Sp1,Krt5,1.0
Sp1,Lcat,1.0
Sp1,Ldha,1.0
Sp1,Ldlr,1.0
Sp1,Lep,1.0
Sp1,Lhcgr,1.0
Sp1,Lrp5,1.0
Sp1,Ltc4s,1.0
Sp1,Ltf,1.0
Sp1,Macrod1,1.0
Sp1,Maob,1.0
Sp1,Mat2a,1.0
Sp1,Mat2b,1.0
Sp1,Mcl1,1.0
Sp1,Mcts1,1.0
Sp1,Met,1.0
Sp1,Mif,1.0
Sp1,Mip,1.0
Sp1,Mme,1.0
Sp1,Mmp11,1.0
Sp1,Mmp14,1.0
Sp1,Mmp2,1.0
Sp1,Mmp28,1.0
Sp1,Mmp9,1.0
Sp1,Mndal,1.0
Sp1,Mpg,1.0
Sp1,Mpo,1.0
Sp1,Muc4,1.0
Sp1,Muc5ac,1.0
Sp1,Mybl1,1.0
Sp1,Mybl2,1.0
Sp1,Myc,1.0
Sp1,Nfkb1,1.0
Sp1,Nfkb2,1.0
Sp1,Nkx2-1,1.0
Sp1,Nol7,1.0
Sp1,Nos3,1.0
Sp1,Npy,1.0
Sp1,Nqo2,1.0
Sp1,Nr3c1,1.0
Sp1,Odc1,1.0
Sp1,Oprm1,1.0
Sp1,Oxtr,1.0
Sp1,Padi1,1.0
Sp1,Padi3,1.0
Sp1,Pax6,1.0
Sp1,Pck1,1.0
Sp1,Pcna,1.0
Sp1,Pde6a,1.0
Sp1,Pdgfb,1.0
Sp1,Pdgfc,1.0
Sp1,Pdha1,1.0
Sp1,Pgr,1.0
Sp1,Pim1,1.0
Sp1,Plat,1.0
Sp1,Plau,1.0
Sp1,Plaur,1.0
Sp1,Pnoc,1.0
Sp1,Polb,-1.0
Sp1,Ppl,1.0
Sp1,Prkce,-1.0
Sp1,Prss50,1.0
Sp1,Psen1,1.0
Sp1,Ptgir,1.0
Sp1,Ptgs2,1.0
Sp1,Pth,1.0
Sp1,Pthlh,1.0
Sp1,Ptk6,1.0
Sp1,Ptn,1.0
Sp1,Pttg1,1.0
Sp1,Rara,1.0
Sp1,Rb1,1.0
Sp1,Rel,1.0
Sp1,Rela,1.0
Sp1,Rnls,1.0
Sp1,Rora,1.0
Sp1,Rps3a1,1.0
Sp1,Scnn1g,1.0
Sp1,Sct,1.0
Sp1,Sctr,1.0
Sp1,Serpine1,1.0
Sp1,Sigirr,1.0
Sp1,Skp2,1.0
Sp1,Slc19a1,1.0
Sp1,Slc19a3,1.0
Sp1,Slc25a5,1.0
Sp1,Slc9a2,1.0
Sp1,Smad4,1.0
Sp1,Smpd1,1.0
Sp1,Socs1,1.0
Sp1,Sod1,1.0
Sp1,Sod2,-1.0
Sp1,Sp3,1.0
Sp1,Spi1,1.0
Sp1,Spn,1.0
Sp1,Spp1,1.0
Sp1,Spry2,1.0
Sp1,Src,1.0
Sp1,Srebf1,1.0
Sp1,Star,1.0
Sp1,Stard3,1.0
Sp1,Stk11,1.0
Sp1,Taf7,1.0
Sp1,Tal1,1.0
Sp1,Tbxa2r,1.0
Sp1,Tcn2,1.0
Sp1,Tert,1.0
Sp1,Tfpi2,1.0
Sp1,Tgfa,1.0
Sp1,Tgfb1,1.0
Sp1,Tgfbr2,1.0
Sp1,Tgm4,1.0
Sp1,Thbd,1.0
Sp1,Timp1,1.0
Sp1,Timp2,1.0
Sp1,Tinf2,1.0
Sp1,Tmpo,1.0
Sp1,Tnf,1.0
Sp1,Tnfrsf8,1.0
Sp1,Tnfsf10,-1.0
Sp1,Tnfsf14,1.0
Sp1,Tnnc1,1.0
Sp1,Tpmt,1.0
Sp1,Trp53,1.0
Sp1,Tyms,1.0
Sp1,Ubc,1.0
Sp1,Ugdh,1.0
Sp1,Ugt1a2,1.0
Sp1,Ugt1a5,1.0
Sp1,Ugt1a6a,1.0
Sp1,Ugt1a6b,1.0
Sp1,Ugt1a7c,1.0
Sp1,Ung,1.0
Sp1,Utrn,1.0
Sp1,Vamp2,1.0
Sp1,Vdr,1.0
Sp1,Vegfa,1.0
Sp1,Vim,1.0
Sp1,Wt1,1.0
Sp1,Xiap,1.0
Sp1,Yy1,1.0
Sp2,Dnmt3b,1.0
Sp2,Dnmt3c,1.0
Sp2,Mmp9,-1.0
Sp2,Rfx1,1.0
Sp2,Zfp213,1.0
Sp2,Arhgef1,1.0
Sp2,Bcas3,1.0
Sp2,Chd8,1.0
Sp2,Hnrnpul1,1.0
Sp2,Jup,1.0
Sp2,Mon1b,1.0
Sp2,Nfyc,1.0
Sp2,Nrl,1.0
Sp2,Nup214,1.0
Sp2,Rere,1.0
Sp2,Rfwd3,1.0
Sp2,Sap130,1.0
Sp2,Scaf8,1.0
Sp2,Sod2,1.0
Sp2,Usp16,1.0
Sp2,Zfp768,1.0
Sp2,Zscan25,1.0
Sp3,Abca1,-1.0
Sp3,Adgre5,1.0
Sp3,Agtr1a,1.0
Sp3,Agtr1b,1.0
Sp3,Alpl,1.0
Sp3,Bpi,1.0
Sp3,Btk,1.0
Sp3,Car9,1.0
Sp3,Ccnd1,1.0
Sp3,Cd14,1.0
Sp3,Cd2ap,1.0
Sp3,Cd83,1.0
Sp3,Cdkn1a,1.0
Sp3,Cdkn2b,1.0
Sp3,Cdkn2d,1.0
Sp3,Chrnb4,1.0
Sp3,Cnmd,1.0
Sp3,Col1a1,1.0
Sp3,Col2a1,1.0
Sp3,Ctsb,1.0
Sp3,Cyp17a1,1.0
Sp3,Cyp27a1,1.0
Sp3,Cyp2f2,1.0
Sp3,Cyp3a11,1.0
Sp3,Cyp3a13,1.0
Sp3,Cyp3a16,1.0
Sp3,Cyp3a25,1.0
Sp3,Cyp3a41a,1.0
Sp3,Cyp3a41b,1.0
Sp3,Cyp3a44,1.0
Sp3,Cyp3a57,1.0
Sp3,Cyp3a59,1.0
Sp3,Dnase2a,1.0
Sp3,Eapp,-1.0
Sp3,Etf1,-1.0
Sp3,F2,1.0
Sp3,F2r,1.0
Sp3,Hoxb7,1.0
Sp3,Hsd17b1,1.0
Sp3,Hsd17b2,1.0
Sp3,Igfbp1,1.0
Sp3,Igfbp3,1.0
Sp3,Itga2,1.0
Sp3,Itgad,1.0
Sp3,Itgav,1.0
Sp3,Kdr,1.0
Sp3,Klk1,1.0
Sp3,Klk1b1,1.0
Sp3,Klk1b11,1.0
Sp3,Klk1b16,1.0
Sp3,Klk1b21,1.0
Sp3,Klk1b22,1.0
Sp3,Klk1b24,1.0
Sp3,Klk1b26,1.0
Sp3,Klk1b27,1.0
Sp3,Klk1b3,1.0
Sp3,Klk1b4,1.0
Sp3,Klk1b5,1.0
Sp3,Klk1b8,1.0
Sp3,Klk1b9,1.0
Sp3,Lcat,1.0
Sp3,Ltc4s,1.0
Sp3,Maob,1.0
Sp3,Mmp2,1.0
Sp3,Msh6,1.0
Sp3,Myc,1.0
Sp3,Mycn,1.0
Sp3,Nkx2-1,1.0
Sp3,Nos3,1.0
Sp3,Nox4,1.0
Sp3,Oprm1,1.0
Sp3,Padi1,1.0
Sp3,Padi3,1.0
Sp3,Plat,1.0
Sp3,Plaur,1.0
Sp3,Rora,1.0
Sp3,Scgb2a2,1.0
Sp3,Sct,1.0
Sp3,Sctr,1.0
Sp3,Slc19a3,1.0
Sp3,Slc1a3,1.0
Sp3,Slc9a2,1.0
Sp3,Slc9a3,1.0
Sp3,Tcn2,1.0
Sp3,Tff1,1.0
Sp3,Tgm4,1.0
Sp3,Timp1,1.0
Sp3,Timp2,1.0
Sp3,Tnf,1.0
Sp3,Tpmt,1.0
Sp3,Ubc,1.0
Sp3,Utrn,1.0
Sp3,Vegfa,1.0
Sp4,Ccnd1,1.0
Sp4,Erbb2,1.0
Sp4,Kdr,1.0
Sp4,Pde6b,1.0
Sp4,Yy1,1.0
Sp4,Rnf38,1.0
Sp4,Zfp131,1.0
Sp4,Apoe,1.0
Sp4,Asah1,1.0
Sp4,Atp8b3,1.0
Sp4,Baz2b,1.0
Sp4,Bicral,1.0
Sp4,Ccdc114,1.0
Sp4,Cdc42ep4,1.0
Sp4,Cfl1,1.0
Sp4,Ddx54,1.0
Sp4,Dlc1,1.0
Sp4,Fcho1,1.0
Sp4,Gpr137,1.0
Sp4,Gtf2a1,1.0
Sp4,Hnrnpa3,1.0
Sp4,Hyou1,1.0
Sp4,Ilf3,1.0
Sp4,Jade1,1.0
Sp4,Kansl1,1.0
Sp4,Kcnc3,1.0
Sp4,Kcnip2,1.0
Sp4,Ltbp4,1.0
Sp4,Mad2l2,1.0
Sp4,Man2a1,1.0
Sp4,Mat2b,1.0
Sp4,Mga,1.0
Sp4,Mus81,1.0
Sp4,Mxi1,1.0
Sp4,Myadm,1.0
Sp4,Nectin2,1.0
Sp4,Nfyc,1.0
Sp4,Nmt2,1.0
Sp4,Nr1h2,1.0
Sp4,Pcm1,1.0
Sp4,Ppfia3,1.0
Sp4,Psip1,1.0
Sp4,Ptpn4,1.0
Sp4,Rabep2,1.0
Sp4,Rere,1.0
Sp4,Rtbdn,1.0
Sp4,Sap130,1.0
Sp4,Septin9,1.0
Sp4,Slc12a5,1.0
Sp4,Slc1a5,1.0
Sp4,Snx8,1.0
Sp4,Sp3,1.0
Sp4,Sptbn4,1.0
Sp4,Stag2,1.0
Sp4,Syde2,1.0
Sp4,Thra,1.0
Sp4,Tmem18,1.0
Sp4,Trpm7,1.0
Sp4,Tspan9,1.0
Spi1,Acp5,1.0
Spi1,Apbb1ip,1.0
Spi1,B2m,1.0
Spi1,Bcl6,-1.0
Spi1,Bpi,1.0
Spi1,Btk,1.0
Spi1,Ccl5,1.0
Spi1,Cd14,1.0
Spi1,Cd163,1.0
Spi1,Cd22,1.0
Spi1,Cd40,1.0
Spi1,Cd47,1.0
Spi1,Cd53,1.0
Spi1,Cd86,1.0
Spi1,Ciita,1.0
Spi1,Clec4g,1.0
Spi1,Crebbp,1.0
Spi1,Csf1,1.0
Spi1,Csf1r,1.0
Spi1,Csf2,1.0
Spi1,Csf2ra,1.0
Spi1,Csf3r,1.0
Spi1,Ctse,1.0
Spi1,Ctsg,1.0
Spi1,Ctsk,1.0
Spi1,Ctss,1.0
Spi1,Cxcr1,1.0
Spi1,Cxcr2,1.0
Spi1,Cybb,1.0
Spi1,Dab2,1.0
Spi1,Dapk2,1.0
Spi1,Egr2,1.0
Spi1,Elane,1.0
Spi1,Erg,1.0
Spi1,Fcer1a,1.0
Spi1,Fes,1.0
Spi1,Fli1,1.0
Spi1,Flii,1.0
Spi1,Fos,1.0
Spi1,Fpr1,-1.0
Spi1,Gata1,1.0
Spi1,Hck,1.0
Spi1,Icam1,1.0
Spi1,Ifi204,1.0
Spi1,Ifi205,1.0
Spi1,Ifi211,1.0
Spi1,Ifit3,1.0
Spi1,Ifit3b,1.0
Spi1,Il12b,1.0
Spi1,Il1b,1.0
Spi1,Il5,1.0
Spi1,Il5ra,1.0
Spi1,Itga2b,1.0
Spi1,Itgam,1.0
Spi1,Itgax,-1.0
Spi1,Itgb1,1.0
Spi1,Itgb2,1.0
Spi1,Jchain,1.0
Spi1,Kcnma1,1.0
Spi1,Lcp2,1.0
Spi1,Lsp1,1.0
Spi1,Ly96,1.0
Spi1,Macrod1,-1.0
Spi1,Mcm3ap,1.0
Spi1,Mme,1.0
Spi1,Mmp2,1.0
Spi1,Mndal,1.0
Spi1,Mpo,1.0
Spi1,Msr1,1.0
Spi1,Myb,1.0
Spi1,Ncf1,1.0
Spi1,Ncf2,1.0
Spi1,Ncf4,1.0
Spi1,Nr3c1,1.0
Spi1,P2ry10,1.0
Spi1,Parg,-1.0
Spi1,Pdgfrb,1.0
Spi1,Ppbp,1.0
Spi1,Prtn3,1.0
Spi1,Ptgir,1.0
Spi1,Ptprc,1.0
Spi1,Ptpre,1.0
Spi1,Rel,1.0
Spi1,Runx1,1.0
Spi1,Scarb1,1.0
Spi1,Scarb2,1.0
Spi1,Serpinb1a,1.0
Spi1,Serpinb1b,1.0
Spi1,Serpinb1c,1.0
Spi1,Stat3,1.0
Spi1,Tal1,1.0
Spi1,Tbxas1,1.0
Spi1,Tfec,1.0
Spi1,Tgfbr2,1.0
Spi1,Tlr4,1.0
Spi1,Tnf,1.0
Spi1,Tyrobp,1.0
Spi1,Vav1,1.0
Spi1,Vip,1.0
Spi1,Was,1.0
Spib,Cd40,1.0
Spib,Irf7,-1.0
Spib,Prdm1,1.0
Spib,Xbp1,1.0
Spib,Klhl6,1.0
Spib,Arhgap24,1.0
Spib,Bank1,1.0
Spib,Bbs9,1.0
Spib,Bcl11a,1.0
Spib,Bhlhe40,1.0
Spib,Camk4,1.0
Spib,Ccdc88c,1.0
Spib,Cd86,1.0
Spib,Cdyl,1.0
Spib,Chl1,1.0
Spib,Ciita,1.0
Spib,Cntn4,1.0
Spib,Dlgap1,1.0
Spib,Dock10,1.0
Spib,Ece1,1.0
Spib,Elmo1,1.0
Spib,Gmds,1.0
Spib,Gramd3,1.0
Spib,Grm7,1.0
Spib,Gsdme,1.0
Spib,Ikzf1,1.0
Spib,Il16,1.0
Spib,Il21r,1.0
Spib,Itgax,1.0
Spib,Itpr1,1.0
Spib,Kdm4c,1.0
Spib,Lrmp,1.0
Spib,Ndrg1,1.0
Spib,Nup210,1.0
Spib,Pax5,1.0
Spib,Pdcd1lg2,1.0
Spib,Pik3ap1,1.0
Spib,Ppfibp2,1.0
Spib,Rapgef1,1.0
Spib,Rassf2,1.0
Spib,Rassf5,1.0
Spib,Rfx3,1.0
Spib,Rubcnl,1.0
Spib,Slc12a3,1.0
Spib,Sp100,1.0
Spib,Sp110,1.0
Spib,St14,1.0
Spib,Syne2,1.0
Spib,Tbc1d4,1.0
Spib,Tenm4,1.0
Spib,Tnfaip8,1.0
Spib,Ucp2,1.0
Spib,Vopp1,1.0
Spib,Wnk1,1.0
Spib,Wnt5b,1.0
Spib,Wscd2,1.0
Spib,Zc3h12d,1.0
Spib,Zfp608,1.0
Srebf1,Acaca,1.0
Srebf1,Acacb,1.0
Srebf1,Acly,1.0
Srebf1,Fasn,1.0
Srebf1,Fdft1,1.0
Srebf1,Fdps,1.0
Srebf1,Hk2,1.0
Srebf1,Hmgcr,1.0
Srebf1,Hmgcs1,1.0
Srebf1,Hmox1,1.0
Srebf1,Insig1,1.0
Srebf1,Irs2,-1.0
Srebf1,Ldlr,1.0
Srebf1,Lrp1,-1.0
Srebf1,Npc1,1.0
Srebf1,Nr0b2,1.0
Srebf1,Pcyt2,1.0
Srebf1,Pik3r3,1.0
Srebf1,Scd2,1.0
Srebf1,Scd4,1.0
Srebf1,Slc2a4,1.0
Srebf1,Sqle,1.0
Srebf2,Abca1,-1.0
Srebf2,Acly,1.0
Srebf2,Acot7,1.0
Srebf2,Fdft1,1.0
Srebf2,Hmgcr,1.0
Srebf2,Insig1,1.0
Srebf2,Ldlr,1.0
Srebf2,Lrp1,-1.0
Srebf2,Mttp,-1.0
Srebf2,Npc1l1,1.0
Srebf2,Pcsk9,1.0
Srebf2,Pcyt2,1.0
Srebf2,Pon1,1.0
Srebf2,Sqle,1.0
Srebf2,Stard4,1.0
Srf,Acta1,1.0
Srf,Actb,1.0
Srf,Actc1,1.0
Srf,Dmd,1.0
Srf,Egr1,1.0
Srf,Fos,1.0
Srf,Fosl1,1.0
Srf,Mmp2,1.0
Srf,Samd4,1.0
Srf,Tagln,1.0
Stat1,1700057G04Rik,1.0
Stat1,A2m,1.0
Stat1,Adar,1.0
Stat1,Agfg2,-1.0
Stat1,Aim2,1.0
Stat1,Aox1,1.0
Stat1,Apoe,1.0
Stat1,App,1.0
Stat1,Atg4c,1.0
Stat1,B3gat3,1.0
Stat1,Bax,1.0
Stat1,Bcl2,1.0
Stat1,Bcl6,1.0
Stat1,Brd8,1.0
Stat1,Brd8dc,1.0
Stat1,Bst2,1.0
Stat1,Ccl2,1.0
Stat1,Ccnd1,1.0
Stat1,Ccnd2,1.0
Stat1,Ccnd3,1.0
Stat1,Ccr1,1.0
Stat1,Ccr1l1,1.0
Stat1,Ccr5,1.0
Stat1,Cd274,1.0
Stat1,Cd40,1.0
Stat1,Cd86,1.0
Stat1,Cdc7,-1.0
Stat1,Cdkn1a,1.0
Stat1,Cebpe,1.0
Stat1,Cftr,1.0
Stat1,Ciita,1.0
Stat1,Cish,1.0
Stat1,Col1a1,1.0
Stat1,Col1a2,1.0
Stat1,Crem,1.0
Stat1,Csf1,1.0
Stat1,Ctsb,1.0
Stat1,Cx3cl1,1.0
Stat1,Cxcl10,1.0
Stat1,Cxcl9,1.0
Stat1,Cyp19a1,1.0
Stat1,Dclre1c,1.0
Stat1,Ddx50,1.0
Stat1,Dimt1,1.0
Stat1,Duox2,1.0
Stat1,Ears2,1.0
Stat1,Edem2,1.0
Stat1,Edn1,1.0
Stat1,Egfr,1.0
Stat1,Egln3,1.0
Stat1,Eif2ak1,1.0
Stat1,Eif2ak2,1.0
Stat1,Eif2ak3,1.0
Stat1,Elf5,1.0
Stat1,Elp3,1.0
Stat1,Esr1,1.0
Stat1,Esr2,1.0
Stat1,Fas,1.0
Stat1,Fbxo5,1.0
Stat1,Fcgr4,1.0
Stat1,Fcgrt,-1.0
Stat1,Fgf2,1.0
Stat1,Fgfr3,-1.0
Stat1,Fos,1.0
Stat1,Foxp3,1.0
Stat1,Gata3,1.0
Stat1,Gck,1.0
Stat1,Gls,1.0
Stat1,Greb1,1.0
Stat1,Gstk1,1.0
Stat1,H2-Bl,1.0
Stat1,H2-DMa,1.0
Stat1,H2-DMb1,1.0
Stat1,H2-DMb2,1.0
Stat1,H2-Eb2,1.0
Stat1,H2-Q5,1.0
Stat1,Hcfc1,-1.0
Stat1,Hdac7,1.0
Stat1,Hmox1,1.0
Stat1,Hsp90aa1,-1.0
Stat1,Hspb1,1.0
Stat1,Icam1,1.0
Stat1,Ido1,1.0
Stat1,Ifi35,1.0
Stat1,Ifit3,1.0
Stat1,Ifit3b,1.0
Stat1,Ifnb1,-1.0
Stat1,Ifng,-1.0
Stat1,Ifnlr1,1.0
Stat1,Igf1,1.0
Stat1,Igfbp3,1.0
Stat1,Igflr1,1.0
Stat1,Il10,1.0
Stat1,Il12a,1.0
Stat1,Il12b,1.0
Stat1,Il12rb1,1.0
Stat1,Il12rb2,1.0
Stat1,Il17d,1.0
Stat1,Il18bp,1.0
Stat1,Il1b,1.0
Stat1,Il1r1,1.0
Stat1,Il2ra,1.0
Stat1,Il6,-1.0
Stat1,Il6st,1.0
Stat1,Ino80,1.0
Stat1,Irf1,1.0
Stat1,Irf2,1.0
Stat1,Irf7,1.0
Stat1,Irf8,1.0
Stat1,Irf9,1.0
Stat1,Isg15,1.0
Stat1,Isg20,1.0
Stat1,Jak2,1.0
Stat1,Jun,1.0
Stat1,Junb,1.0
Stat1,Kif2a,1.0
Stat1,Krt17,1.0
Stat1,Lap3,1.0
Stat1,Ly96,1.0
Stat1,Man1a,1.0
Stat1,Mat2a,1.0
Stat1,Mcl1,1.0
Stat1,Med16,1.0
Stat1,Met,1.0
Stat1,Mmp13,-1.0
Stat1,Mmp9,-1.0
Stat1,Mtmr9,1.0
Stat1,Muc1,1.0
Stat1,Muc4,1.0
Stat1,Mvp,1.0
Stat1,Mx1,1.0
Stat1,Mx2,1.0
Stat1,Myc,1.0
Stat1,Myd88,1.0
Stat1,Naa35,-1.0
Stat1,Nmi,1.0
Stat1,Nos2,1.0
Stat1,Nr1h4,-1.0
Stat1,Oas1a,1.0
Stat1,Oas1b,1.0
Stat1,Oas1c,1.0
Stat1,Oas1d,1.0
Stat1,Oas1e,1.0
Stat1,Oas1f,1.0
Stat1,Oas1g,1.0
Stat1,Oas1h,1.0
Stat1,Oas2,1.0
Stat1,Oas3,1.0
Stat1,Oasl1,1.0
Stat1,Oprm1,1.0
Stat1,Parp14,1.0
Stat1,Pim1,1.0
Stat1,Plau,1.0
Stat1,Plscr1,1.0
Stat1,Plscr2,1.0
Stat1,Pml,1.0
Stat1,Ppara,1.0
Stat1,Ppip5k2,1.0
Stat1,Prf1,1.0
Stat1,Prkce,-1.0
Stat1,Pros1,1.0
Stat1,Psmb9,1.0
Stat1,Ptgfr,1.0
Stat1,Ptgs2,1.0
Stat1,Pttg1ip,1.0
Stat1,Pwp2,1.0
Stat1,Rbak,1.0
Stat1,Rev3l,1.0
Stat1,Ripk1,1.0
Stat1,Rnf213,1.0
Stat1,S100a10,1.0
Stat1,Sbno2,1.0
Stat1,Scarb1,1.0
Stat1,Sema4b,1.0
Stat1,Slc2a2,1.0
Stat1,Smarca4,1.0
Stat1,Snrnp27,1.0
Stat1,Socs1,1.0
Stat1,Socs2,1.0
Stat1,Socs3,1.0
Stat1,Socs4,1.0
Stat1,Socs5,1.0
Stat1,Socs6,1.0
Stat1,Socs7,1.0
Stat1,Stat2,1.0
Stat1,Stat3,1.0
Stat1,Tap1,1.0
Stat1,Tbx21,1.0
Stat1,Tff1,1.0
Stat1,Th,1.0
Stat1,Timp1,1.0
Stat1,Tlr3,1.0
Stat1,Tnfrsf8,1.0
Stat1,Tnfsf11,1.0
Stat1,Tnfsf13b,1.0
Stat1,Trim25,1.0
Stat1,Trp53,1.0
Stat1,Ubr1,1.0
Stat1,Upp1,1.0
Stat1,Vegfa,1.0
Stat1,Vegfc,1.0
Stat1,Vegfd,1.0
Stat1,Vip,1.0
Stat1,Vps33b,1.0
Stat1,Wars,1.0
Stat1,Zc3hav1,1.0
Stat1,Zfp1,1.0
Stat1,Zfp112,1.0
Stat1,Zfp12,1.0
Stat1,Zfp128,1.0
Stat1,Zfp13,1.0
Stat1,Zfp169,1.0
Stat1,Zfp251,1.0
Stat1,Zfp282,1.0
Stat1,Zfp30,1.0
Stat1,Zfp354a,1.0
Stat1,Zfp367,-1.0
Stat1,Zfp398,1.0
Stat1,Zfp61,1.0
Stat1,Zfp612,1.0
Stat1,Zfp655,1.0
Stat1,Zfp689,1.0
Stat1,Zfp746,1.0
Stat1,Zfp777,1.0
Stat1,Zfp786,1.0
Stat1,Zfp879,1.0
Stat1,Zfp9,1.0
Stat1,Zfp961,1.0
Stat1,Zfy1,1.0
Stat1,Zfy2,1.0
Stat2,Bst2,1.0
Stat2,Cfb,1.0
Stat2,Ifit3,1.0
Stat2,Ifit3b,1.0
Stat2,Irf1,1.0
Stat2,Irf7,1.0
Stat2,Mx1,1.0
Stat2,Mx2,1.0
Stat2,Oas1a,1.0
Stat2,Oas1b,1.0
Stat2,Oas1c,1.0
Stat2,Oas1d,1.0
Stat2,Oas1e,1.0
Stat2,Oas1f,1.0
Stat2,Oas1g,1.0
Stat2,Oas1h,1.0
Stat2,Oas2,1.0
Stat2,Pml,1.0
Stat3,A2m,1.0
Stat3,Bcl2,1.0
Stat3,Bcl2l1,1.0
Stat3,Bcl6,1.0
Stat3,Birc3,1.0
Stat3,Birc5,1.0
Stat3,Ccl2,1.0
Stat3,Ccnd1,1.0
Stat3,Ccnd2,1.0
Stat3,Ccnd3,1.0
Stat3,Cd274,1.0
Stat3,Cdk4,1.0
Stat3,Cdkn1a,1.0
Stat3,Cfb,1.0
Stat3,Chil1,1.0
Stat3,Cish,1.0
Stat3,Cops5,1.0
Stat3,Crp,1.0
Stat3,Csrp1,1.0
Stat3,Cyp19a1,1.0
Stat3,Egfr,1.0
Stat3,Esr1,1.0
Stat3,Esr2,1.0
Stat3,Etv6,1.0
Stat3,Fas,-1.0
Stat3,Fos,1.0
Stat3,Gfap,1.0
Stat3,Hamp,1.0
Stat3,Hamp2,1.0
Stat3,Hif1a,1.0
Stat3,Hmox1,1.0
Stat3,Hspb1,1.0
Stat3,Ifnar1,1.0
Stat3,Igf1,1.0
Stat3,Il10,1.0
Stat3,Il21,1.0
Stat3,Il2ra,1.0
Stat3,Il6,1.0
Stat3,Il6st,1.0
Stat3,Irf1,1.0
Stat3,Junb,1.0
Stat3,Klf11,1.0
Stat3,Lbp,1.0
Stat3,Ltbp1,-1.0
Stat3,Mcl1,1.0
Stat3,Mmp10,1.0
Stat3,Mmp3,1.0
Stat3,Muc1,1.0
Stat3,Muc4,1.0
Stat3,Myc,1.0
Stat3,Myd88,1.0
Stat3,Nnmt,1.0
Stat3,Osm,1.0
Stat3,Pgf,-1.0
Stat3,Pim1,1.0
Stat3,Prf1,1.0
Stat3,Ptgs2,1.0
Stat3,Ptpn13,1.0
Stat3,Reg1,1.0
Stat3,Reg2,1.0
Stat3,Rnls,1.0
Stat3,Ror1,1.0
Stat3,Rora,1.0
Stat3,S100a11,1.0
Stat3,Socs1,1.0
Stat3,Socs3,1.0
Stat3,Stat1,1.0
Stat3,Timp1,1.0
Stat3,Trh,1.0
Stat3,Trp53,1.0
Stat3,Twist1,1.0
Stat3,Usp7,-1.0
Stat3,Vegfa,1.0
Stat3,Vegfb,1.0
Stat3,Vip,1.0
Stat3,Zfp36,1.0
Stat4,Ifng,1.0
Stat4,Il2ra,1.0
Stat4,Irf1,1.0
Stat4,Myc,1.0
Stat4,Pim1,1.0
Stat4,Prf1,1.0
Stat4,S100a4,1.0
Stat4,Socs3,-1.0
Stat4,Tbx21,1.0
Stat4,Ccnd2,1.0
Stat5a,Bcl2,1.0
Stat5a,Bcl2l1,1.0
Stat5a,Bcl6,1.0
Stat5a,Ccnd1,1.0
Stat5a,Ccnd2,-1.0
Stat5a,Ccnd3,1.0
Stat5a,Cel,1.0
Stat5a,Csn2,1.0
Stat5a,Esr1,1.0
Stat5a,Esr2,1.0
Stat5a,Ifng,1.0
Stat5a,Igf1,1.0
Stat5a,Il2ra,1.0
Stat5a,Il6st,1.0
Stat5a,Irf1,1.0
Stat5a,Lonp1,1.0
Stat5a,Muc1,1.0
Stat5a,Myd88,1.0
Stat5a,Osm,1.0
Stat5a,Pim1,1.0
Stat5a,Prf1,1.0
Stat5b,Bcl2l1,1.0
Stat5b,Bcl6,1.0
Stat5b,Ccnd1,1.0
Stat5b,Ccnd3,1.0
Stat5b,Cel,1.0
Stat5b,Esr1,1.0
Stat5b,Esr2,1.0
Stat5b,Ifng,1.0
Stat5b,Igf1,1.0
Stat5b,Il2ra,1.0
Stat5b,Il6st,1.0
Stat5b,Muc1,1.0
Stat5b,Osm,1.0
Stat5b,Pim1,1.0
Stat5b,Prf1,1.0
Stat6,Alox15,1.0
Stat6,Bcl2l1,1.0
Stat6,Ccl17,1.0
Stat6,Cish,1.0
Stat6,Fos,1.0
Stat6,Il4,1.0
Stat6,Irf1,1.0
Stat6,Rhoa,1.0
Stat6,Slc26a4,1.0
Stat6,Socs1,1.0
Tal1,Aldh1a2,1.0
Tal1,Brf1,1.0
Tal1,C3ar1,1.0
Tal1,Cd34,-1.0
Tal1,Cdh13,1.0
Tal1,Cdh23,1.0
Tal1,Chst11,1.0
Tal1,Dock9,1.0
Tal1,Elmo1,1.0
Tal1,Erg,1.0
Tal1,Myb,1.0
Tal1,Nbas,1.0
Tal1,Nfkb1,-1.0
Tal1,Plekho1,1.0
Tal1,Ppp3ca,1.0
Tal1,Ssh2,1.0
Tal1,Ube2h,1.0
Tal1,Usp34,1.0
Tbp,App,1.0
Tbp,Cdkn1a,1.0
Tbp,Fn1,1.0
Tbp,Fus,-1.0
Tbp,Lin28b,1.0
Tbp,Myc,1.0
Tbp,Pmf1,1.0
Tbp,Actb,1.0
Tbp,Abt1,1.0
Tbp,Anxa2,1.0
Tbp,Bsg,1.0
Tbp,C77080,1.0
Tbp,Cflar,1.0
Tbp,Des,1.0
Tbp,Dio2,1.0
Tbp,Dnajb12,1.0
Tbp,Fam49b,1.0
Tbp,Fbxl5,1.0
Tbp,Hbp1,1.0
Tbp,Hivep1,1.0
Tbp,Ier5,1.0
Tbp,Il10,1.0
Tbp,Il13,1.0
Tbp,Itpr1,1.0
Tbp,Kdm2a,1.0
Tbp,Klf6,1.0
Tbp,Lima1,1.0
Tbp,Luc7l2,1.0
Tbp,Mb,1.0
Tbp,Ncor2,1.0
Tbp,Picalm,1.0
Tbp,Pnkp,1.0
Tbp,Prpf31,1.0
Tbp,Prrc2b,1.0
Tbp,Rabgap1l,1.0
Tbp,Runx1,1.0
Tbp,Samd4,1.0
Tbp,Sec22c,1.0
Tbp,Serpine1,1.0
Tbp,Smtn,1.0
Tbp,St6gal1,1.0
Tbp,Tgif1,1.0
Tbp,Thumpd3,1.0
Tbp,Usp3,1.0
Tbp,Usp45,1.0
Tbp,Zmynd8,1.0
Tbx21,Cxcr3,1.0
Tbx21,Gata3,1.0
Tbx21,Ifng,1.0
Tbx21,Il4,-1.0
Tbx21,Akna,1.0
Tbx21,Il12rb2,1.0
Tbx21,Il21r,1.0
Tbx21,Sema4d,1.0
Tbx21,Slamf7,1.0
Tbx21,9930021J03Rik,1.0
Tbx21,Add3,1.0
Tbx21,Ank3,1.0
Tbx21,Arhgap25,1.0
Tbx21,Auts2,1.0
Tbx21,Ccdc88c,1.0
Tbx21,Cd226,1.0
Tbx21,Chn2,1.0
Tbx21,Ciita,1.0
Tbx21,Clmn,1.0
Tbx21,Crtam,1.0
Tbx21,Cxcr4,1.0
Tbx21,Cyth1,1.0
Tbx21,Cytip,1.0
Tbx21,Dennd3,1.0
Tbx21,Dock10,1.0
Tbx21,Dock2,1.0
Tbx21,Ebf1,1.0
Tbx21,Egr2,1.0
Tbx21,Ern1,1.0
Tbx21,Evl,1.0
Tbx21,Fyn,1.0
Tbx21,Galnt10,1.0
Tbx21,Gas7,1.0
Tbx21,Gfi1,1.0
Tbx21,Gramd1b,1.0
Tbx21,Grap2,1.0
Tbx21,Hivep1,1.0
Tbx21,Ikzf1,1.0
Tbx21,Ikzf3,1.0
Tbx21,Il10ra,1.0
Tbx21,Il1r1,1.0
Tbx21,Inpp5d,1.0
Tbx21,Irf4,1.0
Tbx21,Itk,1.0
Tbx21,Kdm2b,1.0
Tbx21,Klhl6,1.0
Tbx21,Ksr1,1.0
Tbx21,Lrig1,1.0
Tbx21,Mtss1,1.0
Tbx21,Nlrc5,1.0
Tbx21,Pah,1.0
Tbx21,Pde4d,1.0
Tbx21,Plac8,1.0
Tbx21,Plec,1.0
Tbx21,Prkcq,1.0
Tbx21,Prlr,1.0
Tbx21,Pstpip1,1.0
Tbx21,Rab27a,1.0
Tbx21,Rac2,1.0
Tbx21,Rasgrp1,1.0
Tbx21,Rassf5,1.0
Tbx21,Rgs3,1.0
Tbx21,Rhoh,1.0
Tbx21,Rreb1,1.0
Tbx21,Septin9,1.0
Tbx21,Sh3bp5,1.0
Tbx21,Smyd3,1.0
Tbx21,Stk17b,1.0
Tbx21,Syne2,1.0
Tbx21,Tbc1d14,1.0
Tbx21,Tcf7,1.0
Tbx21,Tiam1,1.0
Tbx21,Tmc6,1.0
Tbx21,Tmem131,1.0
Tbx21,Tnfrsf8,1.0
Tbx21,Tox2,1.0
Tcf12,Erc1,1.0
Tcf12,Ppp3ca,1.0
Tcf12,Wwtr1,1.0
Tcf12,Ablim1,1.0
Tcf12,Abr,1.0
Tcf12,Adgrl2,1.0
Tcf12,Antxr2,1.0
Tcf12,Arhgap23,1.0
Tcf12,Arhgef3,1.0
Tcf12,Arid1b,1.0
Tcf12,Bnc2,1.0
Tcf12,Cast,1.0
Tcf12,Ccdc12,1.0
Tcf12,Cemip2,1.0
Tcf12,Chd9,1.0
Tcf12,Clip2,1.0
Tcf12,Cnih3,1.0
Tcf12,Crim1,1.0
Tcf12,Ctnna1,1.0
Tcf12,Cuedc1,1.0
Tcf12,Daam1,1.0
Tcf12,Dip2c,1.0
Tcf12,Dpysl2,1.0
Tcf12,Fndc3b,1.0
Tcf12,Fto,1.0
Tcf12,Gas7,1.0
Tcf12,Hivep3,1.0
Tcf12,Iqgap2,1.0
Tcf12,Itpr2,1.0
Tcf12,Jarid2,1.0
Tcf12,Jazf1,1.0
Tcf12,Kdm2b,1.0
Tcf12,Klf13,1.0
Tcf12,Limch1,1.0
Tcf12,Lims1,1.0
Tcf12,Lpp,1.0
Tcf12,Lrch1,1.0
Tcf12,Ltbp1,1.0
Tcf12,Macf1,1.0
Tcf12,Mbnl1,1.0
Tcf12,Med15,1.0
Tcf12,Nfib,1.0
Tcf12,Nrp2,1.0
Tcf12,Palld,1.0
Tcf12,Pard3b,1.0
Tcf12,Pcx,1.0
Tcf12,Pde4d,1.0
Tcf12,Plcb1,1.0
Tcf12,Plxna2,1.0
Tcf12,Prickle2,1.0
Tcf12,Prkce,1.0
Tcf12,Prrc2b,1.0
Tcf12,Ptk2,1.0
Tcf12,Ptprk,1.0
Tcf12,Rapgef4,1.0
Tcf12,Rbms3,1.0
Tcf12,Rbpj,1.0
Tcf12,Sbno2,1.0
Tcf12,Sertad2,1.0
Tcf12,Sh3rf1,1.0
Tcf12,Slc37a1,1.0
Tcf12,Spats2l,1.0
Tcf12,Svil,1.0
Tcf12,Tbc1d1,1.0
Tcf12,Tcf4,1.0
Tcf12,Tead1,1.0
Tcf12,Thada,1.0
Tcf12,Tiam2,1.0
Tcf12,Tnrc6b,1.0
Tcf12,Vgll4,1.0
Tcf12,Wipf1,1.0
Tcf12,Wwc1,1.0
Tcf12,Zbtb38,1.0
Tcf12,Zdhhc14,1.0
Tcf12,Zfhx3,1.0
Tcf12,Zfp608,1.0
Tcf3,Cdk6,-1.0
Tcf3,Cr2,1.0
Tcf3,Anp32a,1.0
Tcf3,Axin1,1.0
Tcf3,Ciita,1.0
Tcf3,Kdm2b,1.0
Tcf3,Mad1l1,1.0
Tcf3,Med15,1.0
Tcf3,Nup210,1.0
Tcf3,Piezo1,1.0
Tcf3,Pstpip1,1.0
Tcf3,Ralgds,1.0
Tcf3,Slc37a1,1.0
Tcf3,Vav2,1.0
Tcf4,Abcb1a,1.0
Tcf4,Abcb1b,1.0
Tcf4,Ccnd1,1.0
Tcf4,Nrxn1,1.0
Tcf4,Vim,1.0
Tcf4,Cd44,1.0
Tcf4,Hdac7,1.0
Tcf4,Nol4l,1.0
Tcf4,Sptbn1,1.0
Tcf4,Add3,1.0
Tcf4,Areg,1.0
Tcf4,Arid5b,1.0
Tcf4,Asap2,1.0
Tcf4,Atp8b1,1.0
Tcf4,C77080,1.0
Tcf4,Cd9,1.0
Tcf4,Cdk6,1.0
Tcf4,Cep112,1.0
Tcf4,Chn2,1.0
Tcf4,Daam1,1.0
Tcf4,Ehbp1,1.0
Tcf4,Epb41l1,1.0
Tcf4,Epb41l2,1.0
Tcf4,Epha6,1.0
Tcf4,Eri3,1.0
Tcf4,Fgd5,1.0
Tcf4,Frmd3,1.0
Tcf4,Gls,1.0
Tcf4,Golim4,1.0
Tcf4,Il33,1.0
Tcf4,Lima1,1.0
Tcf4,Limch1,1.0
Tcf4,Lnx1,1.0
Tcf4,Maml2,1.0
Tcf4,Mef2c,1.0
Tcf4,Naaladl2,1.0
Tcf4,Nr3c2,1.0
Tcf4,Oxr1,1.0
Tcf4,Pcdh1,1.0
Tcf4,Phactr2,1.0
Tcf4,Plcb1,1.0
Tcf4,Plekhg1,1.0
Tcf4,Pparg,1.0
Tcf4,Prkch,1.0
Tcf4,Prr5l,1.0
Tcf4,Slc25a28,1.0
Tcf4,Spred2,1.0
Tcf4,St14,1.0
Tcf4,Tbl1xr1,1.0
Tcf4,Tead1,1.0
Tcf4,Tgif1,1.0
Tcf4,Tmem131,1.0
Tcf4,Trio,1.0
Tcf4,Trpc6,1.0
Tcf4,Trps1,1.0
Tcf4,Usp3,1.0
Tcf4,Utrn,1.0
Tcf4,Wnt4,1.0
Tcf4,Yap1,1.0
Tcf4,Zbtb7b,1.0
Tcf4,Zfp608,1.0
Tcf7,Axin2,1.0
Tcf7,Bcl2,1.0
Tcf7,Birc5,1.0
Tcf7,Lef1,1.0
Tcf7,Snai2,1.0
Tcf7,Ccnd2,1.0
Tcf7,Etl4,1.0
Tcf7,Tcf3,1.0
Tcf7,Ankrd28,1.0
Tcf7,Antxr2,1.0
Tcf7,Arhgap15,1.0
Tcf7,Birc3,1.0
Tcf7,Camk4,1.0
Tcf7,Ccnd1,1.0
Tcf7,Cd86,1.0
Tcf7,Cdk17,1.0
Tcf7,Cdyl,1.0
Tcf7,Coro1c,1.0
Tcf7,Cpped1,1.0
Tcf7,Crem,1.0
Tcf7,Dmd,1.0
Tcf7,Dock10,1.0
Tcf7,Dst,1.0
Tcf7,Fyb,1.0
Tcf7,Gpr15,1.0
Tcf7,Grm7,1.0
Tcf7,Gtf2f2,1.0
Tcf7,Hbs1l,1.0
Tcf7,Ikzf1,1.0
Tcf7,Ikzf3,1.0
Tcf7,Kcnk1,1.0
Tcf7,Map3k1,1.0
Tcf7,Marchf8,1.0
Tcf7,Mmp20,1.0
Tcf7,Nkd1,1.0
Tcf7,Numb,1.0
Tcf7,Pde7a,1.0
Tcf7,Phactr1,1.0
Tcf7,Plec,1.0
Tcf7,Prr5l,1.0
Tcf7,Ptprc,1.0
Tcf7,Qpct,1.0
Tcf7,Rbpj,1.0
Tcf7,Rgs6,1.0
Tcf7,Rhoh,1.0
Tcf7,Rin3,1.0
Tcf7,Rtn4,1.0
Tcf7,Skap1,1.0
Tcf7,Sox6,1.0
Tcf7,Sp100,1.0
Tcf7,Tgfbr3,1.0
Tcf7,Tnfrsf11b,1.0
Tcf7,Tnfrsf19,1.0
Tcf7,Trio,1.0
Tcf7,Usp48,1.0
Tcf7,Wnk1,1.0
Tcf7,Zbtb20,1.0
Tcf7,Zfpm2,1.0
Tcf7l2,Abcb1a,1.0
Tcf7l2,Abcb1b,1.0
Tcf7l2,Axin2,1.0
Tcf7l2,Birc5,1.0
Tcf7l2,Ccnd1,1.0
Tcf7l2,Cd44,1.0
Tcf7l2,Ctnnb1,1.0
Tcf7l2,Dkk1,1.0
Tcf7l2,Fgf18,1.0
Tcf7l2,Glce,1.0
Tcf7l2,Gli2,1.0
Tcf7l2,Lef1,1.0
Tcf7l2,Mmp7,1.0
Tcf7l2,Myc,1.0
Tcf7l2,Snai2,1.0
Tcf7l2,Sp5,1.0
Tcf7l2,Stat3,1.0
Tcf7l2,Tcf7,1.0
Tcf7l2,Tnfrsf11b,1.0
Tcf7l2,Vim,-1.0
Tead1,Msln,1.0
Tead1,Adgrl2,1.0
Tead1,Amotl2,1.0
Tead1,Gtdc1,1.0
Tead1,Itga1,1.0
Tead1,Osbpl9,1.0
Tead1,Sorbs2,1.0
Tead1,Tacc1,1.0
Tead1,Afap1,1.0
Tead1,Ahnak,1.0
Tead1,Ank3,1.0
Tead1,Ano6,1.0
Tead1,Apbb2,1.0
Tead1,Arhgap24,1.0
Tead1,Arhgap29,1.0
Tead1,Arhgap35,1.0
Tead1,Arnt2,1.0
Tead1,Asap1,1.0
Tead1,Asap2,1.0
Tead1,Bcar3,1.0
Tead1,Cacna2d1,1.0
Tead1,Cald1,1.0
Tead1,Capn2,1.0
Tead1,Cast,1.0
Tead1,Clic5,1.0
Tead1,Clip4,1.0
Tead1,Cnot1,1.0
Tead1,Crim1,1.0
Tead1,Ctnna1,1.0
Tead1,Daam1,1.0
Tead1,Denn2b,1.0
Tead1,Dgkb,1.0
Tead1,Dlc1,1.0
Tead1,Dlgap1,1.0
Tead1,Dnmbp,1.0
Tead1,Dst,1.0
Tead1,Egfr,1.0
Tead1,Eml1,1.0
Tead1,Eps8,1.0
Tead1,Ext1,1.0
Tead1,Fam160a1,1.0
Tead1,Fat1,1.0
Tead1,Fez2,1.0
Tead1,Fhl2,1.0
Tead1,Flnb,1.0
Tead1,Fmn2,1.0
Tead1,Frmd6,1.0
Tead1,Fto,1.0
Tead1,Gmds,1.0
Tead1,Gulp1,1.0
Tead1,Hdac9,1.0
Tead1,Inpp4b,1.0
Tead1,Iqschfp,1.0
Tead1,Itgb1,1.0
Tead1,Itsn1,1.0
Tead1,Jcad,1.0
Tead1,Kcnma1,1.0
Tead1,Kdm4c,1.0
Tead1,Kif13a,1.0
Tead1,Ktn1,1.0
Tead1,Lamc1,1.0
Tead1,Lamc2,1.0
Tead1,Limch1,1.0
Tead1,Lpp,1.0
Tead1,Macf1,1.0
Tead1,Maml2,1.0
Tead1,Mbnl1,1.0
Tead1,Mbnl2,1.0
Tead1,Mical2,1.0
Tead1,Mylk,1.0
Tead1,Nav2,1.0
Tead1,Ndst1,1.0
Tead1,Nek7,1.0
Tead1,Nrp2,1.0
Tead1,Nrxn3,1.0
Tead1,Palld,1.0
Tead1,Pam,1.0
Tead1,Pard3b,1.0
Tead1,Pbx1,1.0
Tead1,Pcyt1a,1.0
Tead1,Pde4b,1.0
Tead1,Pde4d,1.0
Tead1,Pdgfc,1.0
Tead1,Pdlim5,1.0
Tead1,Prickle2,1.0
Tead1,Prkag2,1.0
Tead1,Prkch,1.0
Tead1,Prune2,1.0
Tead1,Ptpn14,1.0
Tead1,Ptprm,1.0
Tead1,Rapgef2,1.0
Tead1,Rarb,1.0
Tead1,Rasal2,1.0
Tead1,Rb1cc1,1.0
Tead1,Rbms1,1.0
Tead1,Rbms3,1.0
Tead1,Rere,1.0
Tead1,Rtn4,1.0
Tead1,Samd4,1.0
Tead1,Sash1,1.0
Tead1,Schip1,1.0
Tead1,Sema3c,1.0
Tead1,Sema3d,1.0
Tead1,Sh3bp4,1.0
Tead1,Shroom3,1.0
Tead1,Smyd3,1.0
Tead1,Sorbs1,1.0
Tead1,Sorcs2,1.0
Tead1,Spidr,1.0
Tead1,Sptbn1,1.0
Tead1,Stard13,1.0
Tead1,Svil,1.0
Tead1,Tanc1,1.0
Tead1,Tcf4,1.0
Tead1,Tenm3,1.0
Tead1,Tgfb2,1.0
Tead1,Tgfbr3,1.0
Tead1,Tiam2,1.0
Tead1,Tln2,1.0
Tead1,Tmem245,1.0
Tead1,Trio,1.0
Tead1,Uaca,1.0
Tead1,Ube2h,1.0
Tead1,Vps13d,1.0
Tead1,Wwc2,1.0
Tead1,Wwtr1,1.0
Tead1,Yap1,1.0
Tead2,Ccnd2,1.0
Tead2,Rin3,1.0
Tead2,Ajuba,1.0
Tead2,Asap3,1.0
Tead2,Atp6v1a,1.0
Tead2,Atp8b2,1.0
Tead2,Cfi,1.0
Tead2,Ctdsp2,1.0
Tead2,Cybrd1,1.0
Tead2,Dlgap4,1.0
Tead2,Dnajb5,1.0
Tead2,Dtnbp1,1.0
Tead2,Fam89a,1.0
Tead2,Galnt2,1.0
Tead2,Galnt2l,1.0
Tead2,Jmjd1c,1.0
Tead2,Lamb2,1.0
Tead2,Lsm10,1.0
Tead2,Map1s,1.0
Tead2,Mpz,1.0
Tead2,Plekha4,1.0
Tead2,Rhbdf1,1.0
Tead2,Snrpc,1.0
Tead2,Speg,1.0
Tead2,St3gal2,1.0
Tead2,Tbc1d25,1.0
Tead2,Traf4,1.0
Tead2,Trip6,1.0
Tead2,Vps37b,1.0
Tead4,Ablim2,1.0
Tead4,Adamtsl1,1.0
Tead4,Adgrl2,1.0
Tead4,Alk,1.0
Tead4,Anxa2,1.0
Tead4,Bcar3,1.0
Tead4,Bcr,1.0
Tead4,Ccn2,1.0
Tead4,Cemip2,1.0
Tead4,Cmip,1.0
Tead4,Dab2ip,1.0
Tead4,Denn2b,1.0
Tead4,Dennd1a,1.0
Tead4,Dgkb,1.0
Tead4,Dlgap1,1.0
Tead4,Etv6,1.0
Tead4,Ext1,1.0
Tead4,Fam129b,1.0
Tead4,Fgfr2,1.0
Tead4,Fndc3b,1.0
Tead4,Foxo3,1.0
Tead4,Galnt2,1.0
Tead4,Galnt2l,1.0
Tead4,Glis3,1.0
Tead4,Gmds,1.0
Tead4,Gtdc1,1.0
Tead4,Hdac9,1.0
Tead4,Hivep3,1.0
Tead4,Hspg2,1.0
Tead4,Il1r1,1.0
Tead4,Iqsec1,1.0
Tead4,Itpr1,1.0
Tead4,Kazn,1.0
Tead4,Kdm4c,1.0
Tead4,Krt18,1.0
Tead4,Litaf,1.0
Tead4,Macf1,1.0
Tead4,Maml2,1.0
Tead4,Map4k4,1.0
Tead4,Mid1,1.0
Tead4,Mpzl1,1.0
Tead4,Myh9,1.0
Tead4,Nek6,1.0
Tead4,Pde4b,1.0
Tead4,Pdgfc,1.0
Tead4,Pdlim1,1.0
Tead4,Phldb2,1.0
Tead4,Phlpp1,1.0
Tead4,Picalm,1.0
Tead4,Plcl1,1.0
Tead4,Plxna2,1.0
Tead4,Prkch,1.0
Tead4,Ptprj,1.0
Tead4,Rabgap1l,1.0
Tead4,Rai14,1.0
Tead4,Rbpms,1.0
Tead4,Rin3,1.0
Tead4,Ripor3,1.0
Tead4,Rnd3,1.0
Tead4,Sik3,1.0
Tead4,Sorbs2,1.0
Tead4,Spidr,1.0
Tead4,Sptb,1.0
Tead4,Stk10,1.0
Tead4,Tacc2,1.0
Tead4,Tcf4,1.0
Tead4,Tgfbi,1.0
Tead4,Tgm2,1.0
Tead4,Tiam2,1.0
Tead4,Tjp2,1.0
Tead4,Tle4,1.0
Tead4,Trim2,1.0
Tead4,Vmp1,1.0
Tead4,Zmynd8,1.0
Tfap2a,Ache,-1.0
Tfap2a,Adm,1.0
Tfap2a,Adra1a,1.0
Tfap2a,Adra2b,1.0
Tfap2a,App,1.0
Tfap2a,Bace1,1.0
Tfap2a,Bcl2,-1.0
Tfap2a,Ccnb1,1.0
Tfap2a,Cdh1,1.0
Tfap2a,Cdkn1a,1.0
Tfap2a,Cftr,1.0
Tfap2a,Cga,1.0
Tfap2a,Crabp2,1.0
Tfap2a,Crx,1.0
Tfap2a,Cyp11a1,1.0
Tfap2a,Dbh,1.0
Tfap2a,Egfr,1.0
Tfap2a,Erbb2,1.0
Tfap2a,Ets1,1.0
Tfap2a,F2r,1.0
Tfap2a,Fas,1.0
Tfap2a,Fmr1,1.0
Tfap2a,Foxa1,1.0
Tfap2a,Galnt3,1.0
Tfap2a,Gast,1.0
Tfap2a,Gpx4,1.0
Tfap2a,Gusb,1.0
Tfap2a,Hgf,-1.0
Tfap2a,Hip1,1.0
Tfap2a,Hmox1,1.0
Tfap2a,Hoxa4,-1.0
Tfap2a,Hsd17b1,-1.0
Tfap2a,Htt,1.0
Tfap2a,Igfbp5,1.0
Tfap2a,Kit,1.0
Tfap2a,Krt5,1.0
Tfap2a,L1cam,1.0
Tfap2a,Mip,1.0
Tfap2a,Mmp2,1.0
Tfap2a,Mpg,1.0
Tfap2a,Myc,1.0
Tfap2a,Nme3,1.0
Tfap2a,Nr3c1,1.0
Tfap2a,Oat,1.0
Tfap2a,Penk,1.0
Tfap2a,Plaur,1.0
Tfap2a,Pold2,1.0
Tfap2a,Prkca,1.0
Tfap2a,Ptgs2,1.0
Tfap2a,Pvr,1.0
Tfap2a,S100b,1.0
Tfap2a,Serpine1,1.0
Tfap2a,Slc19a1,1.0
Tfap2a,Smpd1,1.0
Tfap2a,Snap91,1.0
Tfap2a,Sp1,1.0
Tfap2a,Spry2,1.0
Tfap2a,Taf7,1.0
Tfap2a,Th,1.0
Tfap2a,Timp2,1.0
Tfap2a,Vegfa,1.0
Tfap2c,Cdkn1a,-1.0
Tfap2c,Crabp2,1.0
Tfap2c,Csta1,1.0
Tfap2c,Csta2,1.0
Tfap2c,Csta3,1.0
Tfap2c,Cstdc4,1.0
Tfap2c,Cstdc5,1.0
Tfap2c,Cstdc6,1.0
Tfap2c,Ecm1,1.0
Tfap2c,Erbb2,1.0
Tfap2c,Esr1,1.0
Tfap2c,Foxa1,1.0
Tfap2c,Foxc1,1.0
Tfap2c,Frem2,1.0
Tfap2c,Greb1,1.0
Tfap2c,Mmp2,1.0
Tfap2c,Myc,1.0
Tfap2c,Ret,1.0
Tfap2c,Stfa1,1.0
Tfap2c,Stfa2,1.0
Tfap2c,Stfa2l1,1.0
Tfap2c,Stfa3,1.0
Tfap2c,Sult1e1,1.0
Tfap2c,Tff1,1.0
Tfap4,Mdm2,-1.0
Tfap4,Penk,1.0
Tfap4,Zfp395,1.0
Tfap4,5330417C22Rik,1.0
Tfap4,Abtb2,1.0
Tfap4,Agpat3,1.0
Tfap4,Arhgef10l,1.0
Tfap4,Atp2b2,1.0
Tfap4,Bcar1,1.0
Tfap4,Crtc1,1.0
Tfap4,Csnk1d,1.0
Tfap4,Cyth1,1.0
Tfap4,Dennd1a,1.0
Tfap4,Dennd3,1.0
Tfap4,Egfr,1.0
Tfap4,Ell,1.0
Tfap4,Etl4,1.0
Tfap4,Fgfr3,1.0
Tfap4,Gna12,1.0
Tfap4,Greb1,1.0
Tfap4,Hdac5,1.0
Tfap4,Jade2,1.0
Tfap4,Jup,1.0
Tfap4,Krt8,1.0
Tfap4,Med15,1.0
Tfap4,Mical2,1.0
Tfap4,Myom1,1.0
Tfap4,Pemt,1.0
Tfap4,Plekha7,1.0
Tfap4,Plekhg5,1.0
Tfap4,Plxna2,1.0
Tfap4,Prkcz,1.0
Tfap4,Rgs3,1.0
Tfap4,Srgap3,1.0
Tfap4,Svil,1.0
Tfap4,Synj2,1.0
Tfap4,Tbc1d2b,1.0
Tfap4,Tiam2,1.0
Tfap4,Tpm4,1.0
Tfap4,Trio,1.0
Tfdp1,Cav1,1.0
Tfdp1,Ccne1,1.0
Tfdp1,Cdk1,1.0
Tfdp1,Dhfr,1.0
Tfdp1,Mybl2,1.0
Tfdp1,Pcna,1.0
Tfdp1,Rrm1,1.0
Tfdp1,Tyms,1.0
Tfdp1,Ccne2,1.0
Tfdp1,Ckap2l,1.0
Tfdp1,Hnrnpul1,1.0
Tfdp1,Ptma,1.0
Tgif2,Ahcy,-1.0
Tgif2,Akap1,-1.0
Tgif2,Asxl1,-1.0
Tgif2,Coq8a,-1.0
Tgif2,Dpagt1,-1.0
Tgif2,Fam102a,-1.0
Tgif2,Hmgxb3,-1.0
Tgif2,Ist1,-1.0
Tgif2,Msh6,-1.0
Tgif2,Nelfa,-1.0
Tgif2,Nfkb2,-1.0
Tgif2,Ogfr,-1.0
Tgif2,Prr3,-1.0
Tgif2,Rpl3,-1.0
Tgif2,Septin9,-1.0
Tgif2,Smox,-1.0
Tgif2,Tcirg1,-1.0
Tgif2,Zbtb2,-1.0
Tgif2,Zscan2,-1.0
Thap1,Fam20b,1.0
Thap1,Acap3,1.0
Thap1,Arhgdia,1.0
Thap1,Bcor,1.0
Thap1,Col18a1,1.0
Thap1,Coro2a,1.0
Thap1,Csnk1d,1.0
Thap1,Cyfip1,1.0
Thap1,Dock6,1.0
Thap1,Eps8l2,1.0
Thap1,Faap100,1.0
Thap1,Fam78a,1.0
Thap1,Fgfr3,1.0
Thap1,Fgfrl1,1.0
Thap1,Fndc10,1.0
Thap1,Gak,1.0
Thap1,Gale,1.0
Thap1,Gnb1,1.0
Thap1,Gpt2,1.0
Thap1,Gramd1a,1.0
Thap1,Hdac11,1.0
Thap1,Hook2,1.0
Thap1,Hsp90aa1,1.0
Thap1,Ier2,1.0
Thap1,Iqsec1,1.0
Thap1,Ltbp3,1.0
Thap1,Lysmd2,1.0
Thap1,Mast3,1.0
Thap1,Metrnl,1.0
Thap1,Mtcl1,1.0
Thap1,Myo1c,1.0
Thap1,Ncor2,1.0
Thap1,Nkd2,1.0
Thap1,Pidd1,1.0
Thap1,Piezo1,1.0
Thap1,Plec,1.0
Thap1,Ppm1f,1.0
Thap1,Ppp6r1,1.0
Thap1,Rasgef1a,1.0
Thap1,Rreb1,1.0
Thap1,Rxra,1.0
Thap1,Sgms1,1.0
Thap1,Ski,1.0
Thap1,Srcin1,1.0
Thap1,Stip1,1.0
Thap1,Sympk,1.0
Thap1,Tcf25,1.0
Thap1,Tle5,1.0
Thap1,Trabd,1.0
Thap1,Ubtf,1.0
Thap1,Unkl,1.0
Thap1,Usf2,1.0
Thap1,Ywhaz,1.0
Thap1,Zfp276,1.0
Thap11,Cnih4,-1.0
Thap11,Lsm10,-1.0
Thap11,Prpf31,-1.0
Thap11,Slc4a2,-1.0
Thap11,Snx17,-1.0
Thap11,Tmem115,-1.0
Thap11,Afg1l,-1.0
Thap11,Ap2s1,-1.0
Thap11,Atl3,-1.0
Thap11,AU015836,-1.0
Thap11,Babam1,-1.0
Thap11,Banp,-1.0
Thap11,Bola1,-1.0
Thap11,Bub1b,-1.0
Thap11,Bub3,-1.0
Thap11,Calcoco1,-1.0
Thap11,Ccdc191,-1.0
Thap11,Ccdc90b,-1.0
Thap11,Cep128,-1.0
Thap11,Chchd3,-1.0
Thap11,Chchd4,-1.0
Thap11,Chrnb1,-1.0
Thap11,Cldn12,-1.0
Thap11,Clp1,-1.0
Thap11,Cnpy2,-1.0
Thap11,Cops7b,-1.0
Thap11,Dcakd,-1.0
Thap11,Desi2,-1.0
Thap11,Dffa,-1.0
Thap11,Dnajc17,-1.0
Thap11,Dnajc18,-1.0
Thap11,Dnm1l,-1.0
Thap11,Dpm3,-1.0
Thap11,Eif1b,-1.0
Thap11,Eif2b4,-1.0
Thap11,Eif2s2,-1.0
Thap11,Eny2,-1.0
Thap11,Erp44,-1.0
Thap11,Fam168a,-1.0
Thap11,Fbxl19,-1.0
Thap11,Fto,-1.0
Thap11,Fyco1,-1.0
Thap11,Gpkow,-1.0
Thap11,Hcfc1r1,-1.0
Thap11,Hexim2,-1.0
Thap11,Hsp90b1,-1.0
Thap11,Hsph1,-1.0
Thap11,Invs,-1.0
Thap11,Itch,-1.0
Thap11,Itpr1,-1.0
Thap11,Izumo1,-1.0
Thap11,Lmbrd2,-1.0
Thap11,Lmna,-1.0
Thap11,Lrrc29,-1.0
Thap11,Lysmd1,-1.0
Thap11,Mad2l1bp,-1.0
Thap11,Med11,-1.0
Thap11,Mitf,-1.0
Thap11,Mrpl24,-1.0
Thap11,Mrpl42,-1.0
Thap11,Mrpl50,-1.0
Thap11,Mtr,-1.0
Thap11,Ndc1,-1.0
Thap11,Nmt1,-1.0
Thap11,Nop14,-1.0
Thap11,Nudcd1,-1.0
Thap11,Nup153,-1.0
Thap11,Nutf2,-1.0
Thap11,Nutf2-ps1,-1.0
Thap11,Pcm1,-1.0
Thap11,Pdcd10,-1.0
Thap11,Pemt,-1.0
Thap11,Phb,-1.0
Thap11,Phf23,-1.0
Thap11,Pnkd,-1.0
Thap11,Pnpla6,-1.0
Thap11,Pop1,-1.0
Thap11,Ppcdc,-1.0
Thap11,Ppp1r12b,-1.0
Thap11,Ppp2r5b,-1.0
Thap11,Prcc,-1.0
Thap11,Rangap1,-1.0
Thap11,Rida,-1.0
Thap11,Rpgrip1l,-1.0
Thap11,Sel1l,-1.0
Thap11,Sh2d6,-1.0
Thap11,Sirt2,-1.0
Thap11,Skp2,-1.0
Thap11,Slc25a19,-1.0
Thap11,Slc35b4,-1.0
Thap11,Smarcal1,-1.0
Thap11,Smim13,-1.0
Thap11,Snap47,-1.0
Thap11,Snx16,-1.0
Thap11,Snx27,-1.0
Thap11,Sox6,-1.0
Thap11,Swt1,-1.0
Thap11,Sympk,-1.0
Thap11,Tbc1d31,-1.0
Thap11,Thrap3,-1.0
Thap11,Tmem109,-1.0
Thap11,Tmem208,-1.0
Thap11,Trappc3,-1.0
Thap11,Trmt1l,-1.0
Thap11,Uba1,-1.0
Thap11,Ubr2,-1.0
Thap11,Usp48,-1.0
Thap11,Vps41,-1.0
Thap11,Vps50,-1.0
Thap11,Wbp2,-1.0
Thap11,Wnk1,-1.0
Thap11,Zcchc8,-1.0
Thap11,Zfp444,-1.0
Thap11,Zfp605,-1.0
Thap11,Zscan22,-1.0
Trp53,Abcb1a,-1.0
Trp53,Abcb1b,-1.0
Trp53,Abcc1,1.0
Trp53,Acta2,1.0
Trp53,Ada,1.0
Trp53,Adgrb1,1.0
Trp53,Adgrb2,1.0
Trp53,Afp,-1.0
Trp53,Aifm2,1.0
Trp53,Akt1,-1.0
Trp53,Aldh1a3,1.0
Trp53,Alox5,1.0
Trp53,Antxr1,1.0
Trp53,Apaf1,1.0
Trp53,Apcs,1.0
Trp53,Arid3a,1.0
Trp53,Ascc3,1.0
Trp53,Atf3,1.0
Trp53,Bak1,1.0
Trp53,Bax,1.0
Trp53,Bcl2,-1.0
Trp53,Bcl2l1,1.0
Trp53,Bcl2l14,1.0
Trp53,Bcl3,-1.0
Trp53,Bcl6,1.0
Trp53,Bdkrb2,1.0
Trp53,Bid,1.0
Trp53,Birc5,-1.0
Trp53,Bnip3l,1.0
Trp53,Brca1,-1.0
Trp53,Brca2,-1.0
Trp53,Btg1,1.0
Trp53,Btg2,1.0
Trp53,Btg3,1.0
Trp53,Cables1,1.0
Trp53,Casp3,1.0
Trp53,Casp6,1.0
Trp53,Cav1,1.0
Trp53,Ccna1,1.0
Trp53,Ccna2,1.0
Trp53,Ccnb1,-1.0
Trp53,Ccnd1,-1.0
Trp53,Ccng1,1.0
Trp53,Ccng2,1.0
Trp53,Ccnk,1.0
Trp53,Cd82,1.0
Trp53,Cdc25c,1.0
Trp53,Cdh13,1.0
Trp53,Cdk1,-1.0
Trp53,Cdkn1a,1.0
Trp53,Cdkn1b,1.0
Trp53,Chek1,-1.0
Trp53,Chek2,-1.0
Trp53,Chmp4c,1.0
Trp53,Chuk,-1.0
Trp53,Ckm,1.0
Trp53,Col18a1,1.0
Trp53,Cop1,1.0
Trp53,Ctnnb1,-1.0
Trp53,Ctsd,1.0
Trp53,Cx3cl1,1.0
Trp53,Cyp24a1,1.0
Trp53,Dcc,1.0
Trp53,Ddb1,1.0
Trp53,Ddb2,1.0
Trp53,Ddit4,1.0
Trp53,Ddr1,1.0
Trp53,Dkk1,1.0
Trp53,Dnmt1,-1.0
Trp53,Dusp1,1.0
Trp53,Dusp11,1.0
Trp53,Dusp5,1.0
Trp53,E2f1,-1.0
Trp53,E2f3,-1.0
Trp53,E2f7,1.0
Trp53,Edn2,1.0
Trp53,Egfr,1.0
Trp53,Egr1,1.0
Trp53,Ei24,1.0
Trp53,Elf4,-1.0
Trp53,Epcam,1.0
Trp53,Epha2,1.0
Trp53,Esr1,1.0
Trp53,Ezh2,-1.0
Trp53,Fancc,1.0
Trp53,Fas,1.0
Trp53,Fbln1,1.0
Trp53,Fbln2,1.0
Trp53,Fgf2,-1.0
Trp53,Flt1,1.0
Trp53,Fos,1.0
Trp53,Frmd5,1.0
Trp53,Gadd45a,-1.0
Trp53,Gadd45g,1.0
Trp53,Gdf15,1.0
Trp53,Ghr,1.0
Trp53,Gpnmb,1.0
Trp53,Gpx1,1.0
Trp53,Gstp1,1.0
Trp53,Gstp2,1.0
Trp53,Hgf,1.0
Trp53,Hic1,1.0
Trp53,Hipk2,1.0
Trp53,Hnf4a,-1.0
Trp53,Hnrnpul1,1.0
Trp53,Hras,-1.0
Trp53,Hsp90ab1,-1.0
Trp53,Htt,1.0
Trp53,Ier3,1.0
Trp53,Igf1r,-1.0
Trp53,Igfbp3,1.0
Trp53,Il1b,1.0
Trp53,Ing1,1.0
Trp53,Ints7,-1.0
Trp53,Irf5,1.0
Trp53,Jak2,1.0
Trp53,Kat2b,1.0
Trp53,Klk1,-1.0
Trp53,Klk1b1,-1.0
Trp53,Klk1b11,-1.0
Trp53,Klk1b16,-1.0
Trp53,Klk1b21,-1.0
Trp53,Klk1b22,-1.0
Trp53,Klk1b24,-1.0
Trp53,Klk1b26,-1.0
Trp53,Klk1b27,-1.0
Trp53,Klk1b3,-1.0
Trp53,Klk1b4,-1.0
Trp53,Klk1b5,-1.0
Trp53,Klk1b8,-1.0
Trp53,Klk1b9,-1.0
Trp53,Krt8,1.0
Trp53,Lif,1.0
Trp53,Lig1,1.0
Trp53,Litaf,1.0
Trp53,Mad1l1,-1.0
Trp53,Map4,-1.0
Trp53,Mapk8,1.0
Trp53,Mcm7,-1.0
Trp53,Mdm2,1.0
Trp53,Mdm4,1.0
Trp53,Met,-1.0
Trp53,Mgmt,-1.0
Trp53,Mki67,1.0
Trp53,Mlh1,1.0
Trp53,Mmp2,1.0
Trp53,Mrpl27,1.0
Trp53,Msh2,1.0
Trp53,Myc,-1.0
Trp53,Ndrg1,1.0
Trp53,Nfatc4,-1.0
Trp53,Nhlh2,1.0
Trp53,Ninj1,1.0
Trp53,Nlrc4,1.0
Trp53,Nme1,1.0
Trp53,Nos2,-1.0
Trp53,Ogg1,1.0
Trp53,P2rx6,1.0
Trp53,Pax5,1.0
Trp53,Pcbp4,1.0
Trp53,Pcna,1.0
Trp53,Pdgfrb,1.0
Trp53,Peg3,1.0
Trp53,Perp,-1.0
Trp53,Pias3,-1.0
Trp53,Pidd1,1.0
Trp53,Plagl1,1.0
Trp53,Plk1,-1.0
Trp53,Plk2,1.0
Trp53,Plk3,1.0
Trp53,Pmaip1,1.0
Trp53,Pml,1.0
Trp53,Pold1,1.0
Trp53,Ppm1d,1.0
Trp53,Ppm1j,1.0
Trp53,Prdm1,1.0
Trp53,Prg3,1.0
Trp53,Prkab1,1.0
Trp53,Prodh,1.0
Trp53,Pten,-1.0
Trp53,Ptpa,-1.0
Trp53,Ptpn13,1.0
Trp53,Pttg1,1.0
Trp53,Pycard,1.0
Trp53,Rabggta,1.0
Trp53,Rad51,1.0
Trp53,Rad51b,1.0
Trp53,Rassf1,-1.0
Trp53,Rb1,-1.0
Trp53,Rchy1,1.0
Trp53,Rela,1.0
Trp53,Rhoa,1.0
Trp53,Rnf144b,1.0
Trp53,Rrm1,1.0
Trp53,Rrm2b,1.0
Trp53,S100a2,1.0
Trp53,S100b,-1.0
Trp53,Scn3b,1.0
Trp53,Serpinb5,1.0
Trp53,Serpine1,1.0
Trp53,Sertad1,1.0
Trp53,Sesn1,1.0
Trp53,Sesn2,1.0
Trp53,Sfn,1.0
Trp53,Sh2d1a,1.0
Trp53,Siah1a,1.0
Trp53,Siah1b,1.0
Trp53,Siva1,1.0
Trp53,Slc2a1,-1.0
Trp53,Slc6a6,-1.0
Trp53,Smpd3,1.0
Trp53,Sstr2,-1.0
Trp53,Stat1,1.0
Trp53,Stat3,-1.0
Trp53,Steap3,1.0
Trp53,Syk,1.0
Trp53,Tap1,1.0
Trp53,Tbc1d31,1.0
Trp53,Tbxas1,-1.0
Trp53,Tceal1,1.0
Trp53,Tcf7l2,-1.0
Trp53,Tent4a,1.0
Trp53,Tert,-1.0
Trp53,Tgfa,1.0
Trp53,Tgfb1,1.0
Trp53,Thbs1,1.0
Trp53,Triap1,1.0
Trp53,Trim75,1.0
Trp53,Trp53inp1,1.0
Trp53,Trp53tg5,1.0
Trp53,Trp63,-1.0
Trp53,Trp73,1.0
Trp53,Tsc2,1.0
Trp53,Tyms,-1.0
Trp53,Tyrp1,1.0
Trp53,Ube2l3,1.0
Trp53,Uhrf1,-1.0
Trp53,Vcan,1.0
Trp53,Vdr,1.0
Trp53,Vegfa,-1.0
Trp53,Wrn,-1.0
Trp53,Xpc,1.0
Trp53,Zmat3,1.0
Trp63,Cdkn1a,1.0
Trp63,Klf4,-1.0
Trp63,Ppara,1.0
Trp63,Sfn,1.0
Trp63,Tcf4,1.0
Trp63,Vdr,1.0
Trp63,2900026A02Rik,1.0
Trp63,Arntl,1.0
Trp63,Bhlhe40,1.0
Trp63,Foxn1,1.0
Trp63,Grb10,1.0
Trp63,Kctd1,1.0
Trp63,Rgs20,1.0
Trp63,Serpinb5,1.0
Trp63,Syn3,1.0
Trp63,Thsd4,1.0
Trp63,Trp73,1.0
Trp63,Vav3,1.0
Trp63,Zfp750,1.0
Trp73,Cables1,1.0
Trp73,Cdk1,1.0
Trp73,Cdkn1a,1.0
Trp73,Mdm2,1.0
Trp73,Pmaip1,1.0
Trp73,Tert,-1.0
Trp73,Adgrv1,1.0
Trp73,Hipk2,1.0
Trp73,Abca13,1.0
Trp73,Adgrg1,1.0
Trp73,Carmil1,1.0
Trp73,Ccdc88c,1.0
Trp73,Cep68,1.0
Trp73,Clip1,1.0
Trp73,Dgkz,1.0
Trp73,Fhod3,1.0
Trp73,Foxk2,1.0
Trp73,Frmd6,1.0
Trp73,Kcnj15,1.0
Trp73,Lgr6,1.0
Trp73,Mdm4,1.0
Trp73,Megf6,1.0
Trp73,Mvb12b,1.0
Trp73,Myo5a,1.0
Trp73,Ndst1,1.0
Trp73,Osbpl9,1.0
Trp73,Plac8,1.0
Trp73,Pou2af1,1.0
Trp73,Rapgef4,1.0
Trp73,Rbm47,1.0
Trp73,Rin3,1.0
Trp73,Sash1,1.0
Trp73,Sbf2,1.0
Trp73,Spidr,1.0
Trp73,Syne1,1.0
Trp73,Tcf4,1.0
Trp73,Tle4,1.0
Trp73,Trp53,1.0
Trp73,Ubash3b,1.0
Trp73,Vac14,1.0
Trp73,Vav3,1.0
Twist1,Akt2,1.0
Twist1,Cdh1,-1.0
Twist1,Cdkn1a,1.0
Twist1,Esr1,-1.0
Twist1,Fos,1.0
Twist1,Gli1,1.0
Twist1,Mdm2,1.0
Twist1,Mmp2,1.0
Twist1,Nr2f1,1.0
Twist1,Srpx,-1.0
Twist1,Timp1,-1.0
Twist1,Vegfa,1.0
Usf1,Abca1,1.0
Usf1,Apc,1.0
Usf1,Apex1,1.0
Usf1,Apoa2,1.0
Usf1,Apoa5,1.0
Usf1,Apoc3,1.0
Usf1,B2m,1.0
Usf1,Brca2,1.0
Usf1,Ccnb1,1.0
Usf1,Cd2,1.0
Usf1,Cdk4,1.0
Usf1,Cebpa,1.0
Usf1,Ciita,1.0
Usf1,Ctsb,1.0
Usf1,Ctsd,1.0
Usf1,Cxcr4,1.0
Usf1,Cyp19a1,-1.0
Usf1,Cyp1a1,-1.0
Usf1,Cyp1a2,1.0
Usf1,Fasn,1.0
Usf1,Fbp1,1.0
Usf1,Fcer1a,1.0
Usf1,Fmr1,1.0
Usf1,Gata5,1.0
Usf1,Gck,1.0
Usf1,Hmox1,1.0
Usf1,Hoxb4,1.0
Usf1,Hoxb7,1.0
Usf1,Id4,1.0
Usf1,Ifng,1.0
Usf1,Isg20,1.0
Usf1,Lipc,1.0
Usf1,Myh9,1.0
Usf1,Nup188,1.0
Usf1,Ogn,1.0
Usf1,P4ha1,1.0
Usf1,Pigr,1.0
Usf1,Pklr,1.0
Usf1,Ptgds,1.0
Usf1,Ptgs2,-1.0
Usf1,Ptpn6,1.0
Usf1,S100a6,1.0
Usf1,Serbp1,1.0
Usf1,Serpine1,1.0
Usf1,Sf1,1.0
Usf1,Slc19a1,1.0
Usf1,Slc1a3,1.0
Usf1,Slc22a2,1.0
Usf1,Tcn2,1.0
Usf1,Tert,1.0
Usf1,Tgfb1,1.0
Usf1,Tgfb2,1.0
Usf1,Top3a,1.0
Usf1,Trim25,1.0
Usf1,Tyms,1.0
Usf2,Abca1,1.0
Usf2,Apc,1.0
Usf2,Apoa2,1.0
Usf2,Atp5a1,1.0
Usf2,B2m,1.0
Usf2,Brca1,1.0
Usf2,Brca2,1.0
Usf2,Cd2,1.0
Usf2,Ctsb,1.0
Usf2,Ctsd,1.0
Usf2,Cxcr4,1.0
Usf2,Cyp19a1,-1.0
Usf2,Cyp1a2,1.0
Usf2,Fbp1,1.0
Usf2,Fcer1a,1.0
Usf2,Fmr1,1.0
Usf2,Hmox1,1.0
Usf2,Hoxb4,1.0
Usf2,Igf2r,1.0
Usf2,Lipc,1.0
Usf2,Myh9,1.0
Usf2,P4ha1,1.0
Usf2,Pdx1,1.0
Usf2,Pigr,1.0
Usf2,Pklr,1.0
Usf2,Ptgs2,1.0
Usf2,Ptpn6,1.0
Usf2,Sf1,1.0
Usf2,Slc19a1,1.0
Usf2,Tcn2,1.0
Usf2,Tert,1.0
Usf2,Tgfb1,1.0
Usf2,Tgfb2,1.0
Usf2,Thbs1,1.0
Usf2,Top3a,1.0
Vdr,Amh,1.0
Vdr,Asap2,1.0
Vdr,Bglap,1.0
Vdr,Bglap2,1.0
Vdr,Bglap3,1.0
Vdr,Bhlhe40,1.0
Vdr,Calb1,1.0
Vdr,Camp,1.0
Vdr,Cdh1,1.0
Vdr,Cdkn1a,1.0
Vdr,Cdkn1b,1.0
Vdr,Cyp24a1,1.0
Vdr,Cyp7a1,-1.0
Vdr,Ddit4,1.0
Vdr,Egfr,-1.0
Vdr,Ell,1.0
Vdr,Hoxa10,1.0
Vdr,Igfbp3,-1.0
Vdr,Il10,-1.0
Vdr,Il12b,-1.0
Vdr,Pld1,1.0
Vdr,Podxl,1.0
Vdr,Pth,-1.0
Vdr,Ptk2b,1.0
Vdr,Trpv6,1.0
Wt1,Abcb1a,1.0
Wt1,Abcb1b,1.0
Wt1,Amh,1.0
Wt1,Ar,-1.0
Wt1,Bcl2,1.0
Wt1,Ccn2,1.0
Wt1,Ccn3,1.0
Wt1,Cdh1,-1.0
Wt1,Cdkn1a,1.0
Wt1,Ciao1,-1.0
Wt1,Egfr,-1.0
Wt1,Ets1,1.0
Wt1,Igf1,-1.0
Wt1,Igf1r,-1.0
Wt1,Igf2,-1.0
Wt1,Il2rb,1.0
Wt1,Myb,-1.0
Wt1,Myc,-1.0
Wt1,Mycn,-1.0
Wt1,Nphs1,1.0
Wt1,Nr5a1,1.0
Wt1,Odc1,1.0
Wt1,Pax2,-1.0
Wt1,Pdgfa,-1.0
Wt1,Podxl,1.0
Wt1,Smad3,1.0
Wt1,Tbxa2r,-1.0
Wt1,Tert,-1.0
Wt1,Thbs1,1.0
Wt1,Ube2i,-1.0
Wt1,Vdr,1.0
Wt1,Wtap,1.0
Xbp1,Amotl1,1.0
Xbp1,Cacnb2,1.0
Xbp1,Ctnna1,1.0
Xbp1,Dock1,1.0
Xbp1,Dtna,1.0
Xbp1,Fancc,1.0
Xbp1,Frmd4b,1.0
Xbp1,Jcad,1.0
Xbp1,Myt1l,1.0
Xbp1,Prnp,1.0
Xbp1,Prpf31,1.0
Xbp1,Rapgef4,1.0
Xbp1,Runx1,1.0
Xbp1,Snd1,1.0
Xbp1,Spef2,1.0
Xbp1,Zzef1,1.0
Yy1,Actr5,1.0
Yy1,Ada,1.0
Yy1,Afg1l,-1.0
Yy1,Aph1a,1.0
Yy1,Atp13a1,-1.0
Yy1,Atxn10,1.0
Yy1,Ccdc43,1.0
Yy1,Cdk5rap2,1.0
Yy1,Coq5,1.0
Yy1,Coq9,1.0
Yy1,Cpsf2,1.0
Yy1,Crebbp,-1.0
Yy1,Ctcf,1.0
Yy1,Cxcr4,-1.0
Yy1,Dek,1.0
Yy1,Dlg1,1.0
Yy1,Dnaja3,-1.0
Yy1,Dnajb4,1.0
Yy1,Egfr,1.0
Yy1,Ep300,1.0
Yy1,Epas1,-1.0
Yy1,Erbb2,1.0
Yy1,Fas,-1.0
Yy1,Fdps,-1.0
Yy1,Fgfr1op,-1.0
Yy1,Hacd2,1.0
Yy1,Hcfc1,1.0
Yy1,Hnrnpl,-1.0
Yy1,Hsf1,1.0
Yy1,Hspa5,1.0
Yy1,Ifnb1,-1.0
Yy1,Il5,1.0
Yy1,Irak1,-1.0
Yy1,Kat6a,-1.0
Yy1,Ldlr,-1.0
Yy1,Lss,1.0
Yy1,Manf,1.0
Yy1,Micu2,-1.0
Yy1,Mkln1,-1.0
Yy1,Mrpl46,1.0
Yy1,Mrps10,-1.0
Yy1,Mrps18b,-1.0
Yy1,Mrps24,1.0
Yy1,Myc,1.0
Yy1,Nars,1.0
Yy1,Nos2,1.0
Yy1,Nr3c1,1.0
Yy1,Oprm1,1.0
Yy1,Pak4,1.0
Yy1,Pbdc1,-1.0
Yy1,Ppp2r1a,-1.0
Yy1,Prdm2,1.0
Yy1,Psmd8,-1.0
Yy1,Ptpa,1.0
Yy1,Rab3gap1,1.0
Yy1,Ranbp10,-1.0
Yy1,Raver1,-1.0
Yy1,Rnf26,1.0
Yy1,Rnf40,1.0
Yy1,Rprd2,-1.0
Yy1,Snx27,-1.0
Yy1,Spns1,-1.0
Yy1,Srp68,-1.0
Yy1,Top3a,1.0
Yy1,Trp53,1.0
Yy1,Trp73,1.0
Yy1,Ttc17,-1.0
Yy1,Wdr82,1.0
Zbtb11,Adam17,1.0
Zbtb11,Ap1ar,1.0
Zbtb11,Azin1,1.0
Zbtb11,Cept1,1.0
Zbtb11,Cggbp1,1.0
Zbtb11,Elk4,1.0
Zbtb11,Erbin,1.0
Zbtb11,Fbxo28,1.0
Zbtb11,Gabpa,1.0
Zbtb11,Gna13,1.0
Zbtb11,Gtf3c3,1.0
Zbtb11,Kdm5a,1.0
Zbtb11,Ppp1r15b,1.0
Zbtb11,Ro60,1.0
Zbtb11,Sec22b,1.0
Zbtb11,Ube2d3,1.0
Zbtb11,Uchl5,1.0
Zbtb11,Uspl1,1.0
Zbtb11,Vcpip1,1.0
Zbtb11,Yy1,1.0
Zbtb11,Zfp131,1.0
Zbtb33,Cul3,1.0
Zbtb33,Gtf2a1,1.0
Zbtb33,Ireb2,1.0
Zbtb33,Lsm14a,1.0
Zbtb33,Nanp,1.0
Zbtb33,Pura,1.0
Zbtb33,Rbm15,1.0
Zbtb33,Rmi1,1.0
Zbtb33,Slc39a9,1.0
Zbtb33,Ube2d3,1.0
Zbtb33,Yod1,1.0
Zbtb33,Zzz3,1.0
Zbtb7a,Pfkp,-1.0
Zbtb7a,Pnpla6,-1.0
Zbtb7a,Septin9,-1.0
Zbtb7a,Abr,-1.0
Zbtb7a,Acap3,-1.0
Zbtb7a,Actb,-1.0
Zbtb7a,Adam8,-1.0
Zbtb7a,Agrn,-1.0
Zbtb7a,Ahdc1,-1.0
Zbtb7a,Akt1,-1.0
Zbtb7a,Ap3d1,-1.0
Zbtb7a,Arhgap23,-1.0
Zbtb7a,Arhgap45,-1.0
Zbtb7a,Aspscr1,-1.0
Zbtb7a,Atp2b2,-1.0
Zbtb7a,Baiap3,-1.0
Zbtb7a,Bcar1,-1.0
Zbtb7a,Bcl9l,-1.0
Zbtb7a,Bcr,-1.0
Zbtb7a,Bhlhe40,-1.0
Zbtb7a,C77080,-1.0
Zbtb7a,Cdc42bpg,-1.0
Zbtb7a,Cdc42ep4,-1.0
Zbtb7a,Cic,-1.0
Zbtb7a,Comt,-1.0
Zbtb7a,Cux1,-1.0
Zbtb7a,Dab2ip,-1.0
Zbtb7a,Dnmt3a,-1.0
Zbtb7a,Ece1,-1.0
Zbtb7a,Efna2,-1.0
Zbtb7a,Ehd1,-1.0
Zbtb7a,Eml2,-1.0
Zbtb7a,Eps8l2,-1.0
Zbtb7a,Fam129b,-1.0
Zbtb7a,Fbxl16,-1.0
Zbtb7a,Fmnl1,-1.0
Zbtb7a,Gatad2a,-1.0
Zbtb7a,Hs6st1,-1.0
Zbtb7a,Igf2bp1,-1.0
Zbtb7a,Kazn,-1.0
Zbtb7a,Khsrp,-1.0
Zbtb7a,Krt8,-1.0
Zbtb7a,Lama5,-1.0
Zbtb7a,Lmna,-1.0
Zbtb7a,Ltbp3,-1.0
Zbtb7a,Mark4,-1.0
Zbtb7a,Metrnl,-1.0
Zbtb7a,Mgrn1,-1.0
Zbtb7a,Mknk2,-1.0
Zbtb7a,Mnt,-1.0
Zbtb7a,Msln,-1.0
Zbtb7a,Mxra8,-1.0
Zbtb7a,Nacc2,-1.0
Zbtb7a,Ncor2,-1.0
Zbtb7a,Ndrg2,-1.0
Zbtb7a,Nfic,-1.0
Zbtb7a,Notch1,-1.0
Zbtb7a,Npas1,-1.0
Zbtb7a,Nr2f6,-1.0
Zbtb7a,Obsl1,-1.0
Zbtb7a,Palm,-1.0
Zbtb7a,Pcbp1,-1.0
Zbtb7a,Pcdh1,-1.0
Zbtb7a,Pdgfb,-1.0
Zbtb7a,Pias4,-1.0
Zbtb7a,Piezo1,-1.0
Zbtb7a,Plec,-1.0
Zbtb7a,Plxnb2,-1.0
Zbtb7a,Ppp1r9b,-1.0
Zbtb7a,Ptbp1,-1.0
Zbtb7a,Ptch1,-1.0
Zbtb7a,Pwwp2b,-1.0
Zbtb7a,Rai1,-1.0
Zbtb7a,Rnf220,-1.0
Zbtb7a,Rxra,-1.0
Zbtb7a,Sigirr,-1.0
Zbtb7a,Ski,-1.0
Zbtb7a,Slc19a1,-1.0
Zbtb7a,Slc22a23,-1.0
Zbtb7a,Src,-1.0
Zbtb7a,Srcin1,-1.0
Zbtb7a,Stat6,-1.0
Zbtb7a,Synpo,-1.0
Zbtb7a,Thra,-1.0
Zbtb7a,Tle5,-1.0
Zbtb7a,Trim8,-1.0
Zbtb7a,Zbtb7b,-1.0
Zbtb7a,Zfpm1,-1.0
Zeb1,Ar,-1.0
Zeb1,Cdh1,-1.0
Zeb1,Grhl2,-1.0
Zeb1,Itgb4,-1.0
Zeb1,Lamc2,-1.0
Zeb1,Pkp3,-1.0
Zeb1,Csrp1,-1.0
Zeb1,Flna,-1.0
Zeb1,Itgb1,-1.0
Zeb1,Lad1,-1.0
Zeb1,Phldb1,-1.0
Zeb1,Pxn,-1.0
Zeb1,Slc25a10,-1.0
Zeb1,Tecr,-1.0
Zeb2,Cdh1,-1.0
Zeb2,Meox2,-1.0
Zeb2,Vim,1.0
Zeb2,Acvr1,-1.0
Zeb2,Adgrb3,-1.0
Zeb2,Anxa4,-1.0
Zeb2,Arhgef2,-1.0
Zeb2,Asap1,-1.0
Zeb2,Atp2b4,-1.0
Zeb2,Cped1,-1.0
Zeb2,Creb3l2,-1.0
Zeb2,Creg1,-1.0
Zeb2,Dennd1a,-1.0
Zeb2,Dmxl2,-1.0
Zeb2,Dock11,-1.0
Zeb2,Epb41l2,-1.0
Zeb2,Fndc3b,-1.0
Zeb2,Fyn,-1.0
Zeb2,Gab2,-1.0
Zeb2,Gtdc1,-1.0
Zeb2,Hip1,-1.0
Zeb2,Ikzf1,-1.0
Zeb2,Itpr1,-1.0
Zeb2,Lhfpl2,-1.0
Zeb2,Lims1,-1.0
Zeb2,Ltbp1,-1.0
Zeb2,Ltbp4,-1.0
Zeb2,Map4,-1.0
Zeb2,Mbnl1,-1.0
Zeb2,Mef2c,-1.0
Zeb2,Nfia,-1.0
Zeb2,Nsmaf,-1.0
Zeb2,Picalm,-1.0
Zeb2,Pik3cg,-1.0
Zeb2,Pip4k2a,-1.0
Zeb2,Prkar2b,-1.0
Zeb2,Prkcb,-1.0
Zeb2,Qk,-1.0
Zeb2,Rab31,-1.0
Zeb2,Rab8b,-1.0
Zeb2,Reln,-1.0
Zeb2,Scn9a,-1.0
Zeb2,Sertad2,-1.0
Zeb2,Sgms1,-1.0
Zeb2,Sox6,-1.0
Zeb2,Sptbn1,-1.0
Zeb2,St3gal2,-1.0
Zeb2,Susd1,-1.0
Zeb2,Tbc1d5,-1.0
Zeb2,Tbl1xr1,-1.0
Zeb2,Tcf4,-1.0
Zeb2,Utrn,-1.0
Zeb2,Zfpm2,-1.0
Zfp110,Cacna1d,-1.0
Zfp110,Nat1,-1.0
Zfp110,Nat2,-1.0
Zfp110,Nat3,-1.0
Zfp110,Slc25a37,-1.0
Zfp110,Tjp2,-1.0
Zfp110,Tnfaip8,-1.0
Zfp110,Zfp12,-1.0
Zfp110,Zfp263,-1.0
Zfp110,Zfp317,-1.0
Zfp110,Zfp397,-1.0
Zfp110,Zfp560,-1.0
Zfp110,Zscan18,-1.0
Zfp143,Esco2,1.0
Zfp143,Cdyl,1.0
Zfp143,Cep162,1.0
Zfp143,Ctif,1.0
Zfp143,Dennd1a,1.0
Zfp143,Dgki,1.0
Zfp143,Dip2c,1.0
Zfp143,Dlg4,1.0
Zfp143,Dnajb6,1.0
Zfp143,Dock4,1.0
Zfp143,Dpysl5,1.0
Zfp143,Elmsan1,1.0
Zfp143,Fbxl19,1.0
Zfp143,Fndc3b,1.0
Zfp143,Frmd4a,1.0
Zfp143,Fto,1.0
Zfp143,Gatad2a,1.0
Zfp143,Itpr1,1.0
Zfp143,Kcnn3,1.0
Zfp143,Lmna,1.0
Zfp143,Map4k4,1.0
Zfp143,Med13l,1.0
Zfp143,Mgrn1,1.0
Zfp143,Mrps22,1.0
Zfp143,Msi2,1.0
Zfp143,Ncoa1,1.0
Zfp143,Nucb1,1.0
Zfp143,Osbp2,1.0
Zfp143,Pacrg,1.0
Zfp143,Pard3,1.0
Zfp143,Pcbp1,1.0
Zfp143,Pde4a,1.0
Zfp143,Plec,1.0
Zfp143,Pnpla6,1.0
Zfp143,Prdm11,1.0
Zfp143,Prkce,1.0
Zfp143,Prkn,1.0
Zfp143,Prpf31,1.0
Zfp143,Rabgap1l,1.0
Zfp143,Rptor,1.0
Zfp143,Slc38a1,1.0
Zfp143,Sptbn1,1.0
Zfp143,Syn3,1.0
Zfp143,Taldo1,1.0
Zfp143,Tarbp1,1.0
Zfp143,Tpd52l1,1.0
Zfp143,Usp7,1.0
Zfp143,Vamp7,1.0
Zfp143,Vasp,1.0
Zfp143,Wwc1,1.0
Zfp143,Zmiz1,1.0
Zfp217,Arid5b,1.0
Zfp217,Cemip2,1.0
Zfp217,Fmn1,1.0
Zfp217,Fndc3b,1.0
Zfp217,Il1r1,1.0
Zfp217,Iqgap1,1.0
Zfp217,Osbpl8,1.0
Zfp217,Serinc5,1.0
Zfp217,Tet3,1.0
Zfp217,Usp32,1.0
Zfp217,Vav3,1.0
Zfp24,Adck1,-1.0
Zfp24,Akap9,-1.0
Zfp24,Clec16a,-1.0
Zfp24,Crtc1,-1.0
Zfp24,Csmd2,-1.0
Zfp24,Dnajc6,-1.0
Zfp24,Fcho1,-1.0
Zfp24,Kcnb1,-1.0
Zfp24,Muc4,-1.0
Zfp24,Ncs1,-1.0
Zfp24,Otud3,-1.0
Zfp24,Rb1cc1,-1.0
Zfp24,Sgk1,-1.0
Zfp24,Snx8,-1.0
Zfp24,Sult2b1,-1.0
Zfp24,Tbxas1,-1.0
Zfp24,Trpv4,-1.0
Zfp24,Usp31,-1.0
Zfp24,Zfp131,-1.0
Zfp263,6430548M08Rik,-1.0
Zfp263,Aatk,-1.0
Zfp263,Abca7,-1.0
Zfp263,Abr,-1.0
Zfp263,Acot7,-1.0
Zfp263,Acsf3,-1.0
Zfp263,Actrt2,-1.0
Zfp263,Adcy3,-1.0
Zfp263,Adgrb1,-1.0
Zfp263,Adgrd1,-1.0
Zfp263,Adgrg1,-1.0
Zfp263,Agap1,-1.0
Zfp263,Agap3,-1.0
Zfp263,Agpat2,-1.0
Zfp263,Agpat3,-1.0
Zfp263,Agrn,-1.0
Zfp263,Ahdc1,-1.0
Zfp263,Akt2,-1.0
Zfp263,Ank1,-1.0
Zfp263,Ankrd11,-1.0
Zfp263,Ano7,-1.0
Zfp263,Ap2a2,-1.0
Zfp263,Apba2,-1.0
Zfp263,Arap1,-1.0
Zfp263,Arhgap22,-1.0
Zfp263,Arhgap23,-1.0
Zfp263,Arhgef1,-1.0
Zfp263,Arhgef16,-1.0
Zfp263,Arhgef17,-1.0
Zfp263,Arid1b,-1.0
Zfp263,Asap1,-1.0
Zfp263,Asap2,-1.0
Zfp263,Ass1,-1.0
Zfp263,Atp11a,-1.0
Zfp263,Atp2b2,-1.0
Zfp263,Bahcc1,-1.0
Zfp263,Baiap2,-1.0
Zfp263,Bcor,-1.0
Zfp263,Bcr,-1.0
Zfp263,Bin1,-1.0
Zfp263,C2cd2,-1.0
Zfp263,C77080,-1.0
Zfp263,Cacna1a,-1.0
Zfp263,Cacna1i,-1.0
Zfp263,Camk2b,-1.0
Zfp263,Cbfa2t3,-1.0
Zfp263,Cbx8,-1.0
Zfp263,Ccny,-1.0
Zfp263,Cdc42ep4,-1.0
Zfp263,Cdh22,-1.0
Zfp263,Cdh23,-1.0
Zfp263,Cfap46,-1.0
Zfp263,Chd5,-1.0
Zfp263,Chst8,-1.0
Zfp263,Clip2,-1.0
Zfp263,Col13a1,-1.0
Zfp263,Col16a1,-1.0
Zfp263,Col18a1,-1.0
Zfp263,Col26a1,-1.0
Zfp263,Col27a1,-1.0
Zfp263,Cpne5,-1.0
Zfp263,Crtc1,-1.0
Zfp263,Csnk1d,-1.0
Zfp263,Ctnna1,-1.0
Zfp263,Cux1,-1.0
Zfp263,Cux2,-1.0
Zfp263,Cxxc5,-1.0
Zfp263,Dcakd,-1.0
Zfp263,Dennd1a,-1.0
Zfp263,Dgcr8,-1.0
Zfp263,Dgkz,-1.0
Zfp263,Dip2c,-1.0
Zfp263,Disp3,-1.0
Zfp263,Dlg5,-1.0
Zfp263,Dlgap4,-1.0
Zfp263,Dnah17,-1.0
Zfp263,Dnajb12,-1.0
Zfp263,Dnajb6,-1.0
Zfp263,Dnm1,-1.0
Zfp263,Dpp6,-1.0
Zfp263,Dysf,-1.0
Zfp263,Ehd1,-1.0
Zfp263,Ell,-1.0
Zfp263,Epb41l1,-1.0
Zfp263,Epha2,-1.0
Zfp263,Ephb2,-1.0
Zfp263,Ephb4,-1.0
Zfp263,Ergic1,-1.0
Zfp263,Fads2,-1.0
Zfp263,Fam102a,-1.0
Zfp263,Fam178b,-1.0
Zfp263,Fam78a,-1.0
Zfp263,Fbln2,-1.0
Zfp263,Fbrs,-1.0
Zfp263,Fbrsl1,-1.0
Zfp263,Fgfr3,-1.0
Zfp263,Fibcd1,-1.0
Zfp263,Flnc,-1.0
Zfp263,Ftcd,-1.0
Zfp263,Gabbr2,-1.0
Zfp263,Gak,-1.0
Zfp263,Gli2,-1.0
Zfp263,Gnao1,-1.0
Zfp263,Gnaz,-1.0
Zfp263,Grin1,-1.0
Zfp263,Grip2,-1.0
Zfp263,Grm4,-1.0
Zfp263,Gse1,-1.0
Zfp263,Gsn,-1.0
Zfp263,Hdac4,-1.0
Zfp263,Hdac5,-1.0
Zfp263,Hk1,-1.0
Zfp263,Hpcal1,-1.0
Zfp263,Hspg2,-1.0
Zfp263,Igf1r,-1.0
Zfp263,Igsf21,-1.0
Zfp263,Iqsec1,-1.0
Zfp263,Iqsec2,-1.0
Zfp263,Itgb2,-1.0
Zfp263,Itpk1,-1.0
Zfp263,Itpkb,-1.0
Zfp263,Itpr1,-1.0
Zfp263,Kcnab2,-1.0
Zfp263,Kcnh2,-1.0
Zfp263,Kcnn3,-1.0
Zfp263,Kcnq1,-1.0
Zfp263,Kcnq2,-1.0
Zfp263,Kcp,-1.0
Zfp263,Kdm2b,-1.0
Zfp263,Kif1a,-1.0
Zfp263,Klhl29,-1.0
Zfp263,Ksr1,-1.0
Zfp263,Lama5,-1.0
Zfp263,Lamc3,-1.0
Zfp263,Ldlrap1,-1.0
Zfp263,Lgr6,-1.0
Zfp263,Lhfpl2,-1.0
Zfp263,Lhx3,-1.0
Zfp263,Lingo1,-1.0
Zfp263,Lmna,-1.0
Zfp263,Lpcat1,-1.0
Zfp263,Ltbp3,-1.0
Zfp263,Ltbp4,-1.0
Zfp263,Macf1,-1.0
Zfp263,Mad1l1,-1.0
Zfp263,Map2k2,-1.0
Zfp263,Mcf2l,-1.0
Zfp263,Mdga1,-1.0
Zfp263,Med15,-1.0
Zfp263,Megf11,-1.0
Zfp263,Megf6,-1.0
Zfp263,Mgat3,-1.0
Zfp263,Mical3,-1.0
Zfp263,Micall2,-1.0
Zfp263,Mknk2,-1.0
Zfp263,Mlxipl,-1.0
Zfp263,Msi2,-1.0
Zfp263,Mtcl1,-1.0
Zfp263,Myo15b,-1.0
Zfp263,Myo18a,-1.0
Zfp263,Myo7a,-1.0
Zfp263,Myom3,-1.0
Zfp263,Myt1l,-1.0
Zfp263,Nacc2,-1.0
Zfp263,Nadk,-1.0
Zfp263,Ncor2,-1.0
Zfp263,Ncs1,-1.0
Zfp263,Ndst1,-1.0
Zfp263,Nedd4l,-1.0
Zfp263,Nfasc,-1.0
Zfp263,Nfic,-1.0
Zfp263,Nfix,-1.0
Zfp263,Nol4l,-1.0
Zfp263,Notch1,-1.0
Zfp263,Nrxn2,-1.0
Zfp263,Ntng2,-1.0
Zfp263,Ntrk1,-1.0
Zfp263,Nup210,-1.0
Zfp263,Obscn,-1.0
Zfp263,Osbpl5,-1.0
Zfp263,Pacsin1,-1.0
Zfp263,Pcbp3,-1.0
Zfp263,Pcsk6,-1.0
Zfp263,Pde2a,-1.0
Zfp263,Pdgfrb,-1.0
Zfp263,Pdxk,-1.0
Zfp263,Pfkl,-1.0
Zfp263,Pfkp,-1.0
Zfp263,Pgbd5,-1.0
Zfp263,Pi4ka,-1.0
Zfp263,Piezo1,-1.0
Zfp263,Pip5k1c,-1.0
Zfp263,Pitpnm2,-1.0
Zfp263,Pitpnm3,-1.0
Zfp263,Pla2g6,-1.0
Zfp263,Plcg2,-1.0
Zfp263,Plch2,-1.0
Zfp263,Plec,-1.0
Zfp263,Plekhg5,-1.0
Zfp263,Plxna2,-1.0
Zfp263,Plxnd1,-1.0
Zfp263,Pnpla7,-1.0
Zfp263,Pole,-1.0
Zfp263,Por,-1.0
Zfp263,Ppargc1b,-1.0
Zfp263,Ppil2,-1.0
Zfp263,Ppm1f,-1.0
Zfp263,Pqlc2,-1.0
Zfp263,Prdm16,-1.0
Zfp263,Prkag2,-1.0
Zfp263,Prkar1b,-1.0
Zfp263,Prkce,-1.0
Zfp263,Prkcz,-1.0
Zfp263,Prr5,-1.0
Zfp263,Psd4,-1.0
Zfp263,Ptk7,-1.0
Zfp263,Ptprf,-1.0
Zfp263,Ptpru,-1.0
Zfp263,Pxn,-1.0
Zfp263,Rab11fip3,-1.0
Zfp263,Radil,-1.0
Zfp263,Ralgds,-1.0
Zfp263,Ralgps1,-1.0
Zfp263,Rap1gap,-1.0
Zfp263,Rasgef1a,-1.0
Zfp263,Rbfox3,-1.0
Zfp263,Rbm19,-1.0
Zfp263,Ret,-1.0
Zfp263,Rgs12,-1.0
Zfp263,Rgs3,-1.0
Zfp263,Rnf220,-1.0
Zfp263,Ror2,-1.0
Zfp263,Rph3al,-1.0
Zfp263,Rps6ka1,-1.0
Zfp263,Rps6ka2,-1.0
Zfp263,Rptor,-1.0
Zfp263,Rtn4r,-1.0
Zfp263,Runx1,-1.0
Zfp263,Rxra,-1.0
Zfp263,Ryr1,-1.0
Zfp263,Sardh,-1.0
Zfp263,Sbno2,-1.0
Zfp263,Scarb1,-1.0
Zfp263,Sdc3,-1.0
Zfp263,Sdk2,-1.0
Zfp263,Sec14l1,-1.0
Zfp263,Septin9,-1.0
Zfp263,Sh3tc1,-1.0
Zfp263,Ski,-1.0
Zfp263,Slc12a7,-1.0
Zfp263,Slc22a23,-1.0
Zfp263,Slc25a10,-1.0
Zfp263,Slc38a10,-1.0
Zfp263,Slc6a18,-1.0
Zfp263,Slc6a6,-1.0
Zfp263,Slc9a1,-1.0
Zfp263,Smad3,-1.0
Zfp263,Smad7,-1.0
Zfp263,Smarcd3,-1.0
Zfp263,Smoc2,-1.0
Zfp263,Snd1,-1.0
Zfp263,Soga1,-1.0
Zfp263,Sorcs2,-1.0
Zfp263,Speg,-1.0
Zfp263,Spsb1,-1.0
Zfp263,Src,-1.0
Zfp263,Ssbp3,-1.0
Zfp263,Stk32c,-1.0
Zfp263,Stx1a,-1.0
Zfp263,Synj2,-1.0
Zfp263,Synpo,-1.0
Zfp263,Tacc2,-1.0
Zfp263,Tacc3,-1.0
Zfp263,Tango2,-1.0
Zfp263,Tbcd,-1.0
Zfp263,Tbx1,-1.0
Zfp263,Tcerg1l,-1.0
Zfp263,Tcf3,-1.0
Zfp263,Tescl,-1.0
Zfp263,Tfeb,-1.0
Zfp263,Tle3,-1.0
Zfp263,Tmem132b,-1.0
Zfp263,Tmem201,-1.0
Zfp263,Tns1,-1.0
Zfp263,Tns3,-1.0
Zfp263,Top3b,-1.0
Zfp263,Trappc9,-1.0
Zfp263,Trio,-1.0
Zfp263,Trp73,-1.0
Zfp263,Ttc7,-1.0
Zfp263,Ttyh3,-1.0
Zfp263,Txnrd2,-1.0
Zfp263,Ubac1,-1.0
Zfp263,Unc5a,-1.0
Zfp263,Vav2,-1.0
Zfp263,Wdr86,-1.0
Zfp263,Wnk2,-1.0
Zfp263,Wnt4,-1.0
Zfp263,Wnt7a,-1.0
Zfp263,Xxylt1,-1.0
Zfp263,Yeats2,-1.0
Zfp263,Zbtb16,-1.0
Zfp263,Zbtb7c,-1.0
Zfp263,Zc3h18,-1.0
Zfp263,Zfp469,-1.0
Zfp263,Zfp608,-1.0
Zfp263,Zfyve28,-1.0
Zfp263,Zmiz1,-1.0
Zfp369,Cacna1d,-1.0
Zfp369,Nat1,-1.0
Zfp369,Nat2,-1.0
Zfp369,Nat3,-1.0
Zfp369,Slc25a37,-1.0
Zfp369,Tjp2,-1.0
Zfp369,Tnfaip8,-1.0
Zfp369,Zfp12,-1.0
Zfp369,Zfp263,-1.0
Zfp369,Zfp317,-1.0
Zfp369,Zfp397,-1.0
Zfp369,Zfp560,-1.0
Zfp369,Zscan18,-1.0
Zfp384,Pank2,1.0
Zfp384,Ankrd11,1.0
Zfp384,Ap3d1,1.0
Zfp384,Arid1a,1.0
Zfp384,Atxn2,1.0
Zfp384,Brd4,1.0
Zfp384,Cacna1a,1.0
Zfp384,Cdkal1,1.0
Zfp384,Cnot1,1.0
Zfp384,Crebbp,1.0
Zfp384,Ctsb,1.0
Zfp384,Dennd5a,1.0
Zfp384,Dyrk1a,1.0
Zfp384,Egln3,1.0
Zfp384,Ehbp1,1.0
Zfp384,Eif4g3,1.0
Zfp384,Elf1,1.0
Zfp384,Etfbkmt,1.0
Zfp384,Fdft1,1.0
Zfp384,Flnb,1.0
Zfp384,Gon4l,1.0
Zfp384,Gtf2i,1.0
Zfp384,H13,1.0
Zfp384,Herpud1,1.0
Zfp384,Igf2bp3,1.0
Zfp384,Igf2r,1.0
Zfp384,Jmjd1c,1.0
Zfp384,Kansl1,1.0
Zfp384,Kdm4c,1.0
Zfp384,Keap1,1.0
Zfp384,Kpna6,1.0
Zfp384,Map4k4,1.0
Zfp384,Marf1,1.0
Zfp384,Med15,1.0
Zfp384,Meis2,1.0
Zfp384,Nde1,1.0
Zfp384,Nfat5,1.0
Zfp384,Nfix,1.0
Zfp384,Phactr4,1.0
Zfp384,Phf21a,1.0
Zfp384,Pi4ka,1.0
Zfp384,Prpf31,1.0
Zfp384,Prrc2b,1.0
Zfp384,Ptk2,1.0
Zfp384,Racgap1,1.0
Zfp384,Samd4,1.0
Zfp384,Septin9,1.0
Zfp384,Smad7,1.0
Zfp384,Sorbs1,1.0
Zfp384,Sox6,1.0
Zfp384,Spen,1.0
Zfp384,Srpk2,1.0
Zfp384,Taok3,1.0
Zfp384,Tbc1d14,1.0
Zfp384,Tcf4,1.0
Zfp384,Tgif1,1.0
Zfp384,Thrap3,1.0
Zfp384,Tle2,1.0
Zfp384,Tnrc18,1.0
Zfp384,Trappc9,1.0
Zfp384,Usp34,1.0
Zfp384,Usp7,1.0
Zfp384,Vegfa,1.0
Zfp384,Zmynd8,1.0
Zfp592,Ahdc1,1.0
Zfp592,Bcl9l,1.0
Zfp592,Fbxl18,1.0
Zfp592,Ftsj3,1.0
Zfp592,Lrrc41,1.0
Zfp592,Pcif1,1.0
Zfp592,Phf8,1.0
Zfp592,Prex1,1.0
Zfp592,Prpf8,1.0
Zfp592,Sart3,1.0
Zfp592,Strip1,1.0
Zfp592,Vps26c,1.0
Zfp592,Wipf2,1.0
Zfp592,Zfp646,1.0
Zfp639,Ahctf1,-1.0
Zfp639,Csde1,-1.0
Zfp639,Ctbs,-1.0
Zfp639,Dnm1l,-1.0
Zfp639,Epm2a,-1.0
Zfp639,Hipk3,-1.0
Zfp639,Hmgb1,-1.0
Zfp639,Mapk9,-1.0
Zfp639,Mef2a,-1.0
Zfp639,Mtdh,-1.0
Zfp639,Pds5b,-1.0
Zfp639,Phf10,-1.0
Zfp639,Ppp2r5c,-1.0
Zfp639,Ppp4r3a,-1.0
Zfp639,Ptp4a2,-1.0
Zfp639,Ptpn11,-1.0
Zfp639,Rheb,-1.0
Zfp639,Rnf38,-1.0
Zfp639,Ro60,-1.0
Zfp639,Samd8,-1.0
Zfp639,Sec22c,-1.0
Zfp639,Septin2,-1.0
Zfp639,Sin3a,-1.0
Zfp639,Slc30a5,-1.0
Zfp639,Ube3a,-1.0
Zfp639,Uri1,-1.0
Zfp639,Zc3h7a,-1.0
Zfp639,Zfp143,-1.0
Zfp639,Zzz3,-1.0
Zfp740,Mbd6,1.0
Zfp740,Setd1b,1.0
Zfp740,Adnp,1.0
Zfp740,Ankrd11,1.0
Zfp740,Brd2,1.0
Zfp740,Cirbp,1.0
Zfp740,Crebbp,1.0
Zfp740,Cux1,1.0
Zfp740,Dnmt1,1.0
Zfp740,Fbxl19,1.0
Zfp740,Hmga1,1.0
Zfp740,Hmga1b,1.0
Zfp740,Hmx3,1.0
Zfp740,Hnrnpl,1.0
Zfp740,Jup,1.0
Zfp740,Kdm2b,1.0
Zfp740,Larp1,1.0
Zfp740,Map1a,1.0
Zfp740,Mecp2,1.0
Zfp740,Mepce,1.0
Zfp740,Nfia,1.0
Zfp740,Nol4l,1.0
Zfp740,Pcbp4,1.0
Zfp740,Pdgfa,1.0
Zfp740,Ppfia3,1.0
Zfp740,Ppp2r1a,1.0
Zfp740,Prr12,1.0
Zfp740,Rhof,1.0
Zfp740,Taok1,1.0
Zfp740,Vapb,1.0
Zfp740,Wnk1,1.0
Zfp740,Zbtb7a,1.0
Zfp740,Zfp385a,1.0
Zfp740,Zfp512b,1.0
Zfp740,Zfp687,1.0
Zfp740,Zfp91,1.0
Zfx,Add1,1.0
Zfx,Anp32b,1.0
Zfx,Arid1b,1.0
Zfx,Ash2l,1.0
Zfx,Atg16l2,1.0
Zfx,Cars2,1.0
Zfx,Cdk13,1.0
Zfx,Celf1,1.0
Zfx,Cggbp1,1.0
Zfx,Creb1,1.0
Zfx,Ddx6,1.0
Zfx,Derl2,1.0
Zfx,Dgcr8,1.0
Zfx,Erbin,1.0
Zfx,Fbxl5,1.0
Zfx,Fchsd2,1.0
Zfx,Gabpa,1.0
Zfx,Hnrnpf,1.0
Zfx,Ifrd1,1.0
Zfx,Klhl21,1.0
Zfx,Man2a2,1.0
Zfx,Mcm7,1.0
Zfx,Mrpl36,1.0
Zfx,Msh6,1.0
Zfx,Myadm,1.0
Zfx,Myo1c,1.0
Zfx,Naa38,1.0
Zfx,Nelfa,1.0
Zfx,Nipbl,1.0
Zfx,Nsd2,1.0
Zfx,Nup210,1.0
Zfx,Pcgf5,1.0
Zfx,Phf12,1.0
Zfx,Pogk,1.0
Zfx,Pum2,1.0
Zfx,Qrich1,1.0
Zfx,Rbm33,1.0
Zfx,Rnf4,1.0
Zfx,Rpl22,1.0
Zfx,Sec22c,1.0
Zfx,Setd5,1.0
Zfx,Smad2,1.0
Zfx,Smchd1,1.0
Zfx,Tead3,1.0
Zfx,Tent4a,1.0
Zfx,Ube2d3,1.0
Zfx,Ubxn2a,1.0
Zfx,Usf2,1.0
Zfx,Usp37,1.0
Zfx,Zbtb7a,1.0
Zfx,Zfp143,1.0
Zfx,Zfp398,1.0
Zfx,Zmynd8,1.0
Zkscan1,Ablim2,1.0
Zkscan1,Actb,1.0
Zkscan1,Adgrg1,1.0
Zkscan1,Aldh3b1,1.0
Zkscan1,Arhgap22,1.0
Zkscan1,Arhgef19,1.0
Zkscan1,Baz2a,1.0
Zkscan1,Bicra,1.0
Zkscan1,Capzb,1.0
Zkscan1,Chd9,1.0
Zkscan1,Crb2,1.0
Zkscan1,Cyth1,1.0
Zkscan1,Dab2ip,1.0
Zkscan1,Egln3,1.0
Zkscan1,Elavl1,1.0
Zkscan1,Ephb4,1.0
Zkscan1,Epop,1.0
Zkscan1,Fam49b,1.0
Zkscan1,Fhad1,1.0
Zkscan1,Gabbr2,1.0
Zkscan1,Gas2l1,1.0
Zkscan1,Hook2,1.0
Zkscan1,Iqcg,1.0
Zkscan1,Ltbp3,1.0
Zkscan1,Med15,1.0
Zkscan1,Msi2,1.0
Zkscan1,Nfasc,1.0
Zkscan1,Pip5kl1,1.0
Zkscan1,Prr5,1.0
Zkscan1,Ptprf,1.0
Zkscan1,Rab11fip5,1.0
Zkscan1,Rai1,1.0
Zkscan1,Ralgds,1.0
Zkscan1,Rapgef3,1.0
Zkscan1,Rhod,1.0
Zkscan1,Ripor1,1.0
Zkscan1,Septin9,1.0
Zkscan1,Smox,1.0
Zkscan1,Spag9,1.0
Zkscan1,Sult2b1,1.0
Zkscan1,Ticam1,1.0
Zkscan1,Ttc7b,1.0
Zkscan1,Ube2l3,1.0
Zkscan1,Whrn,1.0
